"id","date","displayDateLabel","datePrecision","title","heading","dateline","type","chapter","selection","releaseStatus","pageCount","withdrawalSheetItemCount","withdrawalSheetPages","releasedInPartSheetCount","extentLabel","classification","naid","localId","sourceNoteStatus","sourceNoteBasis","archivalLocator","topics","notes","withdrawalMetadataNote","markerMismatchNote","withdrawalInventory","catalogUrl","pdfUrl"
"deal-reiss-452050387","1989-01-01","1989 (mixed internal dates)","year","Economic Summit, Miscellaneous 1989 [1]","Timothy E. Deal and Mitchell B. Reiss Economic Summit File: Economic Summit, Miscellaneous 1989 [1]","1989 (mixed internal dates)","Timothy E. Deal and Mitchell B. Reiss economic-summit file","Strategic Trade, Technology, and Investment Controls","Boundary","Online file unit; sheet dispositions unresolved","159","8","31","0","159 served-PDF pages; 8 withdrawal/redaction sheet descriptions totaling 31 pages; 0 indicate a released-in-part copy follows and 8 do not; Eight withdrawal/redaction sheets describe 31 pages; none indicates that a released copy follows.","Mixed; document-level audit required","452050387","CF00186–001","locator","Opening provenance marker, all served-PDF pages, and every withdrawal/redaction sheet checked; file-unit locator only pending document boundaries, terminal markings, current release status, and controlling-copy review in the source images.","George H.W. Bush Library, Bush Presidential Records, National Security Council, Timothy E. Deal and Mitchell B. Reiss Files, Summit Briefing Books Files / Economic Summit Files, OA/ID CF00186–001, Economic Summit, Miscellaneous 1989 [1].","Economic Summit miscellaneous files; CBW sanctions; Arms control; Mitchell Reiss","Boundary or cross-volume review. Retain for a selective sanctions and strategic-controls check, but route most of the file to the arms-control volumes. The released memoranda and the withdrawal descriptions are predominantly ABM, CBW, personnel, PLO, and Soviet-policy material rather than summit economic policy. This is a file-level lead, not a document-level inclusion claim. Compare controlling copies against the Deal Subject Files, Presidential Memcon Files, relevant regional files, and neighboring folders before promotion.","The opening marker names both Deal and Reiss files and the combined Summit Briefing Books Files / Economic Summit Files subseries. Later withdrawal sheets abbreviate the series and omit the subseries. The opening marker controls the file-level locator.","","[{""itemNumber"":""01"",""type"":""Memo"",""title"":""Memorandum: Mikhail Gorbachev"",""date"":""n.d."",""restriction"":""P-1, (b)(1), P-5"",""classification"":""Not stated"",""pages"":3,""sheetDisposition"":""No released copy indicated on the sheet"",""item"":""01""},{""itemNumber"":""02"",""type"":""Memo"",""title"":""Memorandum for Rostow RE: Security Clearance - Mitchell Reiss"",""date"":""10/7/88"",""restriction"":""(b)(2), P-6, (b)(6)"",""classification"":""Not stated"",""pages"":1,""sheetDisposition"":""No released copy indicated on the sheet"",""item"":""02""},{""itemNumber"":""03"",""type"":""Memo"",""title"":""Memorandum from Mitchell Reiss to Arnold Kanter and Judyt Mandel RE: Pending CBW Sanctions Legislation"",""date"":""4/13/89"",""restriction"":""P-5"",""classification"":""Not stated"",""pages"":3,""sheetDisposition"":""No released copy indicated on the sheet"",""item"":""03""},{""itemNumber"":""04"",""type"":""Memo"",""title"":""From Mitchell Reiss to Nicholas Rostow RE: Nitze Memorandum and ABM Treaty Interpretation"",""date"":""2/27/89"",""restriction"":""P-1, (b)(1), P-5"",""classification"":""Not stated"",""pages"":3,""sheetDisposition"":""No released copy indicated on the sheet"",""item"":""04""},{""itemNumber"":""05"",""type"":""Memo"",""title"":""From Nicholas Rostoe to Brent Scowcroft RE: Response to Nitze Paper on ABM Treaty Interpretation"",""date"":""3/14/89"",""restriction"":""P-1, (b)(1), P-5"",""classification"":""Not stated"",""pages"":5,""sheetDisposition"":""No released copy indicated on the sheet"",""item"":""05""},{""itemNumber"":""06"",""type"":""Memo"",""title"":""From Mitchell Reiss to Judyt Mandel RE: Symms Proposed Nonproliferation Bill"",""date"":""7/30/89"",""restriction"":""P-5"",""classification"":""Not stated"",""pages"":2,""sheetDisposition"":""No released copy indicated on the sheet"",""item"":""06""},{""itemNumber"":""08"",""type"":""Memo"",""title"":""From Mitchell Reiss to Arnie Kanter and Judyt Mandel Transmittal of Annual Section 601 Report"",""date"":""5/19/89"",""restriction"":""P-5"",""classification"":""Not stated"",""pages"":2,""sheetDisposition"":""No released copy indicated on the sheet"",""item"":""08""},{""itemNumber"":""09"",""type"":""Notes"",""title"":""Handwritten Notes RE: PLO question"",""date"":""9/12/88"",""restriction"":""P-1, (b)(1), P-5"",""classification"":""Not stated"",""pages"":12,""sheetDisposition"":""No released copy indicated on the sheet"",""item"":""09""}]","https://catalog.archives.gov/id/452050387","https://catalog.archives.gov/medialz/presidential-libraries/bush/gb-nsc/deal-reiss/deal-reiss_eco_sum_2554819/41-bpr-nsc-deal-reiss-eco_sum-cf00186-001.pdf"
"deal-reiss-452050388","1989-01-01","1989 (mixed internal dates)","year","Economic Summit, Miscellaneous 1989 [2]","Timothy E. Deal and Mitchell B. Reiss Economic Summit File: Economic Summit, Miscellaneous 1989 [2]","1989 (mixed internal dates)","Timothy E. Deal and Mitchell B. Reiss economic-summit file","Strategic Trade, Technology, and Investment Controls","Core","Online file unit; released-in-part copies present","139","13","40","1","139 served-PDF pages; 13 withdrawal/redaction sheet descriptions totaling 40 pages; 1 indicate a released-in-part copy follows and 12 do not; Thirteen sheets describe 40 pages. A 4-page Confidential draft on national strategic-trade policy is marked released in part with a copy following; CFIUS and NTT records remain separately described.","Mixed; document-level audit required","452050388","CF00186–002","locator","Opening provenance marker, all served-PDF pages, and every withdrawal/redaction sheet checked; file-unit locator only pending document boundaries, terminal markings, current release status, and controlling-copy review in the source images.","George H.W. Bush Library, Bush Presidential Records, National Security Council, Timothy E. Deal and Mitchell B. Reiss Files, Summit Briefing Books Files / Economic Summit Files, OA/ID CF00186–002, Economic Summit, Miscellaneous 1989 [2].","CFIUS; Huels-Monsanto acquisition; NTT procurement; Strategic trade controls; CBW sanctions","Direct Volume XXX review. Prioritize the CFIUS Huels-Monsanto record, NTT procurement history, and National Policy on Strategic Trade Controls. The file also carries unrelated legal and administrative memoranda, which should not be promoted merely because they share the folder. This is a file-level lead, not a document-level inclusion claim. Compare controlling copies against the Deal Subject Files, Presidential Memcon Files, relevant regional files, and neighboring folders before promotion.","The opening marker names both Deal and Reiss files and the combined Summit Briefing Books Files / Economic Summit Files subseries. Later sheets vary among abbreviated combined-series forms, and one identifies Reiss Chron Files. The opening marker controls the file-level locator.","","[{""itemNumber"":""01a"",""type"":""Memo"",""title"":""From Nicholas F. Brady to the President, Re: Committee on Foreign Investment in the United States (CFIUS): Report and Recommendation of Huels-Monsanto Acquisition"",""date"":""1/23/89"",""restriction"":""(b)(1)"",""classification"":""Secret"",""pages"":1,""sheetDisposition"":""No released copy indicated on the sheet"",""item"":""01a""},{""itemNumber"":""01b"",""type"":""Report"",""title"":""Committee on Foreign Investment in the United States (CFIUS) Report on Investigation of Huels-Monsanto Acquisition"",""date"":""n.d."",""restriction"":""(b)(1)"",""classification"":""Secret"",""pages"":6,""sheetDisposition"":""No released copy indicated on the sheet"",""item"":""01b""},{""itemNumber"":""02"",""type"":""Memo"",""title"":""Background Paper on CFIUS Investigation [SENT FOR AGENCY REFERRAL]"",""date"":""n.d."",""restriction"":""P-1, (b)(1)"",""classification"":""Secret"",""pages"":3,""sheetDisposition"":""No released copy indicated on the sheet"",""item"":""02""},{""itemNumber"":""03b"",""type"":""Letter"",""title"":""From Shintaro Abe to William E. Brock, Re: [Consultations Concerning NTT]"",""date"":""1/30/84"",""restriction"":""(b)(1)"",""classification"":""Not stated"",""pages"":2,""sheetDisposition"":""No released copy indicated on the sheet"",""item"":""03b""},{""itemNumber"":""03c"",""type"":""Paper"",""title"":""Improvement Measures of NTT Procurement Procedures"",""date"":""n.d."",""restriction"":""(b)(1)"",""classification"":""Not stated"",""pages"":3,""sheetDisposition"":""No released copy indicated on the sheet"",""item"":""03c""},{""itemNumber"":""03d"",""type"":""Letter"",""title"":""From Shintaro Abe to William E. Brock, Re: [NTT Consultations]"",""date"":""1/30/84"",""restriction"":""(b)(1)"",""classification"":""Not stated"",""pages"":1,""sheetDisposition"":""No released copy indicated on the sheet"",""item"":""03d""},{""itemNumber"":""03e"",""type"":""Minutes"",""title"":""Agreed Minutes on the NTT Arrangements"",""date"":""1/30/84"",""restriction"":""(b)(1)"",""classification"":""Not stated"",""pages"":2,""sheetDisposition"":""No released copy indicated on the sheet"",""item"":""03e""},{""itemNumber"":""03f"",""type"":""Letter"",""title"":""From Saburo Okita to Reubin O'D. Askew, Re: [Government Procurement and Related Markets]"",""date"":""n.d."",""restriction"":""(b)(1)"",""classification"":""Not stated"",""pages"":2,""sheetDisposition"":""No released copy indicated on the sheet"",""item"":""03f""},{""itemNumber"":""03g"",""type"":""Paper"",""title"":""Attachment I: NTT Procurement Procedures"",""date"":""n.d."",""restriction"":""(b)(1)"",""classification"":""Not stated"",""pages"":9,""sheetDisposition"":""No released copy indicated on the sheet"",""item"":""03g""},{""itemNumber"":""03h"",""type"":""Paper"",""title"":""Attachment II: Procedures of Non-binding Arbitration"",""date"":""n.d."",""restriction"":""(b)(1)"",""classification"":""Not stated"",""pages"":1,""sheetDisposition"":""No released copy indicated on the sheet"",""item"":""03h""},{""itemNumber"":""03i"",""type"":""Paper"",""title"":""Joint Statement"",""date"":""n.d."",""restriction"":""(b)(1)"",""classification"":""Not stated"",""pages"":3,""sheetDisposition"":""No released copy indicated on the sheet"",""item"":""03i""},{""itemNumber"":""04"",""type"":""Memo"",""title"":""National Policy on Strategic Trade Controls [SENT FOR AGENCY REFERRAL]"",""date"":""n.d."",""restriction"":""(b)(1)"",""classification"":""Confidential"",""pages"":4,""sheetDisposition"":""Released in part; copy follows in this PDF"",""item"":""04""},{""itemNumber"":""05"",""type"":""Memo"",""title"":""From Mitchell Reiss to Arnold Kanter and Judyt Mandel RE: Pending CBW Sanctions Legislation"",""date"":""04/13/89"",""restriction"":""P-5"",""classification"":""Not stated"",""pages"":3,""sheetDisposition"":""No released copy indicated on the sheet"",""item"":""05""}]","https://catalog.archives.gov/id/452050388","https://catalog.archives.gov/medialz/presidential-libraries/bush/gb-nsc/deal-reiss/deal-reiss_eco_sum_2554819/41-bpr-nsc-deal-reiss-eco_sum-cf00186-002.pdf"
"deal-reiss-452050389","1989-01-01","1989 (mixed internal dates)","year","Economic Summit, Miscellaneous 1989 [3]","Timothy E. Deal and Mitchell B. Reiss Economic Summit File: Economic Summit, Miscellaneous 1989 [3]","1989 (mixed internal dates)","Timothy E. Deal and Mitchell B. Reiss economic-summit file","Monetary Policy, Debt, and International Institutions","Core","Online file unit; sheet dispositions unresolved","160","5","193","0","160 served-PDF pages; 5 withdrawal/redaction sheet descriptions totaling 193 pages; 0 indicate a released-in-part copy follows and 5 do not; Five sheets describe 193 pages, including 28 pages of Baker Plan analysis and a separate 163-page Secret ABM Treaty position paper; no released copy is indicated on the sheets.","Mixed; document-level audit required","452050389","CF00186–003","locator","Opening provenance marker, all served-PDF pages, and every withdrawal/redaction sheet checked; file-unit locator only pending document boundaries, terminal markings, current release status, and controlling-copy review in the source images.","George H.W. Bush Library, Bush Presidential Records, National Security Council, Timothy E. Deal and Mitchell B. Reiss Files, Summit Briefing Books Files / Economic Summit Files, OA/ID CF00186–003, Economic Summit, Miscellaneous 1989 [3].","Baker Plan; International debt; Debt strategy; ABM Treaty","Direct Volume XXX review. The two preliminary Baker Plan analyses are direct debt-policy leads. Treat the 163-page ABM Treaty position paper and disqualification memoranda as cross-volume material, despite their physical presence in this Economic Summit folder. This is a file-level lead, not a document-level inclusion claim. Compare controlling copies against the Deal Subject Files, Presidential Memcon Files, relevant regional files, and neighboring folders before promotion.","The opening marker names both Deal and Reiss files and the combined Summit Briefing Books Files / Economic Summit Files subseries. Later withdrawal sheets abbreviate the series and do not consistently preserve the subseries. The opening marker controls the file-level locator.","","[{""itemNumber"":""01"",""type"":""Memo"",""title"":""The Baker Plan: An Analysis (Preliminary Draft)"",""date"":""8/31/89"",""restriction"":""P-5"",""classification"":""Not stated"",""pages"":15,""sheetDisposition"":""No released copy indicated on the sheet"",""item"":""01""},{""itemNumber"":""02"",""type"":""Memo"",""title"":""The Baker Plan: An Analysis (Preliminary Draft)"",""date"":""6/5/89"",""restriction"":""P-5"",""classification"":""Not stated"",""pages"":13,""sheetDisposition"":""No released copy indicated on the sheet"",""item"":""02""},{""itemNumber"":""03"",""type"":""Memo"",""title"":""Memorandum: Disqualification"",""date"":""04/12/89"",""restriction"":""P-6, (b)(6)"",""classification"":""Not stated"",""pages"":1,""sheetDisposition"":""No released copy indicated on the sheet"",""item"":""03""},{""itemNumber"":""04"",""type"":""Memo"",""title"":""Memorandum: Disqualification"",""date"":""09/27/88"",""restriction"":""P-6, (b)(6)"",""classification"":""Not stated"",""pages"":1,""sheetDisposition"":""No released copy indicated on the sheet"",""item"":""04""},{""itemNumber"":""05"",""type"":""Memo"",""title"":""Antiballistic Missile Treaty Position Paper"",""date"":""n.d."",""restriction"":""P-1, (b)(1), P-5"",""classification"":""Secret"",""pages"":163,""sheetDisposition"":""No released copy indicated on the sheet"",""item"":""05""}]","https://catalog.archives.gov/id/452050389","https://catalog.archives.gov/medialz/presidential-libraries/bush/gb-nsc/deal-reiss/deal-reiss_eco_sum_2554819/41-bpr-nsc-deal-reiss-eco_sum-cf00186-003.pdf"
"deal-reiss-452050400","1989-05-01","May 1989","month","[NATO Summit 5/89] [1]","Timothy E. Deal and Mitchell B. Reiss Economic Summit File: [NATO Summit 5/89] [1]","May 1989","Timothy E. Deal and Mitchell B. Reiss economic-summit file","Economic Summits and Industrialized-Country Cooperation","Boundary","Online file unit; item audit pending","181","0","0","0","181 served-PDF pages; no withdrawal/redaction sheets identified; No withdrawal/redaction sheets were identified across 181 served-PDF pages; the OCR identifies one memorandum of conversation.","Mixed; document-level audit required","452050400","CF00186–014","locator","Opening provenance marker, all served-PDF pages, and every withdrawal/redaction sheet checked; file-unit locator only pending document boundaries, terminal markings, current release status, and controlling-copy review in the source images.","George H.W. Bush Library, Bush Presidential Records, National Security Council, Timothy E. Deal and Mitchell B. Reiss Files, OA/ID CF00186–014, [NATO Summit 5/89] [1].","NATO Summit; Presidential meetings; Western Europe; Arms control","Boundary or cross-volume review. Use only to check whether NATO-trip conversations shaped the immediately following economic-summit trip. The file is principally a NATO and Western European security record and should be routed accordingly after the memcon copy is compared against the presidential conversation register. This is a file-level lead, not a document-level inclusion claim. Compare controlling copies against the Deal Subject Files, Presidential Memcon Files, relevant regional files, and neighboring folders before promotion.","","","[]","https://catalog.archives.gov/id/452050400","https://catalog.archives.gov/medialz/presidential-libraries/bush/gb-nsc/deal-reiss/deal-reiss_eco_sum_2554819/41-bpr-nsc-deal-reiss-eco_sum-cf00186-014.pdf"
"deal-reiss-452050401","1989-05-01","May 1989","month","[NATO Summit 5/89] [2]","Timothy E. Deal and Mitchell B. Reiss Economic Summit File: [NATO Summit 5/89] [2]","May 1989","Timothy E. Deal and Mitchell B. Reiss economic-summit file","Economic Summits and Industrialized-Country Cooperation","Boundary","Online file unit; released-in-part copies present","114","3","39","1","114 served-PDF pages; 3 withdrawal/redaction sheet descriptions totaling 39 pages; 1 indicate a released-in-part copy follows and 2 do not; Three sheets describe 39 pages. A 1-page Greek-prime-minister background paper is marked released in part with a copy following; the NATO declaration and arms-control draft are agency-referral descriptions.","Mixed; document-level audit required","452050401","CF00186–015","locator","Opening provenance marker, all served-PDF pages, and every withdrawal/redaction sheet checked; file-unit locator only pending document boundaries, terminal markings, current release status, and controlling-copy review in the source images.","George H.W. Bush Library, Bush Presidential Records, National Security Council, Timothy E. Deal and Mitchell B. Reiss Files, OA/ID CF00186–015, [NATO Summit 5/89] [2].","NATO Summit; Arms control; Greek bilateral; Western Europe","Boundary or cross-volume review. Route the NATO declaration and arms-control concept to the Western Europe or arms-control volumes. Retain the file here only for trip-planning context and any demonstrable connection to the Paris economic agenda. This is a file-level lead, not a document-level inclusion claim. Compare controlling copies against the Deal Subject Files, Presidential Memcon Files, relevant regional files, and neighboring folders before promotion.","","","[{""itemNumber"":""05b"",""type"":""Report"",""title"":""Background Paper: The President's Meeting with Greek Prime Minister Papandreou. [SENT FOR AGENCY REFERRAL]"",""date"":""n.d."",""restriction"":""(b)(1)"",""classification"":""Secret"",""pages"":1,""sheetDisposition"":""Released in part; copy follows in this PDF"",""item"":""05b""},{""itemNumber"":""11"",""type"":""Report"",""title"":""Declaration of the Heads of State and Government Participating in the Meeting of the North Atlantic Council in Brussels. [SENT FOR AGENCY REFERRAL]"",""date"":""05/27/89"",""restriction"":""(b)(1)"",""classification"":""Confidential"",""pages"":20,""sheetDisposition"":""No released copy indicated on the sheet"",""item"":""11""},{""itemNumber"":""12"",""type"":""Report"",""title"":""Draft: \""A Comprehensive Concept of Arms Control and Disarmament.\"" [SENT FOR AGENCY REFERRAL]"",""date"":""05/25/89"",""restriction"":""(b)(1)"",""classification"":""Confidential"",""pages"":18,""sheetDisposition"":""No released copy indicated on the sheet"",""item"":""12""}]","https://catalog.archives.gov/id/452050401","https://catalog.archives.gov/medialz/presidential-libraries/bush/gb-nsc/deal-reiss/deal-reiss_eco_sum_2554819/41-bpr-nsc-deal-reiss-eco_sum-cf00186-015.pdf"
"deal-reiss-452050396","1989-07-01","July 1989","month","[Paris Economic Summit July 1989]","Timothy E. Deal and Mitchell B. Reiss Economic Summit File: [Paris Economic Summit July 1989]","July 1989","Timothy E. Deal and Mitchell B. Reiss economic-summit file","Economic Summits and Industrialized-Country Cooperation","Core","Online file unit; released-in-part copies present","131","10","51","1","131 served-PDF pages; 10 withdrawal/redaction sheet descriptions totaling 51 pages; 1 indicate a released-in-part copy follows and 9 do not; Ten sheets describe 51 pages, including four plenary memcon entries totaling 29 pages. The 8-page First Plenary copy is released in part in this PDF and matches the existing released candidate; two identically described 6-page Second Plenary entries require copy comparison.","Mixed; document-level audit required","452050396","CF00186–010","locator","Opening provenance marker, all served-PDF pages, and every withdrawal/redaction sheet checked; file-unit locator only pending document boundaries, terminal markings, current release status, and controlling-copy review in the source images.","George H.W. Bush Library, Bush Presidential Records, National Security Council, Timothy E. Deal Files, Summit Briefing Books Files, OA/ID CF00186–010, [Paris Economic Summit July 1989].","Paris Economic Summit; Plenary sessions; Summit communique; East-West relations; Presidential memcons","Direct Volume XXX review. This is the central Paris summit record. Prioritize the plenary memcons, final communique and declaration material, and McCormack's July 10 transmittal. The First Plenary is already represented by a released canonical candidate and must not be duplicated. This is a file-level lead, not a document-level inclusion claim. Compare controlling copies against the Deal Subject Files, Presidential Memcon Files, relevant regional files, and neighboring folders before promotion.","","","[{""itemNumber"":""01"",""type"":""Memcon"",""title"":""Memorandum of Conversation, Re: First Plenary Session, Paris Economic Summit."",""date"":""07/15/89"",""restriction"":""(b)(1)"",""classification"":""Not stated"",""pages"":8,""sheetDisposition"":""Released in part; copy follows in this PDF"",""canonicalMatch"":""Released First Plenary memcon already represented by presidential-428080101 (NARA NAID 428080101)"",""item"":""01""},{""itemNumber"":""02"",""type"":""Memcon"",""title"":""Memorandum of Conversation, Re: Second Plenary Session, Economic Summit."",""date"":""07/15/89"",""restriction"":""(b)(1)"",""classification"":""Confidential"",""pages"":6,""sheetDisposition"":""No released copy indicated on the sheet"",""item"":""02""},{""itemNumber"":""03a"",""type"":""Letter"",""title"":""Informal Translation of Gorbachev Letter."",""date"":""n.d."",""restriction"":""(b)(1)"",""classification"":""Not stated"",""pages"":3,""sheetDisposition"":""No released copy indicated on the sheet"",""item"":""03a""},{""itemNumber"":""03b"",""type"":""Letter"",""title"":""From Mikhail Gorbachev [French language]."",""date"":""n.d."",""restriction"":""(b)(1)"",""classification"":""Not stated"",""pages"":5,""sheetDisposition"":""No released copy indicated on the sheet"",""item"":""03b""},{""itemNumber"":""04"",""type"":""Memcon"",""title"":""Memorandum of Conversation, Re: Plenary Session, Paris Economic Summit."",""date"":""07/15/89"",""restriction"":""(b)(1)"",""classification"":""Confidential"",""pages"":9,""sheetDisposition"":""No released copy indicated on the sheet"",""item"":""04""},{""itemNumber"":""05"",""type"":""Memcon"",""title"":""Memorandum of Conversation, Re: Second Plenary Session, Paris Economic Summit."",""date"":""07/15/89"",""restriction"":""(b)(1)"",""classification"":""Confidential"",""pages"":6,""sheetDisposition"":""No released copy indicated on the sheet"",""item"":""05""},{""itemNumber"":""06"",""type"":""Paper"",""title"":""Draft Declaration on East-West Relations with marginalia."",""date"":""07/12/89"",""restriction"":""(b)(1)"",""classification"":""Not stated"",""pages"":4,""sheetDisposition"":""No released copy indicated on the sheet"",""item"":""06""},{""itemNumber"":""07"",""type"":""Talking Points"",""title"":""Points to Be Made at July 14 Working Dinner."",""date"":""n.d."",""restriction"":""(b)(1)"",""classification"":""Secret"",""pages"":3,""sheetDisposition"":""No released copy indicated on the sheet"",""item"":""07""},{""itemNumber"":""11"",""type"":""Report"",""title"":""Readout on Sherpa Working Dinner."",""date"":""07/13/89"",""restriction"":""(b)(1)"",""classification"":""Not stated"",""pages"":3,""sheetDisposition"":""No released copy indicated on the sheet"",""item"":""11""},{""itemNumber"":""15a"",""type"":""Memo"",""title"":""Richard T. McCormack to Secretaries Baker, Brady, and Scowcroft, Re: Final Draft Communique and Political Statements for Paris Economic Summit, and Report of Rambouillet Sherpa Meeting."",""date"":""07/10/89"",""restriction"":""(b)(1)"",""classification"":""Secret"",""pages"":4,""sheetDisposition"":""No released copy indicated on the sheet"",""item"":""15a""}]","https://catalog.archives.gov/id/452050396","https://catalog.archives.gov/medialz/presidential-libraries/bush/gb-nsc/deal-reiss/deal-reiss_eco_sum_2554819/41-bpr-nsc-deal-reiss-eco_sum-cf00186-010.pdf"
"deal-reiss-452050397","1989-07-01","July 1989","month","[The President's Visit to Hungary 7/89]","Timothy E. Deal and Mitchell B. Reiss Economic Summit File: [The President's Visit to Hungary 7/89]","July 1989","Timothy E. Deal and Mitchell B. Reiss economic-summit file","Transition Economies and International Economic Strategy","Consider","Online file unit; item audit pending","9","0","0","0","9 served-PDF pages; no withdrawal/redaction sheets identified; No withdrawal/redaction sheets were identified across 9 served-PDF pages.","Mixed; document-level audit required","452050397","CF00186–011","locator","Opening provenance marker, all served-PDF pages, and every withdrawal/redaction sheet checked; file-unit locator only pending document boundaries, terminal markings, current release status, and controlling-copy review in the source images.","George H.W. Bush Library, Bush Presidential Records, National Security Council, Timothy E. Deal Files, Summit Briefing Books Files, OA/ID CF00186–011, [The President's Visit to Hungary 7/89].","Hungary; Presidential visit; Transition economy; Public diplomacy","Selective Volume XXX review. Review as a compact companion to the Hungary briefing book and speech-card file. Promote only unique presidential guidance or economic-reform language after comparison with the larger trip files and the regional volume. This is a file-level lead, not a document-level inclusion claim. Compare controlling copies against the Deal Subject Files, Presidential Memcon Files, relevant regional files, and neighboring folders before promotion.","","","[]","https://catalog.archives.gov/id/452050397","https://catalog.archives.gov/medialz/presidential-libraries/bush/gb-nsc/deal-reiss/deal-reiss_eco_sum_2554819/41-bpr-nsc-deal-reiss-eco_sum-cf00186-011.pdf"
"deal-reiss-452050398","1989-07-01","July 1989","month","[The President's Visit to Poland 7/89]","Timothy E. Deal and Mitchell B. Reiss Economic Summit File: [The President's Visit to Poland 7/89]","July 1989","Timothy E. Deal and Mitchell B. Reiss economic-summit file","Transition Economies and International Economic Strategy","Consider","Online file unit; released-in-part copies present","56","4","8","2","56 served-PDF pages; 4 withdrawal/redaction sheet descriptions totaling 8 pages; 2 indicate a released-in-part copy follows and 2 do not; Four sheets describe 8 pages; two 2-page government reports are marked released in part with copies following.","Mixed; document-level audit required","452050398","CF00186–012","locator","Opening provenance marker, all served-PDF pages, and every withdrawal/redaction sheet checked; file-unit locator only pending document boundaries, terminal markings, current release status, and controlling-copy review in the source images.","George H.W. Bush Library, Bush Presidential Records, National Security Council, Timothy E. Deal Files, Summit Briefing Books Files, OA/ID CF00186–012, [The President's Visit to Poland 7/89].","Poland; Presidential visit; Transition economy; Economic reform","Selective Volume XXX review. Use as a companion copy set for the Poland trip. The larger presidential briefing book should normally control; retain unique released passages or source evidence and route duplicate speech material to the regional volume. This is a file-level lead, not a document-level inclusion claim. Compare controlling copies against the Deal Subject Files, Presidential Memcon Files, relevant regional files, and neighboring folders before promotion.","","","[{""itemNumber"":""09"",""type"":""Report"",""title"":""Government Report"",""date"":""06/16/89"",""restriction"":""(b)(1); (b)(3)"",""classification"":""Secret"",""pages"":2,""sheetDisposition"":""Released in part; copy follows in this PDF"",""item"":""09""},{""itemNumber"":""10"",""type"":""Report"",""title"":""Government Report"",""date"":""06/16/89"",""restriction"":""(b)(1); (b)(3)"",""classification"":""Secret"",""pages"":2,""sheetDisposition"":""Released in part; copy follows in this PDF"",""item"":""10""},{""itemNumber"":""03"",""type"":""Report"",""title"":""Government Report"",""date"":""06/16/89"",""restriction"":""(b)(1)"",""classification"":""Secret"",""pages"":2,""sheetDisposition"":""No released copy indicated on the sheet"",""item"":""03""},{""itemNumber"":""04"",""type"":""Report"",""title"":""Government Report"",""date"":""06/16/89"",""restriction"":""(b)(1)"",""classification"":""Secret"",""pages"":2,""sheetDisposition"":""No released copy indicated on the sheet"",""item"":""04""}]","https://catalog.archives.gov/id/452050398","https://catalog.archives.gov/medialz/presidential-libraries/bush/gb-nsc/deal-reiss/deal-reiss_eco_sum_2554819/41-bpr-nsc-deal-reiss-eco_sum-cf00186-012.pdf"
"deal-reiss-452050402","1989-07-01","July 1989","month","[Speech / Briefing Cards: President's Trip to Poland 7/89]","Timothy E. Deal and Mitchell B. Reiss Economic Summit File: [Speech / Briefing Cards: President's Trip to Poland 7/89]","July 1989","Timothy E. Deal and Mitchell B. Reiss economic-summit file","Transition Economies and International Economic Strategy","Consider","Online file unit; item audit pending","28","0","0","0","28 served-PDF pages; no withdrawal/redaction sheets identified; No withdrawal/redaction sheets were identified across 28 served-PDF pages.","Mixed; document-level audit required","452050402","CF00186–016","locator","Opening provenance marker, all served-PDF pages, and every withdrawal/redaction sheet checked; file-unit locator only pending document boundaries, terminal markings, current release status, and controlling-copy review in the source images.","George H.W. Bush Library, Bush Presidential Records, National Security Council, Timothy E. Deal Files, Summit Briefing Books Files, OA/ID CF00186–016, [Speech / Briefing Cards: President's Trip to Poland 7/89].","Poland; Presidential briefing cards; Economic assistance; Debt; Transition economy","Selective Volume XXX review. Screen the presidential cards for final U.S. guidance on Polish reform, debt, aid, and international financial institutions. Compare them against CF00186-004, CF00186-012, and the regional compilation before choosing a controlling copy. This is a file-level lead, not a document-level inclusion claim. Compare controlling copies against the Deal Subject Files, Presidential Memcon Files, relevant regional files, and neighboring folders before promotion.","","","[]","https://catalog.archives.gov/id/452050402","https://catalog.archives.gov/medialz/presidential-libraries/bush/gb-nsc/deal-reiss/deal-reiss_eco_sum_2554819/41-bpr-nsc-deal-reiss-eco_sum-cf00186-016.pdf"
"deal-reiss-452050403","1989-07-01","July 1989","month","[Speech / Briefing Cards: President's Trip to Hungary 7/89]","Timothy E. Deal and Mitchell B. Reiss Economic Summit File: [Speech / Briefing Cards: President's Trip to Hungary 7/89]","July 1989","Timothy E. Deal and Mitchell B. Reiss economic-summit file","Transition Economies and International Economic Strategy","Consider","Online file unit; item audit pending","20","0","0","0","20 served-PDF pages; no withdrawal/redaction sheets identified; No withdrawal/redaction sheets were identified across 20 served-PDF pages.","Mixed; document-level audit required","452050403","CF00186–017","locator","Opening provenance marker, all served-PDF pages, and every withdrawal/redaction sheet checked; file-unit locator only pending document boundaries, terminal markings, current release status, and controlling-copy review in the source images.","George H.W. Bush Library, Bush Presidential Records, National Security Council, Timothy E. Deal Files, Summit Briefing Books Files, OA/ID CF00186–017, [Speech / Briefing Cards: President's Trip to Hungary 7/89].","Hungary; Presidential briefing cards; Economic reform; Debt; Transition economy","Selective Volume XXX review. Screen for final presidential guidance on Hungarian reform, debt, and Western assistance. Deduplicate against CF00186-006, CF00186-011, and the regional volume before item-level promotion. This is a file-level lead, not a document-level inclusion claim. Compare controlling copies against the Deal Subject Files, Presidential Memcon Files, relevant regional files, and neighboring folders before promotion.","","","[]","https://catalog.archives.gov/id/452050403","https://catalog.archives.gov/medialz/presidential-libraries/bush/gb-nsc/deal-reiss/deal-reiss_eco_sum_2554819/41-bpr-nsc-deal-reiss-eco_sum-cf00186-017.pdf"
"deal-reiss-452050404","1989-07-01","July 1989","month","[Speech / Briefing Cards: President's Trip to Paris Economic Summit 7/89] [1]","Timothy E. Deal and Mitchell B. Reiss Economic Summit File: [Speech / Briefing Cards: President's Trip to Paris Economic Summit 7/89] [1]","July 1989","Timothy E. Deal and Mitchell B. Reiss economic-summit file","Economic Summits and Industrialized-Country Cooperation","Consider","Online file unit; sheet dispositions unresolved","39","1","2","0","39 served-PDF pages; 1 withdrawal/redaction sheet description totaling 2 pages; 0 indicate a released-in-part copy follows and 1 do not; One sheet describes a 2-page Secret Middle East peace card; no released copy is indicated on the sheet.","Mixed; document-level audit required","452050404","CF00186–018","locator","Opening provenance marker, all served-PDF pages, and every withdrawal/redaction sheet checked; file-unit locator only pending document boundaries, terminal markings, current release status, and controlling-copy review in the source images.","George H.W. Bush Library, Bush Presidential Records, National Security Council, Timothy E. Deal Files, Summit Briefing Books Files, OA/ID CF00186–018, [Speech / Briefing Cards: President's Trip to Paris Economic Summit 7/89] [1].","Paris Economic Summit; Presidential briefing cards; Poland; Mexico; Debt","Selective Volume XXX review. This mixed card set contains useful presidential language on Polish assistance, debt swaps, President Salinas, and summit bilaterals. Select only unique final guidance after comparison with the presidential briefing book and country-specific trip files. This is a file-level lead, not a document-level inclusion claim. Compare controlling copies against the Deal Subject Files, Presidential Memcon Files, relevant regional files, and neighboring folders before promotion.","","","[{""itemNumber"":""03d"",""type"":""Talking points"",""title"":""Notecards, Re: Points to Be Made: Middle East Peace Process."",""date"":""n.d."",""restriction"":""(b)(1)"",""classification"":""Secret"",""pages"":2,""sheetDisposition"":""No released copy indicated on the sheet"",""item"":""03d""}]","https://catalog.archives.gov/id/452050404","https://catalog.archives.gov/medialz/presidential-libraries/bush/gb-nsc/deal-reiss/deal-reiss_eco_sum_2554819/41-bpr-nsc-deal-reiss-eco_sum-cf00186-018.pdf"
"deal-reiss-452050405","1989-07-01","July 1989","month","[Speech / Briefing Cards: President's Trip to Paris Economic Summit 7/89] [2]","Timothy E. Deal and Mitchell B. Reiss Economic Summit File: [Speech / Briefing Cards: President's Trip to Paris Economic Summit 7/89] [2]","July 1989","Timothy E. Deal and Mitchell B. Reiss economic-summit file","Economic Summits and Industrialized-Country Cooperation","Consider","Online file unit; sheet dispositions unresolved","37","2","9","0","37 served-PDF pages; 2 withdrawal/redaction sheet descriptions totaling 9 pages; 0 indicate a released-in-part copy follows and 2 do not; Two sheets describe 9 pages of Secret working-dinner cards that may be duplicate copies; neither sheet indicates that a released copy follows.","Mixed; document-level audit required","452050405","CF00186–019","locator","Opening provenance marker, all served-PDF pages, and every withdrawal/redaction sheet checked; file-unit locator only pending document boundaries, terminal markings, current release status, and controlling-copy review in the source images.","George H.W. Bush Library, Bush Presidential Records, National Security Council, Timothy E. Deal Files, Summit Briefing Books Files, OA/ID CF00186–019, [Speech / Briefing Cards: President's Trip to Paris Economic Summit 7/89] [2].","Paris Economic Summit; Working dinner; Trade imbalances; Debt strategy; Environment","Selective Volume XXX review. Review as presidential working-dinner and summit-session guidance on trade, debt, Eastern Europe, and the environment. Check repeated card sequences against the Paris briefing book before promotion. This is a file-level lead, not a document-level inclusion claim. Compare controlling copies against the Deal Subject Files, Presidential Memcon Files, relevant regional files, and neighboring folders before promotion.","","","[{""itemNumber"":""01c"",""type"":""Talking points"",""title"":""Notecards, Re: Points to Be Made at July 14 Working Dinner."",""date"":""n.d."",""restriction"":""(b)(1)"",""classification"":""Secret"",""pages"":5,""sheetDisposition"":""No released copy indicated on the sheet"",""item"":""01c""},{""itemNumber"":""02"",""type"":""Talking Points"",""title"":""Notecards, Re: Points to Be Made at July 14 Working Dinner."",""date"":""n.d."",""restriction"":""(b)(1)"",""classification"":""Secret"",""pages"":4,""sheetDisposition"":""No released copy indicated on the sheet"",""item"":""02""}]","https://catalog.archives.gov/id/452050405","https://catalog.archives.gov/medialz/presidential-libraries/bush/gb-nsc/deal-reiss/deal-reiss_eco_sum_2554819/41-bpr-nsc-deal-reiss-eco_sum-cf00186-019.pdf"
"deal-reiss-452050406","1989-07-01","July 1989","month","[Speech / Briefing Cards: President's Trip to Paris Economic Summit 7/89] [3]","Timothy E. Deal and Mitchell B. Reiss Economic Summit File: [Speech / Briefing Cards: President's Trip to Paris Economic Summit 7/89] [3]","July 1989","Timothy E. Deal and Mitchell B. Reiss economic-summit file","Economic Summits and Industrialized-Country Cooperation","Consider","Online file unit; sheet dispositions unresolved","25","1","2","0","25 served-PDF pages; 1 withdrawal/redaction sheet description totaling 2 pages; 0 indicate a released-in-part copy follows and 1 do not; One sheet describes 2 pages of Secret terrorism cards; no released copy is indicated.","Mixed; document-level audit required","452050406","CF00186–020","locator","Opening provenance marker, all served-PDF pages, and every withdrawal/redaction sheet checked; file-unit locator only pending document boundaries, terminal markings, current release status, and controlling-copy review in the source images.","George H.W. Bush Library, Bush Presidential Records, National Security Council, Timothy E. Deal Files, Summit Briefing Books Files, OA/ID CF00186–020, [Speech / Briefing Cards: President's Trip to Paris Economic Summit 7/89] [3].","Paris Economic Summit; Environment; Development; Narcotics; Terrorism","Selective Volume XXX review. Use selectively for final presidential cards on environment, development, narcotics, and associated summit declarations. Political-security cards should be cross-routed rather than counted as foreign-economic documents by default. This is a file-level lead, not a document-level inclusion claim. Compare controlling copies against the Deal Subject Files, Presidential Memcon Files, relevant regional files, and neighboring folders before promotion.","","","[{""itemNumber"":""11"",""type"":""Talking Points"",""title"":""Notecards, Re: Points to Be Made: Terrorism."",""date"":""n.d."",""restriction"":""(b)(1)"",""classification"":""Secret"",""pages"":2,""sheetDisposition"":""No released copy indicated on the sheet"",""item"":""11""}]","https://catalog.archives.gov/id/452050406","https://catalog.archives.gov/medialz/presidential-libraries/bush/gb-nsc/deal-reiss/deal-reiss_eco_sum_2554819/41-bpr-nsc-deal-reiss-eco_sum-cf00186-020.pdf"
"deal-reiss-452050407","1989-07-01","July 1989","month","[Speech / Briefing Cards: President's Trip to Paris Economic Summit 7/89] [4]","Timothy E. Deal and Mitchell B. Reiss Economic Summit File: [Speech / Briefing Cards: President's Trip to Paris Economic Summit 7/89] [4]","July 1989","Timothy E. Deal and Mitchell B. Reiss economic-summit file","Economic Summits and Industrialized-Country Cooperation","Consider","Online file unit; sheet dispositions unresolved","16","1","2","0","16 served-PDF pages; 1 withdrawal/redaction sheet description totaling 2 pages; 0 indicate a released-in-part copy follows and 1 do not; One sheet describes 2 pages of Secret Middle East peace cards; no released copy is indicated.","Mixed; document-level audit required","452050407","CF00186–021","locator","Opening provenance marker, all served-PDF pages, and every withdrawal/redaction sheet checked; file-unit locator only pending document boundaries, terminal markings, current release status, and controlling-copy review in the source images.","George H.W. Bush Library, Bush Presidential Records, National Security Council, Timothy E. Deal Files, Summit Briefing Books Files, OA/ID CF00186–021, [Speech / Briefing Cards: President's Trip to Paris Economic Summit 7/89] [4].","Paris Economic Summit; Eastern Europe; China; Political declarations; Economic reform","Selective Volume XXX review. Review the Eastern Europe and economic-reform cards for Volume XXX, while routing China, Nicaragua, and Middle East political guidance to the appropriate regional volumes. This is a file-level lead, not a document-level inclusion claim. Compare controlling copies against the Deal Subject Files, Presidential Memcon Files, relevant regional files, and neighboring folders before promotion.","","","[{""itemNumber"":""03"",""type"":""Talking Points"",""title"":""Notecards, Re: Points to Be Made, Re: Middle East Peace Process."",""date"":""n.d."",""restriction"":""(b)(1)"",""classification"":""Secret"",""pages"":2,""sheetDisposition"":""No released copy indicated on the sheet"",""item"":""03""}]","https://catalog.archives.gov/id/452050407","https://catalog.archives.gov/medialz/presidential-libraries/bush/gb-nsc/deal-reiss/deal-reiss_eco_sum_2554819/41-bpr-nsc-deal-reiss-eco_sum-cf00186-021.pdf"
"deal-reiss-452050408","1989-07-01","July 1989","month","[Speech / Briefing Cards: President's Trip to Paris Economic Summit 7/89] [5]","Timothy E. Deal and Mitchell B. Reiss Economic Summit File: [Speech / Briefing Cards: President's Trip to Paris Economic Summit 7/89] [5]","July 1989","Timothy E. Deal and Mitchell B. Reiss economic-summit file","Economic Summits and Industrialized-Country Cooperation","Consider","Online file unit; item audit pending","26","0","0","0","26 served-PDF pages; no withdrawal/redaction sheets identified; No withdrawal/redaction sheets were identified across 26 served-PDF pages.","Mixed; document-level audit required","452050408","CF00186–022","locator","Opening provenance marker, all served-PDF pages, and every withdrawal/redaction sheet checked; file-unit locator only pending document boundaries, terminal markings, current release status, and controlling-copy review in the source images.","George H.W. Bush Library, Bush Presidential Records, National Security Council, Timothy E. Deal Files, Summit Briefing Books Files, OA/ID CF00186–022, [Speech / Briefing Cards: President's Trip to Paris Economic Summit 7/89] [5].","Paris Economic Summit; Prime Minister Uno; Japan; Trade; Debt; Hungary","Selective Volume XXX review. This card set is useful for summit economic sessions and the Uno bilateral, including trade, debt, environment, and Eastern European reform. Compare bilateral portions against the Japan and regional files before selection. This is a file-level lead, not a document-level inclusion claim. Compare controlling copies against the Deal Subject Files, Presidential Memcon Files, relevant regional files, and neighboring folders before promotion.","","","[]","https://catalog.archives.gov/id/452050408","https://catalog.archives.gov/medialz/presidential-libraries/bush/gb-nsc/deal-reiss/deal-reiss_eco_sum_2554819/41-bpr-nsc-deal-reiss-eco_sum-cf00186-022.pdf"
"deal-reiss-452050409","1989-07-01","July 1989","month","[Speech / Briefing Cards: President's Trip to France 7/89]","Timothy E. Deal and Mitchell B. Reiss Economic Summit File: [Speech / Briefing Cards: President's Trip to France 7/89]","July 1989","Timothy E. Deal and Mitchell B. Reiss economic-summit file","Economic Summits and Industrialized-Country Cooperation","Boundary","Online file unit; sheet dispositions unresolved","3","1","6","0","3 served-PDF pages; 1 withdrawal/redaction sheet description totaling 6 pages; 0 indicate a released-in-part copy follows and 1 do not; One sheet describes 6 pages of Secret Mitterrand meeting cards; no released copy is indicated.","Mixed; document-level audit required","452050409","CF00186–023","locator","Opening provenance marker, all served-PDF pages, and every withdrawal/redaction sheet checked; file-unit locator only pending document boundaries, terminal markings, current release status, and controlling-copy review in the source images.","George H.W. Bush Library, Bush Presidential Records, National Security Council, Timothy E. Deal Files, Summit Briefing Books Files, OA/ID CF00186–023, [Speech / Briefing Cards: President's Trip to France 7/89].","France; President Mitterrand; Presidential briefing cards; Western Europe","Boundary or cross-volume review. Route principally to Western Europe. Retain here only summit-economic guidance not duplicated in the France briefing book or presidential conversation files; the opening marker Folder ID differs from the Catalog and digital-object path. This is a file-level lead, not a document-level inclusion claim. Compare controlling copies against the Deal Subject Files, Presidential Memcon Files, relevant regional files, and neighboring folders before promotion.","","CF00186-020 on the opening marker; CF00186-023 in the Catalog and digital-object path","[{""itemNumber"":""01"",""type"":""Talking Points"",""title"":""Notecards, Re: Points to Be Made: Meeting with President Mitterrand."",""date"":""n.d."",""restriction"":""(b)(1)"",""classification"":""Secret"",""pages"":6,""sheetDisposition"":""No released copy indicated on the sheet"",""item"":""01""}]","https://catalog.archives.gov/id/452050409","https://catalog.archives.gov/medialz/presidential-libraries/bush/gb-nsc/deal-reiss/deal-reiss_eco_sum_2554819/41-bpr-nsc-deal-reiss-eco_sum-cf00186-023.pdf"
"deal-reiss-452050410","1989-07-01","July 1989","month","[Speech / Briefing Cards: President's Trip to Paris Economic Summit (Bilateral Meetings) 7/89]","Timothy E. Deal and Mitchell B. Reiss Economic Summit File: [Speech / Briefing Cards: President's Trip to Paris Economic Summit (Bilateral Meetings) 7/89]","July 1989","Timothy E. Deal and Mitchell B. Reiss economic-summit file","Economic Summits and Industrialized-Country Cooperation","Boundary","Online file unit; sheet dispositions unresolved","21","1","2","0","21 served-PDF pages; 1 withdrawal/redaction sheet description totaling 2 pages; 0 indicate a released-in-part copy follows and 1 do not; One sheet describes 2 pages of Secret Mubarak meeting cards; no released copy is indicated.","Mixed; document-level audit required","452050410","CF00186–024","locator","Opening provenance marker, all served-PDF pages, and every withdrawal/redaction sheet checked; file-unit locator only pending document boundaries, terminal markings, current release status, and controlling-copy review in the source images.","George H.W. Bush Library, Bush Presidential Records, National Security Council, Timothy E. Deal Files, Summit Briefing Books Files, OA/ID CF00186–024, [Speech / Briefing Cards: President's Trip to Paris Economic Summit (Bilateral Meetings) 7/89].","Paris Economic Summit; Bilateral meetings; President Mubarak; Regional routing","Boundary or cross-volume review. Use as a cross-volume bilateral card register. Promote an item only when it bears directly on summit economic decisions and is not already represented by a presidential memcon or country file; the marker Folder ID differs from the Catalog path. This is a file-level lead, not a document-level inclusion claim. Compare controlling copies against the Deal Subject Files, Presidential Memcon Files, relevant regional files, and neighboring folders before promotion.","","CF00186-021 on the opening marker; CF00186-024 in the Catalog and digital-object path","[{""itemNumber"":""01"",""type"":""Talking Points"",""title"":""Notecards, Re: Points to Be Made: Meeting with President Mubarak."",""date"":""n.d."",""restriction"":""(b)(1)"",""classification"":""Secret"",""pages"":2,""sheetDisposition"":""No released copy indicated on the sheet"",""item"":""01""}]","https://catalog.archives.gov/id/452050410","https://catalog.archives.gov/medialz/presidential-libraries/bush/gb-nsc/deal-reiss/deal-reiss_eco_sum_2554819/41-bpr-nsc-deal-reiss-eco_sum-cf00186-024.pdf"
"deal-reiss-452050411","1989-07-01","July 1989","month","[Speech / Briefing Cards: President's Trip to the Netherlands 7/89]","Timothy E. Deal and Mitchell B. Reiss Economic Summit File: [Speech / Briefing Cards: President's Trip to the Netherlands 7/89]","July 1989","Timothy E. Deal and Mitchell B. Reiss economic-summit file","Economic Summits and Industrialized-Country Cooperation","Boundary","Online file unit; item audit pending","10","0","0","0","10 served-PDF pages; no withdrawal/redaction sheets identified; No withdrawal/redaction sheets were identified across 10 served-PDF pages.","Mixed; document-level audit required","452050411","CF00186–025","locator","Opening provenance marker, all served-PDF pages, and every withdrawal/redaction sheet checked; file-unit locator only pending document boundaries, terminal markings, current release status, and controlling-copy review in the source images.","George H.W. Bush Library, Bush Presidential Records, National Security Council, Timothy E. Deal Files, Summit Briefing Books Files, OA/ID CF00186–025, [Speech / Briefing Cards: President's Trip to the Netherlands 7/89].","Netherlands; Prime Minister Lubbers; Presidential briefing cards; Western Europe","Boundary or cross-volume review. Route principally to Western Europe and use here only for unique summit follow-up on trade, debt, or environmental cooperation. The opening marker Folder ID differs from the Catalog and digital-object path. This is a file-level lead, not a document-level inclusion claim. Compare controlling copies against the Deal Subject Files, Presidential Memcon Files, relevant regional files, and neighboring folders before promotion.","","CF00186-022 on the opening marker; CF00186-025 in the Catalog and digital-object path","[]","https://catalog.archives.gov/id/452050411","https://catalog.archives.gov/medialz/presidential-libraries/bush/gb-nsc/deal-reiss/deal-reiss_eco_sum_2554819/41-bpr-nsc-deal-reiss-eco_sum-cf00186-025.pdf"
"deal-reiss-452050390","1989-07-09","July 9-18, 1989","range","Visit of President Bush to the [Paris] Economic Summit and Poland, Hungary, and the Netherlands—July 9-18, 1989: Poland","Timothy E. Deal and Mitchell B. Reiss Economic Summit File: Visit of President Bush to the [Paris] Economic Summit and Poland, Hungary, and the Netherlands—July 9-18, 1989: Poland","July 9-18, 1989","Timothy E. Deal and Mitchell B. Reiss economic-summit file","Transition Economies and International Economic Strategy","Core","Online file unit; released-in-part copies present","98","16","18","3","98 served-PDF pages; 16 withdrawal/redaction sheet descriptions totaling 18 pages; 3 indicate a released-in-part copy follows and 13 do not; Sixteen sheets describe 18 pages, mostly government reports; three biographic reports totaling 4 pages are marked released in part with copies following.","Mixed; document-level audit required","452050390","CF00186–004","locator","Opening provenance marker, all served-PDF pages, and every withdrawal/redaction sheet checked; file-unit locator only pending document boundaries, terminal markings, current release status, and controlling-copy review in the source images.","George H.W. Bush Library, Bush Presidential Records, National Security Council, Timothy E. Deal Files, Summit Briefing Books Files, OA/ID CF00186–004, Visit of President Bush to the [Paris] Economic Summit and Poland, Hungary, and the Netherlands—July 9-18, 1989: Poland.","Poland; Transition economy; Debt; Economic assistance; Paris Economic Summit","Direct Volume XXX review. This is the principal presidential Poland briefing book. Prioritize the Scowcroft and Baker scope memoranda, economic problems and prospects, debt, international financial relations, and the administration's aid strategy, while coordinating with the regional volume. This is a file-level lead, not a document-level inclusion claim. Compare controlling copies against the Deal Subject Files, Presidential Memcon Files, relevant regional files, and neighboring folders before promotion.","","","[{""itemNumber"":""08"",""type"":""Report"",""title"":""Government Report"",""date"":""06/16/89"",""restriction"":""(b)(1)"",""classification"":""Secret"",""pages"":2,""sheetDisposition"":""No released copy indicated on the sheet"",""item"":""08""},{""itemNumber"":""13"",""type"":""Report"",""title"":""Re: Mieczyslaw Rakowski [FOIA exemptions redacted]"",""date"":""06/16/89"",""restriction"":""(b)(1), (b)(3)"",""classification"":""Secret"",""pages"":2,""sheetDisposition"":""Released in part; copy follows in this PDF"",""item"":""13""},{""itemNumber"":""16"",""type"":""Report"",""title"":""Government Report"",""date"":""06/16/89"",""restriction"":""(b)(1)"",""classification"":""Secret"",""pages"":1,""sheetDisposition"":""No released copy indicated on the sheet"",""item"":""16""},{""itemNumber"":""19"",""type"":""Report"",""title"":""Government Report"",""date"":""06/16/89"",""restriction"":""(b)(1)"",""classification"":""Confidential"",""pages"":1,""sheetDisposition"":""No released copy indicated on the sheet"",""item"":""19""},{""itemNumber"":""20"",""type"":""Report"",""title"":""Government Report"",""date"":""06/16/89"",""restriction"":""(b)(1)"",""classification"":""Confidential"",""pages"":1,""sheetDisposition"":""No released copy indicated on the sheet"",""item"":""20""},{""itemNumber"":""31"",""type"":""Report"",""title"":""Re: Czeslaw Kiszczak [FOIA exemptions redacted]"",""date"":""06/16/89"",""restriction"":""(b)(1), (b)(3)"",""classification"":""Secret"",""pages"":1,""sheetDisposition"":""Released in part; copy follows in this PDF"",""item"":""31""},{""itemNumber"":""32"",""type"":""Report"",""title"":""Government Report"",""date"":""06/16/89"",""restriction"":""(b)(1)"",""classification"":""Confidential"",""pages"":1,""sheetDisposition"":""No released copy indicated on the sheet"",""item"":""32""},{""itemNumber"":""33"",""type"":""Report"",""title"":""Government Report"",""date"":""06/16/89"",""restriction"":""(b)(1)"",""classification"":""Confidential"",""pages"":1,""sheetDisposition"":""No released copy indicated on the sheet"",""item"":""33""},{""itemNumber"":""34"",""type"":""Report"",""title"":""Re: Tadeusz Olechowski [FOIA exemptions redacted]"",""date"":""06/16/89"",""restriction"":""(b)(1), (b)(3)"",""classification"":""Confidential"",""pages"":1,""sheetDisposition"":""Released in part; copy follows in this PDF"",""item"":""34""},{""itemNumber"":""35"",""type"":""Report"",""title"":""Government Report"",""date"":""06/16/89"",""restriction"":""(b)(1)"",""classification"":""Confidential"",""pages"":1,""sheetDisposition"":""No released copy indicated on the sheet"",""item"":""35""},{""itemNumber"":""36"",""type"":""Report"",""title"":""Government Report"",""date"":""06/16/89"",""restriction"":""(b)(1)"",""classification"":""Secret"",""pages"":1,""sheetDisposition"":""No released copy indicated on the sheet"",""item"":""36""},{""itemNumber"":""37"",""type"":""Report"",""title"":""Government Report"",""date"":""06/16/89"",""restriction"":""(b)(1)"",""classification"":""Confidential"",""pages"":1,""sheetDisposition"":""No released copy indicated on the sheet"",""item"":""37""},{""itemNumber"":""38"",""type"":""Report"",""title"":""Government Report"",""date"":""06/16/89"",""restriction"":""(b)(1)"",""classification"":""Confidential"",""pages"":1,""sheetDisposition"":""No released copy indicated on the sheet"",""item"":""38""},{""itemNumber"":""39"",""type"":""Report"",""title"":""Government Report"",""date"":""06/16/89"",""restriction"":""(b)(1)"",""classification"":""Confidential"",""pages"":1,""sheetDisposition"":""No released copy indicated on the sheet"",""item"":""39""},{""itemNumber"":""40"",""type"":""Report"",""title"":""Government Report"",""date"":""06/16/89"",""restriction"":""(b)(1)"",""classification"":""Confidential"",""pages"":1,""sheetDisposition"":""No released copy indicated on the sheet"",""item"":""40""},{""itemNumber"":""41"",""type"":""Report"",""title"":""Government Report"",""date"":""06/16/89"",""restriction"":""(b)(1)"",""classification"":""Confidential"",""pages"":1,""sheetDisposition"":""No released copy indicated on the sheet"",""item"":""41""}]","https://catalog.archives.gov/id/452050390","https://catalog.archives.gov/medialz/presidential-libraries/bush/gb-nsc/deal-reiss/deal-reiss_eco_sum_2554819/41-bpr-nsc-deal-reiss-eco_sum-cf00186-004.pdf"
"deal-reiss-452050392","1989-07-09","July 9-18, 1989","range","Visit of President Bush to the [Paris] Economic Summit and Poland, Hungary, and the Netherlands—July 9-18, 1989: Hungary","Timothy E. Deal and Mitchell B. Reiss Economic Summit File: Visit of President Bush to the [Paris] Economic Summit and Poland, Hungary, and the Netherlands—July 9-18, 1989: Hungary","July 9-18, 1989","Timothy E. Deal and Mitchell B. Reiss economic-summit file","Transition Economies and International Economic Strategy","Core","Online file unit; sheet dispositions unresolved","69","14","16","0","69 served-PDF pages; 14 withdrawal/redaction sheet descriptions totaling 16 pages; 0 indicate a released-in-part copy follows and 14 do not; Fourteen sheets describe 16 pages, including a 2-page Secret Hungarian-Soviet relations issue paper; no released copy is indicated.","Mixed; document-level audit required","452050392","CF00186–006","locator","Opening provenance marker, all served-PDF pages, and every withdrawal/redaction sheet checked; file-unit locator only pending document boundaries, terminal markings, current release status, and controlling-copy review in the source images.","George H.W. Bush Library, Bush Presidential Records, National Security Council, Timothy E. Deal Files, Summit Briefing Books Files, OA/ID CF00186–006, Visit of President Bush to the [Paris] Economic Summit and Poland, Hungary, and the Netherlands—July 9-18, 1989: Hungary.","Hungary; Transition economy; Debt; Economic assistance; Paris Economic Summit","Direct Volume XXX review. This is the principal presidential Hungary briefing book. Prioritize the Scowcroft and Baker scope memoranda, economic reform and debt papers, relations with the EC and Soviet Union, and final U.S. assistance guidance, with formal cross-volume routing. This is a file-level lead, not a document-level inclusion claim. Compare controlling copies against the Deal Subject Files, Presidential Memcon Files, relevant regional files, and neighboring folders before promotion.","","","[{""itemNumber"":""08"",""type"":""Report"",""title"":""Government Report"",""date"":""04/07/89"",""restriction"":""(b)(1)"",""classification"":""Confidential"",""pages"":1,""sheetDisposition"":""No released copy indicated on the sheet"",""item"":""08""},{""itemNumber"":""11"",""type"":""Report"",""title"":""Government Report"",""date"":""04/07/89"",""restriction"":""(b)(1)"",""classification"":""Confidential"",""pages"":1,""sheetDisposition"":""No released copy indicated on the sheet"",""item"":""11""},{""itemNumber"":""14"",""type"":""Report"",""title"":""Government Report"",""date"":""04/07/89"",""restriction"":""(b)(1)"",""classification"":""Confidential"",""pages"":1,""sheetDisposition"":""No released copy indicated on the sheet"",""item"":""14""},{""itemNumber"":""23"",""type"":""Paper"",""title"":""Issue Paper: Hungarian-Soviet Relations."",""date"":""n.d."",""restriction"":""(b)(1)"",""classification"":""Secret"",""pages"":2,""sheetDisposition"":""No released copy indicated on the sheet"",""item"":""23""},{""itemNumber"":""24"",""type"":""Report"",""title"":""Government Report"",""date"":""06/13/89"",""restriction"":""(b)(1)"",""classification"":""Confidential"",""pages"":1,""sheetDisposition"":""No released copy indicated on the sheet"",""item"":""24""},{""itemNumber"":""25"",""type"":""Report"",""title"":""Government Report"",""date"":""06/15/89"",""restriction"":""(b)(1)"",""classification"":""Confidential"",""pages"":2,""sheetDisposition"":""No released copy indicated on the sheet"",""item"":""25""},{""itemNumber"":""26"",""type"":""Report"",""title"":""Government Report"",""date"":""06/16/89"",""restriction"":""(b)(1)"",""classification"":""Confidential"",""pages"":1,""sheetDisposition"":""No released copy indicated on the sheet"",""item"":""26""},{""itemNumber"":""27"",""type"":""Report"",""title"":""Government Report"",""date"":""04/07/89"",""restriction"":""(b)(1)"",""classification"":""Confidential"",""pages"":1,""sheetDisposition"":""No released copy indicated on the sheet"",""item"":""27""},{""itemNumber"":""28"",""type"":""Report"",""title"":""Government Report"",""date"":""06/15/89"",""restriction"":""(b)(1)"",""classification"":""Confidential"",""pages"":1,""sheetDisposition"":""No released copy indicated on the sheet"",""item"":""28""},{""itemNumber"":""29"",""type"":""Report"",""title"":""Government Report"",""date"":""06/15/89"",""restriction"":""(b)(1)"",""classification"":""Secret"",""pages"":1,""sheetDisposition"":""No released copy indicated on the sheet"",""item"":""29""},{""itemNumber"":""30"",""type"":""Report"",""title"":""Government Report"",""date"":""06/15/89"",""restriction"":""(b)(1)"",""classification"":""Confidential"",""pages"":1,""sheetDisposition"":""No released copy indicated on the sheet"",""item"":""30""},{""itemNumber"":""31"",""type"":""Report"",""title"":""Government Report"",""date"":""06/15/89"",""restriction"":""(b)(1)"",""classification"":""Confidential"",""pages"":1,""sheetDisposition"":""No released copy indicated on the sheet"",""item"":""31""},{""itemNumber"":""32"",""type"":""Report"",""title"":""Government Report"",""date"":""06/15/89"",""restriction"":""(b)(1)"",""classification"":""Confidential"",""pages"":1,""sheetDisposition"":""No released copy indicated on the sheet"",""item"":""32""},{""itemNumber"":""33"",""type"":""Report"",""title"":""Government Report"",""date"":""06/15/89"",""restriction"":""(b)(1)"",""classification"":""Confidential"",""pages"":1,""sheetDisposition"":""No released copy indicated on the sheet"",""item"":""33""}]","https://catalog.archives.gov/id/452050392","https://catalog.archives.gov/medialz/presidential-libraries/bush/gb-nsc/deal-reiss/deal-reiss_eco_sum_2554819/41-bpr-nsc-deal-reiss-eco_sum-cf00186-006.pdf"
"deal-reiss-452050393","1989-07-09","July 9-18, 1989","range","Visit of President Bush to the [Paris] Economic Summit and Poland, Hungary, and the Netherlands—July 9-18, 1989: Contingency Bilateral Briefing Papers","Timothy E. Deal and Mitchell B. Reiss Economic Summit File: Visit of President Bush to the [Paris] Economic Summit and Poland, Hungary, and the Netherlands—July 9-18, 1989: Contingency Bilateral Briefing Papers","July 9-18, 1989","Timothy E. Deal and Mitchell B. Reiss economic-summit file","Economic Summits and Industrialized-Country Cooperation","Boundary","Online file unit; sheet dispositions unresolved","120","30","49","0","120 served-PDF pages; 30 withdrawal/redaction sheet descriptions totaling 49 pages; 0 indicate a released-in-part copy follows and 30 do not; Thirty sheets describe 49 pages, including Mubarak and Greek-prime-minister meeting papers and numerous one- or two-page government reports; no released copy is indicated.","Mixed; document-level audit required","452050393","CF00186–007","locator","Opening provenance marker, all served-PDF pages, and every withdrawal/redaction sheet checked; file-unit locator only pending document boundaries, terminal markings, current release status, and controlling-copy review in the source images.","George H.W. Bush Library, Bush Presidential Records, National Security Council, Timothy E. Deal Files, Summit Briefing Books Files, OA/ID CF00186–007, Visit of President Bush to the [Paris] Economic Summit and Poland, Hungary, and the Netherlands—July 9-18, 1989: Contingency Bilateral Briefing Papers.","Contingency bilateral meetings; Paris Economic Summit; Heads of government; Regional routing","Boundary or cross-volume review. Use as a cross-volume bilateral discovery file. Its value is identifying presidential meeting papers and country positions, but individual records should normally be controlled by the relevant memcon or regional file rather than this contingency copy set. This is a file-level lead, not a document-level inclusion claim. Compare controlling copies against the Deal Subject Files, Presidential Memcon Files, relevant regional files, and neighboring folders before promotion.","","","[{""itemNumber"":""06"",""type"":""Report"",""title"":""Government Report"",""date"":""06/15/89"",""restriction"":""(b)(1)"",""classification"":""Secret"",""pages"":2,""sheetDisposition"":""No released copy indicated on the sheet"",""item"":""06""},{""itemNumber"":""09"",""type"":""Report"",""title"":""Government Report"",""date"":""06/21/89"",""restriction"":""(b)(1)"",""classification"":""Secret"",""pages"":1,""sheetDisposition"":""No released copy indicated on the sheet"",""item"":""09""},{""itemNumber"":""12"",""type"":""Report"",""title"":""Government Report"",""date"":""06/15/89"",""restriction"":""(b)(1)"",""classification"":""Confidential"",""pages"":2,""sheetDisposition"":""No released copy indicated on the sheet"",""item"":""12""},{""itemNumber"":""15"",""type"":""Report"",""title"":""Government Report"",""date"":""06/01/89"",""restriction"":""(b)(1)"",""classification"":""Secret"",""pages"":1,""sheetDisposition"":""No released copy indicated on the sheet"",""item"":""15""},{""itemNumber"":""18"",""type"":""Report"",""title"":""Government Report"",""date"":""06/21/89"",""restriction"":""(b)(1)"",""classification"":""Secret"",""pages"":1,""sheetDisposition"":""No released copy indicated on the sheet"",""item"":""18""},{""itemNumber"":""19"",""type"":""Paper"",""title"":""Meeting with President Mubarak."",""date"":""n.d."",""restriction"":""(b)(1)"",""classification"":""Secret"",""pages"":1,""sheetDisposition"":""No released copy indicated on the sheet"",""item"":""19""},{""itemNumber"":""20"",""type"":""Talking Points"",""title"":""Points to Be Made: Meeting with President Mubarak."",""date"":""n.d."",""restriction"":""(b)(1)"",""classification"":""Secret"",""pages"":2,""sheetDisposition"":""No released copy indicated on the sheet"",""item"":""20""},{""itemNumber"":""21"",""type"":""Report"",""title"":""Government Report"",""date"":""06/14/89"",""restriction"":""(b)(1)"",""classification"":""Confidential"",""pages"":1,""sheetDisposition"":""No released copy indicated on the sheet"",""item"":""21""},{""itemNumber"":""24"",""type"":""Report"",""title"":""Government Report"",""date"":""06/19/89"",""restriction"":""(b)(1)"",""classification"":""Secret"",""pages"":2,""sheetDisposition"":""No released copy indicated on the sheet"",""item"":""24""},{""itemNumber"":""27"",""type"":""Paper"",""title"":""Meeting with the New Greek Prime Minister."",""date"":""n.d."",""restriction"":""(b)(1)"",""classification"":""Confidential"",""pages"":1,""sheetDisposition"":""No released copy indicated on the sheet"",""item"":""27""},{""itemNumber"":""31"",""type"":""Report"",""title"":""Government Report"",""date"":""06/15/89"",""restriction"":""(b)(1)"",""classification"":""Secret"",""pages"":2,""sheetDisposition"":""No released copy indicated on the sheet"",""item"":""31""},{""itemNumber"":""35"",""type"":""Report"",""title"":""Government Report"",""date"":""05/09/89"",""restriction"":""(b)(1)"",""classification"":""Confidential"",""pages"":2,""sheetDisposition"":""No released copy indicated on the sheet"",""item"":""35""},{""itemNumber"":""38"",""type"":""Report"",""title"":""Government Report"",""date"":""06/15/89"",""restriction"":""(b)(1)"",""classification"":""Secret"",""pages"":2,""sheetDisposition"":""No released copy indicated on the sheet"",""item"":""38""},{""itemNumber"":""41"",""type"":""Report"",""title"":""Government Report"",""date"":""06/22/89"",""restriction"":""(b)(1)"",""classification"":""Secret"",""pages"":2,""sheetDisposition"":""No released copy indicated on the sheet"",""item"":""41""},{""itemNumber"":""44"",""type"":""Report"",""title"":""Government Report"",""date"":""01/10/89"",""restriction"":""(b)(1)"",""classification"":""Secret"",""pages"":2,""sheetDisposition"":""No released copy indicated on the sheet"",""item"":""44""},{""itemNumber"":""47"",""type"":""Report"",""title"":""Government Report"",""date"":""06/21/89"",""restriction"":""(b)(1)"",""classification"":""Secret"",""pages"":1,""sheetDisposition"":""No released copy indicated on the sheet"",""item"":""47""},{""itemNumber"":""50"",""type"":""Report"",""title"":""Government Report"",""date"":""05/11/89"",""restriction"":""(b)(1)"",""classification"":""Secret"",""pages"":2,""sheetDisposition"":""No released copy indicated on the sheet"",""item"":""50""},{""itemNumber"":""53"",""type"":""Report"",""title"":""Government Report"",""date"":""06/15/89"",""restriction"":""(b)(1)"",""classification"":""Secret"",""pages"":2,""sheetDisposition"":""No released copy indicated on the sheet"",""item"":""53""},{""itemNumber"":""56"",""type"":""Report"",""title"":""Government Report"",""date"":""06/15/89"",""restriction"":""(b)(1)"",""classification"":""Secret"",""pages"":2,""sheetDisposition"":""No released copy indicated on the sheet"",""item"":""56""},{""itemNumber"":""59"",""type"":""Report"",""title"":""Government Report"",""date"":""06/15/89"",""restriction"":""(b)(1)"",""classification"":""Secret"",""pages"":1,""sheetDisposition"":""No released copy indicated on the sheet"",""item"":""59""},{""itemNumber"":""62"",""type"":""Report"",""title"":""Government Report"",""date"":""06/22/89"",""restriction"":""(b)(1)"",""classification"":""Confidential"",""pages"":2,""sheetDisposition"":""No released copy indicated on the sheet"",""item"":""62""},{""itemNumber"":""65"",""type"":""Report"",""title"":""Government Report"",""date"":""06/15/89"",""restriction"":""(b)(1)"",""classification"":""Secret"",""pages"":2,""sheetDisposition"":""No released copy indicated on the sheet"",""item"":""65""},{""itemNumber"":""68"",""type"":""Report"",""title"":""Government Report"",""date"":""06/14/89"",""restriction"":""(b)(1)"",""classification"":""Secret"",""pages"":2,""sheetDisposition"":""No released copy indicated on the sheet"",""item"":""68""},{""itemNumber"":""71"",""type"":""Report"",""title"":""Government Report"",""date"":""06/15/89"",""restriction"":""(b)(1)"",""classification"":""Confidential"",""pages"":2,""sheetDisposition"":""No released copy indicated on the sheet"",""item"":""71""},{""itemNumber"":""74"",""type"":""Cable"",""title"":""Secretary of State to U.S. Embassy, Caracas, Re: Letter from the President to CAP [Carlos Andres Perez]."",""date"":""06/15/89"",""restriction"":""(b)(1)"",""classification"":""Confidential"",""pages"":1,""sheetDisposition"":""No released copy indicated on the sheet"",""item"":""74""},{""itemNumber"":""75"",""type"":""Report"",""title"":""Government Report"",""date"":""06/15/89"",""restriction"":""(b)(1)"",""classification"":""Secret"",""pages"":2,""sheetDisposition"":""No released copy indicated on the sheet"",""item"":""75""},{""itemNumber"":""78"",""type"":""Report"",""title"":""Government Report"",""date"":""06/15/89"",""restriction"":""(b)(1)"",""classification"":""Secret"",""pages"":2,""sheetDisposition"":""No released copy indicated on the sheet"",""item"":""78""},{""itemNumber"":""81"",""type"":""Report"",""title"":""Government Report"",""date"":""05/09/89"",""restriction"":""(b)(1)"",""classification"":""Confidential"",""pages"":2,""sheetDisposition"":""No released copy indicated on the sheet"",""item"":""81""},{""itemNumber"":""84"",""type"":""Report"",""title"":""Government Report"",""date"":""06/15/89"",""restriction"":""(b)(1)"",""classification"":""Secret"",""pages"":1,""sheetDisposition"":""No released copy indicated on the sheet"",""item"":""84""},{""itemNumber"":""85"",""type"":""Report"",""title"":""Government Report"",""date"":""5/21/84"",""restriction"":""(b)(1)"",""classification"":""Not stated"",""pages"":1,""sheetDisposition"":""No released copy indicated on the sheet"",""item"":""85""}]","https://catalog.archives.gov/id/452050393","https://catalog.archives.gov/medialz/presidential-libraries/bush/gb-nsc/deal-reiss/deal-reiss_eco_sum_2554819/41-bpr-nsc-deal-reiss-eco_sum-cf00186-007.pdf"
"deal-reiss-452050399","1989-07-11","July 11, 1989","day","[The …, 11 July 1989]","Timothy E. Deal and Mitchell B. Reiss Economic Summit File: [The …, 11 July 1989]","July 11, 1989","Timothy E. Deal and Mitchell B. Reiss economic-summit file","Economic Summits and Industrialized-Country Cooperation","Boundary","Online file unit; sheet dispositions unresolved","2","1","12","0","2 served-PDF pages; 1 withdrawal/redaction sheet description totaling 12 pages; 0 indicate a released-in-part copy follows and 1 do not; The two-page served PDF contains the opening marker and one sheet describing a 12-page Top Secret brief dated July 11, 1989; no released copy is indicated.","Mixed; document-level audit required","452050399","CF00186–013","locator","Opening provenance marker, all served-PDF pages, and every withdrawal/redaction sheet checked; file-unit locator only pending document boundaries, terminal markings, current release status, and controlling-copy review in the source images.","George H.W. Bush Library, Bush Presidential Records, National Security Council, Timothy E. Deal Files, Summit Briefing Books Files, OA/ID CF00186–013, [The …, 11 July 1989].","Declassification follow-up; Top Secret brief; Unresolved title","Boundary or cross-volume review. Retain as an unresolved declassification lead. The marker title is truncated and the sheet supplies only 'Brief,' so neither subject nor Volume XXX relevance can be established without additional archival evidence. This is a file-level lead, not a document-level inclusion claim. Compare controlling copies against the Deal Subject Files, Presidential Memcon Files, relevant regional files, and neighboring folders before promotion.","","","[{""itemNumber"":""01"",""type"":""Report"",""title"":""Re: Brief"",""date"":""07/11/89"",""restriction"":""(b)(1)"",""classification"":""Top Secret"",""pages"":12,""sheetDisposition"":""No released copy indicated on the sheet"",""item"":""01""}]","https://catalog.archives.gov/id/452050399","https://catalog.archives.gov/medialz/presidential-libraries/bush/gb-nsc/deal-reiss/deal-reiss_eco_sum_2554819/41-bpr-nsc-deal-reiss-eco_sum-cf00186-013.pdf"
"deal-reiss-452050394","1989-07-13","July 13-17, 1989","range","Visit of President Bush to the [Paris] Economic Summit and Poland, Hungary, and the Netherlands—July 9-18, 1989: France and Other Bilateral Events (July 13-17, 1989)","Timothy E. Deal and Mitchell B. Reiss Economic Summit File: Visit of President Bush to the [Paris] Economic Summit and Poland, Hungary, and the Netherlands—July 9-18, 1989: France and Other Bilateral Events (July 13-17, 1989)","July 13-17, 1989","Timothy E. Deal and Mitchell B. Reiss economic-summit file","Economic Summits and Industrialized-Country Cooperation","Boundary","Online file unit; sheet dispositions unresolved","42","12","22","0","42 served-PDF pages; 12 withdrawal/redaction sheet descriptions totaling 22 pages; 0 indicate a released-in-part copy follows and 12 do not; Twelve sheets describe 22 pages, including a 2-page Secret Scowcroft memorandum to the President and 6 pages of Mitterrand meeting points; no released copy is indicated.","Mixed; document-level audit required","452050394","CF00186–008","locator","Opening provenance marker, all served-PDF pages, and every withdrawal/redaction sheet checked; file-unit locator only pending document boundaries, terminal markings, current release status, and controlling-copy review in the source images.","George H.W. Bush Library, Bush Presidential Records, National Security Council, Timothy E. Deal Files, Summit Briefing Books Files, OA/ID CF00186–008, Visit of President Bush to the [Paris] Economic Summit and Poland, Hungary, and the Netherlands—July 9-18, 1989: France and Other Bilateral Events (July 13-17, 1989).","France; President Mitterrand; Paris Economic Summit; Bilateral meetings","Boundary or cross-volume review. Route the bilateral record principally to Western Europe. Retain unique evidence about summit agenda-setting and French economic positions after comparison with presidential memcons and the Paris briefing book. This is a file-level lead, not a document-level inclusion claim. Compare controlling copies against the Deal Subject Files, Presidential Memcon Files, relevant regional files, and neighboring folders before promotion.","","","[{""itemNumber"":""01"",""type"":""Table of"",""title"":""Visit of President Bush to the Economic Summit and Poland, Contents Hungary, and The Netherlands."",""date"":""July 1989"",""restriction"":""(b)(1)"",""classification"":""Secret"",""pages"":1,""sheetDisposition"":""No released copy indicated on the sheet"",""item"":""01""},{""itemNumber"":""02"",""type"":""Memo"",""title"":""Brent Scowcroft to POTUS, Re: Scope Paper: Your Meeting with President Mitterrand and Other Events in Paris on July 13-14."",""date"":""06/29/89"",""restriction"":""(b)(1)"",""classification"":""Secret"",""pages"":2,""sheetDisposition"":""No released copy indicated on the sheet"",""item"":""02""},{""itemNumber"":""04"",""type"":""Paper"",""title"":""Meeting with President Mitterrand."",""date"":""n.d."",""restriction"":""(b)(1)"",""classification"":""Secret"",""pages"":1,""sheetDisposition"":""No released copy indicated on the sheet"",""item"":""04""},{""itemNumber"":""05"",""type"":""Talking Points"",""title"":""Points to Be Made: Meeting with President Mitterrand."",""date"":""n.d."",""restriction"":""(b)(1)"",""classification"":""Secret"",""pages"":6,""sheetDisposition"":""No released copy indicated on the sheet"",""item"":""05""},{""itemNumber"":""06"",""type"":""Report"",""title"":""Government Report"",""date"":""06/14/89"",""restriction"":""(b)(1)"",""classification"":""Secret"",""pages"":2,""sheetDisposition"":""No released copy indicated on the sheet"",""item"":""06""},{""itemNumber"":""13"",""type"":""Report"",""title"":""Government Report"",""date"":""06/09/89"",""restriction"":""(b)(1)"",""classification"":""Secret"",""pages"":2,""sheetDisposition"":""No released copy indicated on the sheet"",""item"":""13""},{""itemNumber"":""14"",""type"":""Report"",""title"":""Government Report"",""date"":""06/14/89"",""restriction"":""(b)(1)"",""classification"":""Secret"",""pages"":1,""sheetDisposition"":""No released copy indicated on the sheet"",""item"":""14""},{""itemNumber"":""15"",""type"":""Report"",""title"":""Government Report"",""date"":""06/09/89"",""restriction"":""(b)(1)"",""classification"":""Secret"",""pages"":1,""sheetDisposition"":""No released copy indicated on the sheet"",""item"":""15""},{""itemNumber"":""16"",""type"":""Report"",""title"":""Government Report"",""date"":""05/09/89"",""restriction"":""(b)(1)"",""classification"":""Confidential"",""pages"":2,""sheetDisposition"":""No released copy indicated on the sheet"",""item"":""16""},{""itemNumber"":""17"",""type"":""Report"",""title"":""Government Report"",""date"":""06/15/89"",""restriction"":""(b)(1)"",""classification"":""Confidential"",""pages"":1,""sheetDisposition"":""No released copy indicated on the sheet"",""item"":""17""},{""itemNumber"":""18"",""type"":""Report"",""title"":""Government Report"",""date"":""06/15/89"",""restriction"":""(b)(1)"",""classification"":""Confidential"",""pages"":1,""sheetDisposition"":""No released copy indicated on the sheet"",""item"":""18""},{""itemNumber"":""19"",""type"":""Report"",""title"":""Government Report"",""date"":""06/15/89"",""restriction"":""(b)(1)"",""classification"":""Confidential"",""pages"":2,""sheetDisposition"":""No released copy indicated on the sheet"",""item"":""19""}]","https://catalog.archives.gov/id/452050394","https://catalog.archives.gov/medialz/presidential-libraries/bush/gb-nsc/deal-reiss/deal-reiss_eco_sum_2554819/41-bpr-nsc-deal-reiss-eco_sum-cf00186-008.pdf"
"deal-reiss-452050395","1989-07-14","July 14-16, 1989","range","Participation of President Bush in the Paris Economic Summit: Briefing Book (July 14-16, 1989)","Timothy E. Deal and Mitchell B. Reiss Economic Summit File: Participation of President Bush in the Paris Economic Summit: Briefing Book (July 14-16, 1989)","July 14-16, 1989","Timothy E. Deal and Mitchell B. Reiss economic-summit file","Economic Summits and Industrialized-Country Cooperation","Core","Online file unit; sheet dispositions unresolved","123","8","21","0","123 served-PDF pages; 8 withdrawal/redaction sheet descriptions totaling 21 pages; 0 indicate a released-in-part copy follows and 8 do not; Eight sheets describe 21 pages, led by a 6-page Secret June 28 Baker-Brady memorandum to President Bush and 5 pages of working-dinner points; no released copy is indicated for those entries.","Mixed; document-level audit required","452050395","CF00186–009","locator","Opening provenance marker, all served-PDF pages, and every withdrawal/redaction sheet checked; file-unit locator only pending document boundaries, terminal markings, current release status, and controlling-copy review in the source images.","George H.W. Bush Library, Bush Presidential Records, National Security Council, Timothy E. Deal Files, Summit Briefing Books Files, OA/ID CF00186–009, Participation of President Bush in the Paris Economic Summit: Briefing Book (July 14-16, 1989).","Paris Economic Summit; Presidential briefing book; Baker-Brady memorandum; Trade; Debt; Eastern Europe","Direct Volume XXX review. This is the principal presidential briefing book for Paris. Prioritize Scowcroft's released June 29 overview, the Baker-Brady economic memorandum, session guidance, debt strategy, trade, and Eastern Europe; compare political papers against the regional volumes. This is a file-level lead, not a document-level inclusion claim. Compare controlling copies against the Deal Subject Files, Presidential Memcon Files, relevant regional files, and neighboring folders before promotion.","","","[{""itemNumber"":""01"",""type"":""Table of"",""title"":""Participation of President Bush in the Paris Economic Contents Summit."",""date"":""July 1989"",""restriction"":""(b)(1)"",""classification"":""Secret"",""pages"":2,""sheetDisposition"":""No released copy indicated on the sheet"",""item"":""01""},{""itemNumber"":""03"",""type"":""Memo"",""title"":""James A. Baker, III and Nicholas F. Brady to POTUS, Re: The Paris Economic Summit."",""date"":""06/28/89"",""restriction"":""(b)(1)"",""classification"":""Secret"",""pages"":6,""sheetDisposition"":""No released copy indicated on the sheet"",""item"":""03""},{""itemNumber"":""07"",""type"":""Talking Points"",""title"":""Points to Be Made at July 14 Working Dinner."",""date"":""n.d."",""restriction"":""(b)(1)"",""classification"":""Secret"",""pages"":5,""sheetDisposition"":""No released copy indicated on the sheet"",""item"":""07""},{""itemNumber"":""47"",""type"":""Paper"",""title"":""Issue Paper: Terrorism."",""date"":""n.d."",""restriction"":""(b)(1)"",""classification"":""Secret"",""pages"":1,""sheetDisposition"":""No released copy indicated on the sheet"",""item"":""47""},{""itemNumber"":""48"",""type"":""Talking Points"",""title"":""Points to Be Made: Terrorism."",""date"":""n.d."",""restriction"":""(b)(1)"",""classification"":""Secret"",""pages"":2,""sheetDisposition"":""No released copy indicated on the sheet"",""item"":""48""},{""itemNumber"":""51"",""type"":""Paper"",""title"":""Issue Paper: China."",""date"":""n.d."",""restriction"":""(b)(1)"",""classification"":""Confidential"",""pages"":2,""sheetDisposition"":""No released copy indicated on the sheet"",""item"":""51""},{""itemNumber"":""53"",""type"":""Paper"",""title"":""Issue Paper: Middle East Peace Process."",""date"":""n.d."",""restriction"":""(b)(1)"",""classification"":""Secret"",""pages"":1,""sheetDisposition"":""No released copy indicated on the sheet"",""item"":""53""},{""itemNumber"":""54"",""type"":""Talking Points"",""title"":""Points to Be Made: Middle East Process."",""date"":""n.d."",""restriction"":""(b)(1)"",""classification"":""Secret"",""pages"":2,""sheetDisposition"":""No released copy indicated on the sheet"",""item"":""54""}]","https://catalog.archives.gov/id/452050395","https://catalog.archives.gov/medialz/presidential-libraries/bush/gb-nsc/deal-reiss/deal-reiss_eco_sum_2554819/41-bpr-nsc-deal-reiss-eco_sum-cf00186-009.pdf"
"deal-reiss-452050391","1989-07-17","July 17-18, 1989","range","Visit of President Bush to the [Paris] Economic Summit and Poland, Hungary, and the Netherlands—July 9-18, 1989: The Netherlands (July 17-18, 1989)","Timothy E. Deal and Mitchell B. Reiss Economic Summit File: Visit of President Bush to the [Paris] Economic Summit and Poland, Hungary, and the Netherlands—July 9-18, 1989: The Netherlands (July 17-18, 1989)","July 17-18, 1989","Timothy E. Deal and Mitchell B. Reiss economic-summit file","Economic Summits and Industrialized-Country Cooperation","Boundary","Online file unit; sheet dispositions unresolved","55","11","17","0","55 served-PDF pages; 11 withdrawal/redaction sheet descriptions totaling 17 pages; 0 indicate a released-in-part copy follows and 11 do not; Eleven sheets describe 17 pages of government reports; no released copy is indicated.","Mixed; document-level audit required","452050391","CF00186–005","locator","Opening provenance marker, all served-PDF pages, and every withdrawal/redaction sheet checked; file-unit locator only pending document boundaries, terminal markings, current release status, and controlling-copy review in the source images.","George H.W. Bush Library, Bush Presidential Records, National Security Council, Timothy E. Deal Files, Summit Briefing Books Files, OA/ID CF00186–005, Visit of President Bush to the [Paris] Economic Summit and Poland, Hungary, and the Netherlands—July 9-18, 1989: The Netherlands (July 17-18, 1989).","Netherlands; Prime Minister Lubbers; Trip follow-up; Western Europe","Boundary or cross-volume review. Route the Netherlands bilateral record principally to Western Europe. Retain unique economic-summit follow-up, environmental cooperation, or trade material only after comparison with memcons and the Netherlands briefing-card file. This is a file-level lead, not a document-level inclusion claim. Compare controlling copies against the Deal Subject Files, Presidential Memcon Files, relevant regional files, and neighboring folders before promotion.","","","[{""itemNumber"":""07"",""type"":""Report"",""title"":""Government Report"",""date"":""05/01/89"",""restriction"":""(b)(1)"",""classification"":""Secret"",""pages"":2,""sheetDisposition"":""No released copy indicated on the sheet"",""item"":""07""},{""itemNumber"":""12"",""type"":""Report"",""title"":""Government Report"",""date"":""06/16/89"",""restriction"":""(b)(1)"",""classification"":""Confidential"",""pages"":2,""sheetDisposition"":""No released copy indicated on the sheet"",""item"":""12""},{""itemNumber"":""20"",""type"":""Report"",""title"":""Government Report"",""date"":""05/19/89"",""restriction"":""(b)(1)"",""classification"":""Secret"",""pages"":2,""sheetDisposition"":""No released copy indicated on the sheet"",""item"":""20""},{""itemNumber"":""21"",""type"":""Report"",""title"":""Government Report"",""date"":""06/16/89"",""restriction"":""(b)(1)"",""classification"":""Confidential"",""pages"":1,""sheetDisposition"":""No released copy indicated on the sheet"",""item"":""21""},{""itemNumber"":""22"",""type"":""Report"",""title"":""Government Report"",""date"":""06/16/89"",""restriction"":""(b)(1)"",""classification"":""Confidential"",""pages"":1,""sheetDisposition"":""No released copy indicated on the sheet"",""item"":""22""},{""itemNumber"":""23"",""type"":""Report"",""title"":""Government Report"",""date"":""06/16/89"",""restriction"":""(b)(1)"",""classification"":""Confidential"",""pages"":1,""sheetDisposition"":""No released copy indicated on the sheet"",""item"":""23""},{""itemNumber"":""24"",""type"":""Report"",""title"":""Government Report"",""date"":""06/16/89"",""restriction"":""(b)(1)"",""classification"":""Secret"",""pages"":1,""sheetDisposition"":""No released copy indicated on the sheet"",""item"":""24""},{""itemNumber"":""25"",""type"":""Report"",""title"":""Government Report"",""date"":""06/16/89"",""restriction"":""(b)(1)"",""classification"":""Confidential"",""pages"":2,""sheetDisposition"":""No released copy indicated on the sheet"",""item"":""25""},{""itemNumber"":""26"",""type"":""Report"",""title"":""Government Report"",""date"":""06/16/89"",""restriction"":""(b)(1)"",""classification"":""Confidential"",""pages"":1,""sheetDisposition"":""No released copy indicated on the sheet"",""item"":""26""},{""itemNumber"":""27"",""type"":""Report"",""title"":""Government Report"",""date"":""06/16/89"",""restriction"":""(b)(1)"",""classification"":""Confidential"",""pages"":2,""sheetDisposition"":""No released copy indicated on the sheet"",""item"":""27""},{""itemNumber"":""28"",""type"":""Report"",""title"":""Government Report"",""date"":""05/16/89"",""restriction"":""(b)(1)"",""classification"":""Confidential"",""pages"":2,""sheetDisposition"":""No released copy indicated on the sheet"",""item"":""28""}]","https://catalog.archives.gov/id/452050391","https://catalog.archives.gov/medialz/presidential-libraries/bush/gb-nsc/deal-reiss/deal-reiss_eco_sum_2554819/41-bpr-nsc-deal-reiss-eco_sum-cf00186-005.pdf"
