"id","date","displayDateLabel","datePrecision","title","heading","dateline","type","chapter","selection","releaseStatus","pageCount","withheldPages","extentLabel","classification","naid","localId","sourceNoteStatus","sourceNoteBasis","archivalLocator","topics","notes","withdrawalMetadataNote","withdrawalInventory","catalogUrl","pdfUrl"
"deal-summit-452050637","1990-01-05","January 5-7, 1990","range","Houston [Economic] Summit: First Sherpa Meeting—Briefing Book (Key West) January 1990 [1]","Timothy E. Deal Summit Briefing Book File: Houston [Economic] Summit: First Sherpa Meeting—Briefing Book (Key West) January 1990 [1]","January 5-7, 1990","Timothy E. Deal summit briefing-book file","Economic Summits and Industrialized-Country Cooperation","Core","Online file unit; item audit pending","82","0","82 served-PDF pages; no withdrawal sheets identified; No withdrawal sheets were identified in the complete OCR review.","Mixed; document-level audit required","452050637","CF00960–001","locator","Opening provenance marker, all served-PDF pages, and individual withdrawal sheets checked; file-unit locator only pending document boundaries, terminal markings, release status, and controlling-copy review in the source images.","George H.W. Bush Library, Bush Presidential Records, National Security Council, Timothy E. Deal Files, Summit Briefing Books, OA/ID CF00960–001, Houston [Economic] Summit: First Sherpa Meeting—Briefing Book (Key West) January 1990 [1].","Houston Economic Summit; First Sherpa meeting; Summit agenda; Transition economies; International debt","Direct Volume XXX review. Read for the initial U.S. agenda-setting record. The first Key West book frames possible new summit topics, including market reform in Communist states, structural reform in developing countries, debt, and the post-Paris economic agenda. This is a file-level lead, not a document-level inclusion claim. Compare possible controlling copies against the Deal Subject Files and Deal-Reiss Economic Summit Files before promotion.","","[]","https://catalog.archives.gov/id/452050637","https://catalog.archives.gov/medialz/presidential-libraries/bush/gb-nsc/deal/summit_brief_books_2554817/41-bpr-nsc-deal-sumit_bref_bks-cf00960-001.pdf"
"deal-summit-452050638","1990-01-05","January 5-7, 1990","range","Houston [Economic] Summit: First Sherpa Meeting—Briefing Book (Key West) January 1990 [2]","Timothy E. Deal Summit Briefing Book File: Houston [Economic] Summit: First Sherpa Meeting—Briefing Book (Key West) January 1990 [2]","January 5-7, 1990","Timothy E. Deal summit briefing-book file","Economic Summits and Industrialized-Country Cooperation","Core","Partly released","55","62","55 served-PDF pages; 1 separately described withdrawn item totaling 62 pages; The withdrawal inventory identifies a 62-page Confidential EPC/EDRC report dated October 4, 1989 on structural-reform country assessments.","Mixed; document-level audit required","452050638","CF00960–002","locator","Opening provenance marker, all served-PDF pages, and individual withdrawal sheets checked; file-unit locator only pending document boundaries, terminal markings, release status, and controlling-copy review in the source images.","George H.W. Bush Library, Bush Presidential Records, National Security Council, Timothy E. Deal Files, Summit Briefing Books, OA/ID CF00960–002, Houston [Economic] Summit: First Sherpa Meeting—Briefing Book (Key West) January 1990 [2].","Houston Economic Summit; First Sherpa meeting; Macroeconomic coordination; Structural reform; Trade","Direct Volume XXX review. Use with the first Key West volume to reconstruct the opening Houston agenda. The book reviews external adjustment, trade, debt, agriculture, environment, and implementation of the Paris communique. This is a file-level lead, not a document-level inclusion claim. Compare possible controlling copies against the Deal Subject Files and Deal-Reiss Economic Summit Files before promotion.","","[{""itemNumber"":""03"",""type"":""Report"",""title"":""Economic Policy Committee--Economic and Development Review Committee: Progress in Structural Reform--Country Assessments."",""date"":""10/04/89"",""restriction"":""(b)(1)"",""classification"":""Confidential"",""pages"":62,""item"":""03""}]","https://catalog.archives.gov/id/452050638","https://catalog.archives.gov/medialz/presidential-libraries/bush/gb-nsc/deal/summit_brief_books_2554817/41-bpr-nsc-deal-sumit_bref_bks-cf00960-002.pdf"
"deal-summit-452050639","1990-03-22","March 22-25, 1990","range","Houston [Economic] Summit: Second Sherpa Meeting—Briefing Book (San Francisco) March 1990 [1]","Timothy E. Deal Summit Briefing Book File: Houston [Economic] Summit: Second Sherpa Meeting—Briefing Book (San Francisco) March 1990 [1]","March 22-25, 1990","Timothy E. Deal summit briefing-book file","Economic Summits and Industrialized-Country Cooperation","Core","Partly released","122","14","122 served-PDF pages; 4 separately described withdrawn items totaling 14 pages; Four withdrawn items total 14 pages and include COCOM, Eastern Europe, and G-24 assistance tables for Poland and Hungary.","Mixed; document-level audit required","452050639","CF00960–003","locator","Opening provenance marker, all served-PDF pages, and individual withdrawal sheets checked; file-unit locator only pending document boundaries, terminal markings, release status, and controlling-copy review in the source images.","George H.W. Bush Library, Bush Presidential Records, National Security Council, Timothy E. Deal Files, Summit Briefing Books, OA/ID CF00960–003, Houston [Economic] Summit: Second Sherpa Meeting—Briefing Book (San Francisco) March 1990 [1].","Houston Economic Summit; Second Sherpa meeting; COCOM; Eastern Europe; Poland and Hungary assistance","Direct Volume XXX review. The first San Francisco book records the second Sherpa agenda and U.S. papers on the global economy, East-West economic issues, developing countries, trade and investment, international monetary coordination, and the EBRD. This is a file-level lead, not a document-level inclusion claim. Compare possible controlling copies against the Deal Subject Files and Deal-Reiss Economic Summit Files before promotion.","","[{""itemNumber"":""26"",""type"":""Paper"",""title"":""Re: COCOM [Coordinating Committee for Multilateral Export Controls]."",""date"":""n.d."",""restriction"":""(b)(1)"",""classification"":""Confidential"",""pages"":3,""item"":""26""},{""itemNumber"":""28"",""type"":""Report"",""title"":""Re: Eastern Europe."",""date"":""02/06/90"",""restriction"":""(b)(1)"",""classification"":""Secret"",""pages"":6,""item"":""28""},{""itemNumber"":""29"",""type"":""Table"",""title"":""Re: G-24 Assistance for Poland Since Paris Summit."",""date"":""02/02/90"",""restriction"":""(b)(1)"",""classification"":""Confidential"",""pages"":3,""item"":""29""},{""itemNumber"":""30"",""type"":""Table"",""title"":""Re: G-24 Assistance for Hungary Since Paris Summit."",""date"":""n.d."",""restriction"":""(b)(1)"",""classification"":""Confidential"",""pages"":2,""item"":""30""}]","https://catalog.archives.gov/id/452050639","https://catalog.archives.gov/medialz/presidential-libraries/bush/gb-nsc/deal/summit_brief_books_2554817/41-bpr-nsc-deal-sumit_bref_bks-cf00960-003.pdf"
"deal-summit-452050640","1990-03-22","March 22-25, 1990","range","Houston [Economic] Summit: Second Sherpa Meeting—Briefing Book (San Francisco) March 1990 [2]","Timothy E. Deal Summit Briefing Book File: Houston [Economic] Summit: Second Sherpa Meeting—Briefing Book (San Francisco) March 1990 [2]","March 22-25, 1990","Timothy E. Deal summit briefing-book file","Economic Summits and Industrialized-Country Cooperation","Core","Partly released","110","30","110 served-PDF pages; 7 separately described withdrawn items totaling 30 pages; Seven withdrawn items total 30 pages, including a February 16 Houston Summit report and Secret papers on Germany, the Soviet Union, and East Germany.","Mixed; document-level audit required","452050640","CF00960–004","locator","Opening provenance marker, all served-PDF pages, and individual withdrawal sheets checked; file-unit locator only pending document boundaries, terminal markings, release status, and controlling-copy review in the source images.","George H.W. Bush Library, Bush Presidential Records, National Security Council, Timothy E. Deal Files, Summit Briefing Books, OA/ID CF00960–004, Houston [Economic] Summit: Second Sherpa Meeting—Briefing Book (San Francisco) March 1990 [2].","Houston Economic Summit; Second Sherpa meeting; International debt; German unification; Development assistance","Direct Volume XXX review. The second San Francisco book concentrates on third-world debt, development assistance, Germany and the Soviet Union, and supporting background for the Houston negotiations. This is a file-level lead, not a document-level inclusion claim. Compare possible controlling copies against the Deal Subject Files and Deal-Reiss Economic Summit Files before promotion.","","[{""itemNumber"":""07"",""type"":""Memo"",""title"":""A. Peter Burleigh to Mr. McCormick [sic] and Mr. Zoellick, Re: Germany and the USSR: Present and Future Partners."",""date"":""03/02/90"",""restriction"":""(b)(1)"",""classification"":""Secret"",""pages"":3,""item"":""07""},{""itemNumber"":""12"",""type"":""Paper"",""title"":""Background Information [for Houston Economic Summit Sherpa meeting]."",""date"":""n.d."",""restriction"":""(b)(1)"",""classification"":""Confidential"",""pages"":6,""item"":""12""},{""itemNumber"":""13"",""type"":""Report"",""title"":""Re: Houston Economic Summit."",""date"":""02/16/90"",""restriction"":""(b)(1)"",""classification"":""Confidential"",""pages"":6,""item"":""13""},{""itemNumber"":""14"",""type"":""Report"",""title"":""Re: West/ East Germany."",""date"":""03/15/90"",""restriction"":""(b)(1)"",""classification"":""Secret"",""pages"":7,""item"":""14""},{""itemNumber"":""17"",""type"":""Paper"",""title"":""Background: Forgiveness of the Canadian Official Development Assistance Debts of Commonwealth Caribbean Countries."",""date"":""n.d."",""restriction"":""(b)(1)"",""classification"":""Not stated"",""pages"":3,""item"":""17""},{""itemNumber"":""18"",""type"":""Paper"",""title"":""Background: Forgiveness of the Canadian Official Development Assistance Debts of Commonwealth Caribbean Countries."",""date"":""n.d."",""restriction"":""(b)(1)"",""classification"":""Not stated"",""pages"":3,""item"":""18""},{""itemNumber"":""22"",""type"":""Notes"",""title"":""Handwritten notes, Re: EE."",""date"":""n.d."",""restriction"":""(b)(1)"",""classification"":""Not stated"",""pages"":2,""item"":""22""}]","https://catalog.archives.gov/id/452050640","https://catalog.archives.gov/medialz/presidential-libraries/bush/gb-nsc/deal/summit_brief_books_2554817/41-bpr-nsc-deal-sumit_bref_bks-cf00960-004.pdf"
"deal-summit-452050641","1990-06-15","June 15-17, 1990","range","Houston [Economic] Summit: Fourth Sherpa Meeting—Briefing Book (Newport) June 1990 [1]","Timothy E. Deal Summit Briefing Book File: Houston [Economic] Summit: Fourth Sherpa Meeting—Briefing Book (Newport) June 1990 [1]","June 15-17, 1990","Timothy E. Deal summit briefing-book file","Economic Summits and Industrialized-Country Cooperation","Core","Partly released","123","18","123 served-PDF pages; 4 separately described withdrawn items totaling 18 pages; Four withdrawn items total 18 pages, led by the 12-page thematic paper on international trade and investment and a 3-page multilateral-trading-system paper.","Mixed; document-level audit required","452050641","CF00960–005","locator","Opening provenance marker, all served-PDF pages, and individual withdrawal sheets checked; file-unit locator only pending document boundaries, terminal markings, release status, and controlling-copy review in the source images.","George H.W. Bush Library, Bush Presidential Records, National Security Council, Timothy E. Deal Files, Summit Briefing Books, OA/ID CF00960–005, Houston [Economic] Summit: Fourth Sherpa Meeting—Briefing Book (Newport) June 1990 [1].","Houston Economic Summit; Fourth Sherpa meeting; Multilateral trading system; Trade and investment; Soviet economy","Direct Volume XXX review. The first Newport book captures late-stage Sherpa drafting on the trading system, investment, East-West economic relations, the Soviet Union, developing-country debt, energy, and the summit thematic paper. This is a file-level lead, not a document-level inclusion claim. Compare possible controlling copies against the Deal Subject Files and Deal-Reiss Economic Summit Files before promotion.","","[{""itemNumber"":""01"",""type"":""Paper"",""title"":""Re: The Multilateral Trading System."",""date"":""n.d."",""restriction"":""(b)(1)"",""classification"":""Not stated"",""pages"":3,""item"":""01""},{""itemNumber"":""02"",""type"":""Paper"",""title"":""Annex A: Precursor and Essential Chemicals."",""date"":""n.d."",""restriction"":""(b)(1)"",""classification"":""Not stated"",""pages"":2,""item"":""02""},{""itemNumber"":""04"",""type"":""Paper"",""title"":""Thematic Paper: International Trade and Investment."",""date"":""n.d."",""restriction"":""(b)(1)"",""classification"":""Not stated"",""pages"":12,""item"":""04""},{""itemNumber"":""07b"",""type"":""Paper"",""title"":""G-7 Terrorism Experts Proposal to Improve the Coordination of Aviation Security Assistance Programs."",""date"":""n.d."",""restriction"":""(b)(1)"",""classification"":""Confidential"",""pages"":1,""item"":""07b""}]","https://catalog.archives.gov/id/452050641","https://catalog.archives.gov/medialz/presidential-libraries/bush/gb-nsc/deal/summit_brief_books_2554817/41-bpr-nsc-deal-sumit_bref_bks-cf00960-005.pdf"
"deal-summit-452050642","1990-06-15","June 15-17, 1990","range","Houston [Economic] Summit: Fourth Sherpa Meeting—Briefing Book (Newport) June 1990 [2]","Timothy E. Deal Summit Briefing Book File: Houston [Economic] Summit: Fourth Sherpa Meeting—Briefing Book (Newport) June 1990 [2]","June 15-17, 1990","Timothy E. Deal summit briefing-book file","Economic Summits and Industrialized-Country Cooperation","Core","Online file unit; item audit pending","102","0","102 served-PDF pages; no withdrawal sheets identified; No withdrawal sheets were identified in the complete OCR review.","Mixed; document-level audit required","452050642","CF00960–006","locator","Opening provenance marker, all served-PDF pages, and individual withdrawal sheets checked; file-unit locator only pending document boundaries, terminal markings, release status, and controlling-copy review in the source images.","George H.W. Bush Library, Bush Presidential Records, National Security Council, Timothy E. Deal Files, Summit Briefing Books, OA/ID CF00960–006, Houston [Economic] Summit: Fourth Sherpa Meeting—Briefing Book (Newport) June 1990 [2].","Houston Economic Summit; Fourth Sherpa meeting; U.S.-EC relations; Trade; Economic coordination","Direct Volume XXX review. Read as the companion Newport volume for U.S.-EC economic relations, country positions, and the final negotiation path into Houston. Compare repeated briefing papers against the first Newport volume before selecting a controlling copy. This is a file-level lead, not a document-level inclusion claim. Compare possible controlling copies against the Deal Subject Files and Deal-Reiss Economic Summit Files before promotion.","","[]","https://catalog.archives.gov/id/452050642","https://catalog.archives.gov/medialz/presidential-libraries/bush/gb-nsc/deal/summit_brief_books_2554817/41-bpr-nsc-deal-sumit_bref_bks-cf00960-006.pdf"
"deal-summit-452050643","1990-07-09","July 9-11, 1990","range","Houston [Economic] Summit: President's Background Book—July 1990","Timothy E. Deal Summit Briefing Book File: Houston [Economic] Summit: President's Background Book—July 1990","July 9-11, 1990","Timothy E. Deal summit briefing-book file","Economic Summits and Industrialized-Country Cooperation","Core","Partly released","76","12","76 served-PDF pages; 7 separately described withdrawn items totaling 12 pages; Seven withdrawn items total 12 pages; the foreign-economic withdrawal is a 2-page Secret paper on the Soviet Union.","Mixed; document-level audit required","452050643","CF00960–007","locator","Opening provenance marker, all served-PDF pages, and individual withdrawal sheets checked; file-unit locator only pending document boundaries, terminal markings, release status, and controlling-copy review in the source images.","George H.W. Bush Library, Bush Presidential Records, National Security Council, Timothy E. Deal Files, Summit Briefing Books Files, OA/ID CF00960–007, Houston [Economic] Summit: President's Background Book—July 1990.","Houston Economic Summit; President's background book; International trade; International debt; Soviet economy","Direct Volume XXX review. This presidential background book assembles the White House issue papers and country papers for Houston. Prioritize final issue papers that show what reached the President, while checking them against the separate Houston Subject Files for duplicate copies. This is a file-level lead, not a document-level inclusion claim. Compare possible controlling copies against the Deal Subject Files and Deal-Reiss Economic Summit Files before promotion.","","[{""itemNumber"":""19"",""type"":""Paper"",""title"":""Soviet Union."",""date"":""n.d."",""restriction"":""(b)(1)"",""classification"":""Secret"",""pages"":2,""item"":""19""},{""itemNumber"":""25"",""type"":""Paper"",""title"":""Libya, Iran, and Iraq."",""date"":""n.d."",""restriction"":""(b)(1)"",""classification"":""Secret"",""pages"":2,""item"":""25""},{""itemNumber"":""26"",""type"":""Talking points"",""title"":""Points to Be Made on Libya, Iran, and Iraq."",""date"":""n.d."",""restriction"":""(b)(1)"",""classification"":""Secret"",""pages"":1,""item"":""26""},{""itemNumber"":""27"",""type"":""Paper"",""title"":""Regional Conflicts."",""date"":""n.d."",""restriction"":""(b)(1)"",""classification"":""Secret"",""pages"":2,""item"":""27""},{""itemNumber"":""28"",""type"":""Talking points"",""title"":""Points to Be Made on Regional Conflicts."",""date"":""n.d."",""restriction"":""(b)(1)"",""classification"":""Secret"",""pages"":2,""item"":""28""},{""itemNumber"":""37"",""type"":""Paper"",""title"":""Terrorism."",""date"":""n.d."",""restriction"":""(b)(1)"",""classification"":""Secret"",""pages"":2,""item"":""37""},{""itemNumber"":""38"",""type"":""Talking points"",""title"":""Points to Be Made On Terrorism."",""date"":""n.d."",""restriction"":""(b)(1)"",""classification"":""Secret"",""pages"":1,""item"":""38""}]","https://catalog.archives.gov/id/452050643","https://catalog.archives.gov/medialz/presidential-libraries/bush/gb-nsc/deal/summit_brief_books_2554817/41-bpr-nsc-deal-sumit_bref_bks-cf00960-007.pdf"
"deal-summit-452050644","1991-06-07","June 7-9, 1991","range","London [Economic] Summit: Third Sherpa Meeting—Briefing Book (London) June 1991 [1 of 3]","Timothy E. Deal Summit Briefing Book File: London [Economic] Summit: Third Sherpa Meeting—Briefing Book (London) June 1991 [1 of 3]","June 7-9, 1991","Timothy E. Deal summit briefing-book file","Economic Summits and Industrialized-Country Cooperation","Core","Partly released","65","24","65 served-PDF pages; 9 separately described withdrawn items totaling 24 pages; Nine withdrawn items total 24 pages, including Soviet economic issues and nuclear-safety cooperation with Eastern Europe.","Mixed; document-level audit required","452050644","CF00960–008","locator","Opening provenance marker, all served-PDF pages, and individual withdrawal sheets checked; file-unit locator only pending document boundaries, terminal markings, release status, and controlling-copy review in the source images.","George H.W. Bush Library, Bush Presidential Records, National Security Council, Timothy E. Deal Files, Summit Briefing Books Files, OA/ID CF00960–008, London [Economic] Summit: Third Sherpa Meeting—Briefing Book (London) June 1991 [1 of 3].","London Economic Summit; Third Sherpa meeting; Soviet economic issues; Energy; Nuclear safety","Direct Volume XXX review. The first third-Sherpa book is a strong transition-economy and energy file. It combines released U.S. briefing papers with exact inventories for Soviet economic issues, nuclear power, and energy-producer coordination. This is a file-level lead, not a document-level inclusion claim. Compare possible controlling copies against the Deal Subject Files and Deal-Reiss Economic Summit Files before promotion.","The opening marker identifies Timothy E. Deal Files, Summit Briefing Books Files. Later withdrawal sheets instead label the subseries Subject Files. The opening marker controls this file-level locator.","[{""itemNumber"":""01"",""type"":""Paper"",""title"":""Re: Soviet Economic Issues"",""date"":""n.d."",""restriction"":""(b)(1)"",""classification"":""Confidential"",""pages"":6,""item"":""01""},{""itemNumber"":""02"",""type"":""Letter"",""title"":""From Nigel Wicks to all Sherpa Colleagues"",""date"":""5/31/91"",""restriction"":""(b)(1)"",""classification"":""Not stated"",""pages"":1,""item"":""02""},{""itemNumber"":""03"",""type"":""Paper"",""title"":""Re: G7 Economic Summit - Drugs Initiative"",""date"":""n.d."",""restriction"":""(b)(1)"",""classification"":""Not stated"",""pages"":2,""item"":""03""},{""itemNumber"":""04"",""type"":""Paper"",""title"":""Re: [1991 IEA Communique] [ only]"",""date"":""n.d."",""restriction"":""(b)(1)"",""classification"":""Confidential"",""pages"":1,""item"":""04""},{""itemNumber"":""05"",""type"":""Cable"",""title"":""061017Z JUN 91"",""date"":""6/6/91"",""restriction"":""(b)(1)"",""classification"":""Confidential"",""pages"":1,""item"":""05""},{""itemNumber"":""06"",""type"":""Paper"",""title"":""Re: Economic Summit - Japanese Proposal on Nuclear Energy"",""date"":""6/6/91"",""restriction"":""(b)(1)"",""classification"":""Not stated"",""pages"":1,""item"":""06""},{""itemNumber"":""07"",""type"":""Paper"",""title"":""Re: A Proposal for the London Summit (Nuclear Power)"",""date"":""n.d."",""restriction"":""(b)(1)"",""classification"":""Not stated"",""pages"":2,""item"":""07""},{""itemNumber"":""08"",""type"":""Message"",""title"":""Re: Nuclear Safety Cooperation with Eastern Europe"",""date"":""6/6/91"",""restriction"":""(b)(1)"",""classification"":""Confidential"",""pages"":6,""item"":""08""},{""itemNumber"":""09"",""type"":""Message"",""title"":""Re: Broad-Based Wariness on Producer/Consumer at IEA Ministerial"",""date"":""6/5/91"",""restriction"":""(b)(1)"",""classification"":""Confidential"",""pages"":4,""item"":""09""}]","https://catalog.archives.gov/id/452050644","https://catalog.archives.gov/medialz/presidential-libraries/bush/gb-nsc/deal/summit_brief_books_2554817/41-bpr-nsc-deal-sumit_bref_bks-cf00960-008.pdf"
"deal-summit-452050645","1991-06-07","June 7-9, 1991","range","London [Economic] Summit: Third Sherpa Meeting—Briefing Book (London) June 1991 [2 of 3]","Timothy E. Deal Summit Briefing Book File: London [Economic] Summit: Third Sherpa Meeting—Briefing Book (London) June 1991 [2 of 3]","June 7-9, 1991","Timothy E. Deal summit briefing-book file","Economic Summits and Industrialized-Country Cooperation","Core","Partly released","67","18","67 served-PDF pages; 6 separately described withdrawn items totaling 18 pages; Six withdrawn items total 18 pages, including the Italian migration proposal and Canadian and British environmental papers.","Mixed; document-level audit required","452050645","CF00960–009","locator","Opening provenance marker, all served-PDF pages, and individual withdrawal sheets checked; file-unit locator only pending document boundaries, terminal markings, release status, and controlling-copy review in the source images.","George H.W. Bush Library, Bush Presidential Records, National Security Council, Timothy E. Deal Files, Summit Briefing Books Files, OA/ID CF00960–009, London [Economic] Summit: Third Sherpa Meeting—Briefing Book (London) June 1991 [2 of 3].","London Economic Summit; Third Sherpa meeting; International monetary policy; Environment; Migration","Direct Volume XXX review. The second third-Sherpa book carries Treasury material on monetary developments and coordination, alongside environmental and migration proposals. Select only decision-shaping papers rather than every national proposal. This is a file-level lead, not a document-level inclusion claim. Compare possible controlling copies against the Deal Subject Files and Deal-Reiss Economic Summit Files before promotion.","The opening marker identifies Timothy E. Deal Files, Summit Briefing Books Files. Later withdrawal sheets instead label the subseries Subject Files. The opening marker controls this file-level locator.","[{""itemNumber"":""01"",""type"":""Paper"",""title"":""Re: Italian Proposal on Migration"",""date"":""5/29/91"",""restriction"":""(b)(1)"",""classification"":""Confidential"",""pages"":6,""item"":""01""},{""itemNumber"":""02"",""type"":""Letter"",""title"":""To Nigel Wicks"",""date"":""5/24/91"",""restriction"":""(b)(1)"",""classification"":""Not stated"",""pages"":2,""item"":""02""},{""itemNumber"":""03"",""type"":""Paper"",""title"":""Re: UK Paper - Environmental Disasters: Stronger International Capacity"",""date"":""n.d."",""restriction"":""(b)(1)"",""classification"":""Not stated"",""pages"":2,""item"":""03""},{""itemNumber"":""04"",""type"":""Paper"",""title"":""Re: Improving International Response to Environmental Emergencies A Canadian Perspective"",""date"":""n.d."",""restriction"":""(b)(1)"",""classification"":""Not stated"",""pages"":3,""item"":""04""},{""itemNumber"":""05"",""type"":""Paper"",""title"":""Re: Proposal: Canadian Perspective on Oceans"",""date"":""4/91"",""restriction"":""(b)(1)"",""classification"":""Not stated"",""pages"":4,""item"":""05""},{""itemNumber"":""06"",""type"":""List"",""title"":""Distribution"",""date"":""4/11/91"",""restriction"":""(b)(3)"",""classification"":""Not stated"",""pages"":1,""item"":""06""}]","https://catalog.archives.gov/id/452050645","https://catalog.archives.gov/medialz/presidential-libraries/bush/gb-nsc/deal/summit_brief_books_2554817/41-bpr-nsc-deal-sumit_bref_bks-cf00960-009.pdf"
"deal-summit-452050646","1991-06-07","June 7-9, 1991","range","London [Economic] Summit: Third Sherpa Meeting—Briefing Book (London) June 1991 [3 of 3]","Timothy E. Deal Summit Briefing Book File: London [Economic] Summit: Third Sherpa Meeting—Briefing Book (London) June 1991 [3 of 3]","June 7-9, 1991","Timothy E. Deal summit briefing-book file","Economic Summits and Industrialized-Country Cooperation","Core","Partly released","50","9","50 served-PDF pages; 3 separately described withdrawn items totaling 9 pages; Three withdrawal entries total 9 physical pages: a 3-page G-7 outlook and two 3-page descriptions of a June 5 Major message.","Mixed; document-level audit required","452050646","CF00960–010","locator","Opening provenance marker, all served-PDF pages, and individual withdrawal sheets checked; file-unit locator only pending document boundaries, terminal markings, release status, and controlling-copy review in the source images.","George H.W. Bush Library, Bush Presidential Records, National Security Council, Timothy E. Deal Files, Summit Briefing Books Files, OA/ID CF00960–010, London [Economic] Summit: Third Sherpa Meeting—Briefing Book (London) June 1991 [3 of 3].","London Economic Summit; Third Sherpa meeting; G-7 economic outlook; Debt-for-nature swaps; Prime Minister John Major","Direct Volume XXX review. The third third-Sherpa book contains debt-for-nature, economic-outlook, and other concluding material. The two identically described Major-to-Bush messages must be treated as possible duplicate copies until the originals can be compared. This is a file-level lead, not a document-level inclusion claim. Compare possible controlling copies against the Deal Subject Files and Deal-Reiss Economic Summit Files before promotion.","The opening marker identifies Timothy E. Deal Files, Summit Briefing Books Files. Later withdrawal sheets instead label the subseries Subject Files. The opening marker controls this file-level locator.","[{""itemNumber"":""01"",""type"":""Paper"",""title"":""Re: G-7: Economic Outlook"",""date"":""5/29/91"",""restriction"":""(b)(1)"",""classification"":""Confidential"",""pages"":3,""item"":""01""},{""itemNumber"":""02"",""type"":""Message"",""title"":""From Prime Minister Major to POTUS"",""date"":""6/5/91"",""restriction"":""(b)(1)"",""classification"":""Confidential"",""pages"":3,""item"":""02""},{""itemNumber"":""03"",""type"":""Message"",""title"":""From Prime Minister Major to POTUS"",""date"":""6/5/91"",""restriction"":""(b)(1)"",""classification"":""Confidential"",""pages"":3,""item"":""03""}]","https://catalog.archives.gov/id/452050646","https://catalog.archives.gov/medialz/presidential-libraries/bush/gb-nsc/deal/summit_brief_books_2554817/41-bpr-nsc-deal-sumit_bref_bks-cf00960-010.pdf"
"deal-summit-452050647","1991-07-05","July 5-7, 1991","range","London [Economic] Summit: Fourth Sherpa Meeting—Briefing Book (London) June 1991 [1 of 3]","Timothy E. Deal Summit Briefing Book File: London [Economic] Summit: Fourth Sherpa Meeting—Briefing Book (London) June 1991 [1 of 3]","July 5-7, 1991","Timothy E. Deal summit briefing-book file","Economic Summits and Industrialized-Country Cooperation","Core","Partly released","67","20","67 served-PDF pages; 5 separately described withdrawn items totaling 20 pages; Five withdrawn items total 20 pages, including a 6-page Secret paper on the U.S. response to Soviet economic reform and a 6-page Secret EC-Eastern Europe report.","Mixed; document-level audit required","452050647","CF00960–011","locator","Opening provenance marker, all served-PDF pages, and individual withdrawal sheets checked; file-unit locator only pending document boundaries, terminal markings, release status, and controlling-copy review in the source images.","George H.W. Bush Library, Bush Presidential Records, National Security Council, Timothy E. Deal Files, Summit Briefing Books Files, OA/ID CF00960–011, London [Economic] Summit: Fourth Sherpa Meeting—Briefing Book (London) June 1991 [1 of 3].","London Economic Summit; Fourth Sherpa meeting; Soviet economic reform; Eastern Europe; Sanctions","Direct Volume XXX review. This is the highest-value London Sherpa folder for transition policy. It contains the final preparatory book and identifies separate papers on Soviet reform, the U.S. response, EC-Eastern Europe policy, Iraq sanctions, and a Major message to Bush. This is a file-level lead, not a document-level inclusion claim. Compare possible controlling copies against the Deal Subject Files and Deal-Reiss Economic Summit Files before promotion.","The opening marker identifies Timothy E. Deal Files, Summit Briefing Books Files. Later withdrawal sheets instead label the subseries Subject Files. The opening marker controls this file-level locator.","[{""itemNumber"":""01"",""type"":""Paper"",""title"":""Re: Update of Soviet Economic Issues"",""date"":""7/1/91"",""restriction"":""(b)(1)"",""classification"":""Confidential"",""pages"":5,""item"":""01""},{""itemNumber"":""02"",""type"":""Paper"",""title"":""Re: Soviet Economic Reform: U.S. Response"",""date"":""7/2/91"",""restriction"":""(b)(1)"",""classification"":""Secret"",""pages"":6,""item"":""02""},{""itemNumber"":""03"",""type"":""Report"",""title"":""Re: EC-Eastern Europe"",""date"":""6/24/91"",""restriction"":""(b)(1)"",""classification"":""Secret"",""pages"":6,""item"":""03""},{""itemNumber"":""04"",""type"":""Paper"",""title"":""Re: Update on Status of Iraq Sanctions and Future Actions"",""date"":""n.d."",""restriction"":""(b)(1)"",""classification"":""Secret"",""pages"":1,""item"":""04""},{""itemNumber"":""05"",""type"":""Message"",""title"":""From Prime Minister Major to POTUS"",""date"":""6/14/91"",""restriction"":""(b)(1)"",""classification"":""Confidential"",""pages"":2,""item"":""05""}]","https://catalog.archives.gov/id/452050647","https://catalog.archives.gov/medialz/presidential-libraries/bush/gb-nsc/deal/summit_brief_books_2554817/41-bpr-nsc-deal-sumit_bref_bks-cf00960-011.pdf"
"deal-summit-452050648","1991-07-05","July 5-7, 1991","range","London [Economic] Summit: Fourth Sherpa Meeting—Briefing Book (London) June 1991 [2 of 3]","Timothy E. Deal Summit Briefing Book File: London [Economic] Summit: Fourth Sherpa Meeting—Briefing Book (London) June 1991 [2 of 3]","July 5-7, 1991","Timothy E. Deal summit briefing-book file","Economic Summits and Industrialized-Country Cooperation","Consider","Partly released","48","17","48 served-PDF pages; 6 separately described withdrawn items totaling 17 pages; Six withdrawn items total 17 pages, including repeated Italian, British, and Canadian proposals.","Mixed; document-level audit required","452050648","CF00960–012","locator","Opening provenance marker, all served-PDF pages, and individual withdrawal sheets checked; file-unit locator only pending document boundaries, terminal markings, release status, and controlling-copy review in the source images.","George H.W. Bush Library, Bush Presidential Records, National Security Council, Timothy E. Deal Files, Summit Briefing Books Files, OA/ID CF00960–012, London [Economic] Summit: Fourth Sherpa Meeting—Briefing Book (London) June 1991 [2 of 3].","London Economic Summit; Fourth Sherpa meeting; Energy; Environment; Migration","Selective Volume XXX review. Review selectively for U.S. energy policy and negotiating positions. Much of the migration and environmental material repeats proposals in the third-Sherpa books and should be deduplicated before item-level promotion. This is a file-level lead, not a document-level inclusion claim. Compare possible controlling copies against the Deal Subject Files and Deal-Reiss Economic Summit Files before promotion.","The opening marker identifies Timothy E. Deal Files, Summit Briefing Books Files. Later withdrawal sheets instead label the subseries Subject Files. The opening marker controls this file-level locator.","[{""itemNumber"":""01"",""type"":""Paper"",""title"":""Re: Italian Proposal on Migration"",""date"":""5/29/91"",""restriction"":""(b)(1)"",""classification"":""Confidential"",""pages"":6,""item"":""01""},{""itemNumber"":""02"",""type"":""Letter"",""title"":""To Nigel Wicks"",""date"":""5/24/91"",""restriction"":""(b)(1)"",""classification"":""Not stated"",""pages"":2,""item"":""02""},{""itemNumber"":""03"",""type"":""Paper"",""title"":""Re: Migrations"",""date"":""n.d."",""restriction"":""(b)(1)"",""classification"":""Not stated"",""pages"":1,""item"":""03""},{""itemNumber"":""04"",""type"":""Paper"",""title"":""Re: UK Paper -- Environmental Disasters: Stronger International Capacity"",""date"":""n.d."",""restriction"":""(b)(1)"",""classification"":""Not stated"",""pages"":2,""item"":""04""},{""itemNumber"":""05"",""type"":""Paper"",""title"":""Re: Improving International Response to Environmental Emergencies -- A Canadian Perspective"",""date"":""4/91"",""restriction"":""(b)(1)"",""classification"":""Not stated"",""pages"":3,""item"":""05""},{""itemNumber"":""06"",""type"":""Paper"",""title"":""Re: Oceans -- Canadian Perspective"",""date"":""4/91"",""restriction"":""(b)(1)"",""classification"":""Not stated"",""pages"":3,""item"":""06""}]","https://catalog.archives.gov/id/452050648","https://catalog.archives.gov/medialz/presidential-libraries/bush/gb-nsc/deal/summit_brief_books_2554817/41-bpr-nsc-deal-sumit_bref_bks-cf00960-012.pdf"
"deal-summit-452050649","1991-07-05","July 5-7, 1991","range","London [Economic] Summit: Fourth Sherpa Meeting—Briefing Book (London) June 1991 [3 of 3]","Timothy E. Deal Summit Briefing Book File: London [Economic] Summit: Fourth Sherpa Meeting—Briefing Book (London) June 1991 [3 of 3]","July 5-7, 1991","Timothy E. Deal summit briefing-book file","Economic Summits and Industrialized-Country Cooperation","Consider","Partly released","65","1","65 served-PDF pages; 1 separately described withdrawn item totaling 1 page; The sole withdrawal is a 1-page distribution list under (b)(3); no substantive withdrawn paper is described.","Mixed; document-level audit required","452050649","CF00960–013","locator","Opening provenance marker, all served-PDF pages, and individual withdrawal sheets checked; file-unit locator only pending document boundaries, terminal markings, release status, and controlling-copy review in the source images.","George H.W. Bush Library, Bush Presidential Records, National Security Council, Timothy E. Deal Files, Summit Briefing Books Files, OA/ID CF00960–013, London [Economic] Summit: Fourth Sherpa Meeting—Briefing Book (London) June 1991 [3 of 3].","London Economic Summit; Fourth Sherpa meeting; Climate change; Trade; Environment","Selective Volume XXX review. Use for the concluding climate, trade, and environmental papers in the fourth-Sherpa briefing set. Check each paper against the neighboring volumes and the Deal-Reiss Economic Summit Files. This is a file-level lead, not a document-level inclusion claim. Compare possible controlling copies against the Deal Subject Files and Deal-Reiss Economic Summit Files before promotion.","The opening marker identifies Timothy E. Deal Files, Summit Briefing Books Files. Later withdrawal sheets instead identify Deal, Timothy E., and Reiss, Mitchell B., Files. The opening marker controls this file-level locator.","[{""itemNumber"":""01"",""type"":""List"",""title"":""Distribution"",""date"":""4/11/91"",""restriction"":""(b)(3)"",""classification"":""Not stated"",""pages"":1,""item"":""01""}]","https://catalog.archives.gov/id/452050649","https://catalog.archives.gov/medialz/presidential-libraries/bush/gb-nsc/deal/summit_brief_books_2554817/41-bpr-nsc-deal-sumit_bref_bks-cf00960-013.pdf"
"deal-summit-452050650","1991-07-14","July 14-17, 1991","range","London [Economic] Summit: President's Briefing Book—July 1991 [1 of 2]","Timothy E. Deal Summit Briefing Book File: London [Economic] Summit: President's Briefing Book—July 1991 [1 of 2]","July 14-17, 1991","Timothy E. Deal summit briefing-book file","Economic Summits and Industrialized-Country Cooperation","Core","Partly released","81","41","81 served-PDF pages; 12 separately described withdrawn items totaling 41 pages; Twelve withdrawals total 41 pages. The central lead is the 7-page Secret July 12 memorandum from James Baker and Nicholas Brady to President Bush on the London Economic Summit.","Mixed; document-level audit required","452050650","CF00960–014","locator","Opening provenance marker, all served-PDF pages, and individual withdrawal sheets checked; file-unit locator only pending document boundaries, terminal markings, release status, and controlling-copy review in the source images.","George H.W. Bush Library, Bush Presidential Records, National Security Council, Timothy E. Deal Files, Summit Briefing Books Files, OA/ID CF00960–014, London [Economic] Summit: President's Briefing Book—July 1991 [1 of 2].","London Economic Summit; President's briefing book; Baker-Brady memorandum; Presidential talking points; Summit strategy","Direct Volume XXX review. This is the principal presidential briefing volume for London. It contains scope papers, the annotated schedule, and session talking points; compare copies against the London Subject Files and Presidential Memcon Files before selection. This is a file-level lead, not a document-level inclusion claim. Compare possible controlling copies against the Deal Subject Files and Deal-Reiss Economic Summit Files before promotion.","The opening marker identifies Timothy E. Deal Files, Summit Briefing Books Files. Later withdrawal sheets instead label the subseries Subject Files. The opening marker controls this file-level locator.","[{""itemNumber"":""01"",""type"":""Memo"",""title"":""From James Baker, III/Nicholas Brady to POTUS Re: The London Economic Summit"",""date"":""7/12/91"",""restriction"":""(b)(1)"",""classification"":""Secret"",""pages"":7,""item"":""01""},{""itemNumber"":""02"",""type"":""Schedule"",""title"":""Schedule of the President and Mrs Bush for the Economic Summit, London, England, July 14-18, 1991 - -6"",""date"":""n.d."",""restriction"":""(b)(7)(c), (b)(7)(e), (b)(7)(f)"",""classification"":""Not stated"",""pages"":3,""item"":""02""},{""itemNumber"":""03"",""type"":""Schedule"",""title"":""Schedule of the President and Mrs Bush for the Economic Summit, London, England, July 14-18, 1991 - -15"",""date"":""n.d."",""restriction"":""(b)(7)(c), (b)(7)(e), (b)(7)(f)"",""classification"":""Not stated"",""pages"":2,""item"":""03""},{""itemNumber"":""04"",""type"":""Schedule"",""title"":""Schedule of the President and Mrs Bush for the Economic Summit, London, England, July 14-18, 1991 - -19"",""date"":""n.d."",""restriction"":""(b)(7)(c), (b)(7)(e), (b)(7)(f)"",""classification"":""Not stated"",""pages"":2,""item"":""04""},{""itemNumber"":""05"",""type"":""Schedule"",""title"":""Schedule of the President and Mrs Bush for the Economic Summit, London, England, July 14-18, 1991 - -26"",""date"":""n.d."",""restriction"":""(b)(7)(c), (b)(7)(e), (b)(7)(f)"",""classification"":""Not stated"",""pages"":2,""item"":""05""},{""itemNumber"":""06"",""type"":""Schedule"",""title"":""Schedule of the President and Mrs Bush for the Economic Summit, London, England, July 14-18, 1991 - -31"",""date"":""n.d."",""restriction"":""(b)(7)(c), (b)(7)(e), (b)(7)(f)"",""classification"":""Not stated"",""pages"":2,""item"":""06""},{""itemNumber"":""07"",""type"":""Schedule"",""title"":""Schedule of the President and Mrs Bush for the Economic Summit, London, England, July 14-18, 1991 - -37"",""date"":""n.d."",""restriction"":""(b)(7)(c), (b)(7)(e), (b)(7)(f)"",""classification"":""Not stated"",""pages"":2,""item"":""07""},{""itemNumber"":""08"",""type"":""Schedule"",""title"":""Schedule of the President and Mrs Bush for the Economic Summit, London, England, July 14-18, 1991 - -43"",""date"":""n.d."",""restriction"":""(b)(7)(c), (b)(7)(e), (b)(7)(f)"",""classification"":""Not stated"",""pages"":2,""item"":""08""},{""itemNumber"":""09"",""type"":""Schedule"",""title"":""Schedule of the President and Mrs Bush for the Economic Summit, London, England, July 14-18, 1991 - -48"",""date"":""n.d."",""restriction"":""(b)(7)(c), (b)(7)(e), (b)(7)(f)"",""classification"":""Not stated"",""pages"":2,""item"":""09""},{""itemNumber"":""10"",""type"":""Schedule"",""title"":""Schedule of the President and Mrs Bush for the Economic Summit, London, England, July 14-18, 1991 - -53"",""date"":""n.d."",""restriction"":""(b)(7)(c), (b)(7)(e), (b)(7)(f)"",""classification"":""Not stated"",""pages"":3,""item"":""10""},{""itemNumber"":""11"",""type"":""Paper"",""title"":""Re: London Summit: Draft Political Declaration -- Strengthening the International Order"",""date"":""7/6/91"",""restriction"":""(b)(1)"",""classification"":""Not stated"",""pages"":8,""item"":""11""},{""itemNumber"":""12"",""type"":""Paper"",""title"":""Re: London Summit: Draft Declaration on Conventional Arms Transfers and NBC Non-Proliferation"",""date"":""7/6/91"",""restriction"":""(b)(1)"",""classification"":""Not stated"",""pages"":6,""item"":""12""}]","https://catalog.archives.gov/id/452050650","https://catalog.archives.gov/medialz/presidential-libraries/bush/gb-nsc/deal/summit_brief_books_2554817/41-bpr-nsc-deal-sumit_bref_bks-cf00960-014.pdf"
"deal-summit-452050651","1991-07-14","July 14-17, 1991","range","London [Economic] Summit: President's Briefing Book—July 1991 [2 of 2]","Timothy E. Deal Summit Briefing Book File: London [Economic] Summit: President's Briefing Book—July 1991 [2 of 2]","July 14-17, 1991","Timothy E. Deal summit briefing-book file","Economic Summits and Industrialized-Country Cooperation","Core","Partly released","56","17","56 served-PDF pages; 5 separately described withdrawn items totaling 17 pages; Five Secret withdrawals total 17 pages, including presidential talking points on the Soviet Union and a special session with Gorbachev.","Mixed; document-level audit required","452050651","CF00960–015","locator","Opening provenance marker, all served-PDF pages, and individual withdrawal sheets checked; file-unit locator only pending document boundaries, terminal markings, release status, and controlling-copy review in the source images.","George H.W. Bush Library, Bush Presidential Records, National Security Council, Timothy E. Deal Files, Summit Briefing Books Files, OA/ID CF00960–015, London [Economic] Summit: President's Briefing Book—July 1991 [2 of 2].","London Economic Summit; President's briefing book; Trade; Soviet Union; President Gorbachev","Direct Volume XXX review. The second presidential briefing volume preserves session-level talking points on trade and other summit decisions. The Soviet and Gorbachev sections remain separately described withdrawals and should be cross-routed to the Soviet volume. This is a file-level lead, not a document-level inclusion claim. Compare possible controlling copies against the Deal Subject Files and Deal-Reiss Economic Summit Files before promotion.","The opening marker identifies Timothy E. Deal Files, Summit Briefing Books Files. Later withdrawal sheets instead label the subseries Subject Files. The opening marker controls this file-level locator.","[{""itemNumber"":""01"",""type"":""Talking points"",""title"":""Re: Points to be Made on Soviet Union [Fourth and Fifth Session]"",""date"":""n.d."",""restriction"":""(b)(1)"",""classification"":""Secret"",""pages"":7,""item"":""01""},{""itemNumber"":""02"",""type"":""Talking points"",""title"":""Re: Points to be Made for Special Session with President Gorbachev"",""date"":""n.d."",""restriction"":""(b)(1)"",""classification"":""Secret"",""pages"":4,""item"":""02""},{""itemNumber"":""03"",""type"":""Paper"",""title"":""Re: Soviet Union Economic Issues"",""date"":""n.d."",""restriction"":""(b)(1)"",""classification"":""Secret"",""pages"":3,""item"":""03""},{""itemNumber"":""04"",""type"":""Paper"",""title"":""Re: Gulf/Middle East"",""date"":""n.d."",""restriction"":""(b)(1)"",""classification"":""Secret"",""pages"":2,""item"":""04""},{""itemNumber"":""05"",""type"":""Talking points"",""title"":""Re: Points to be Made on Gulf/Middle East"",""date"":""n.d."",""restriction"":""(b)(1)"",""classification"":""Secret"",""pages"":1,""item"":""05""}]","https://catalog.archives.gov/id/452050651","https://catalog.archives.gov/medialz/presidential-libraries/bush/gb-nsc/deal/summit_brief_books_2554817/41-bpr-nsc-deal-sumit_bref_bks-cf00960-015.pdf"
"deal-summit-452050652","1991-07-14","July 14-17, 1991","range","London [Economic] Summit: President's Background Book—July 1991 [1 of 2]","Timothy E. Deal Summit Briefing Book File: London [Economic] Summit: President's Background Book—July 1991 [1 of 2]","July 14-17, 1991","Timothy E. Deal summit briefing-book file","Economic Summits and Industrialized-Country Cooperation","Consider","Partly released","58","25","58 served-PDF pages; 25 separately described withdrawn items totaling 25 pages; The three-page master inventory identifies 25 one-page government reports totaling 25 pages; their subjects are not disclosed, so they cannot be promoted beyond this locator.","Mixed; document-level audit required","452050652","CF00960–016","locator","Opening provenance marker, all served-PDF pages, and individual withdrawal sheets checked; file-unit locator only pending document boundaries, terminal markings, release status, and controlling-copy review in the source images.","George H.W. Bush Library, Bush Presidential Records, National Security Council, Timothy E. Deal Files, Summit Briefing Books Files, OA/ID CF00960–016, London [Economic] Summit: President's Background Book—July 1991 [1 of 2].","London Economic Summit; President's background book; World economy; Macroeconomic coordination; Country papers","Selective Volume XXX review. Use as supporting presidential background for the world economy, macroeconomic coordination, trade, debt, Soviet assistance, and country positions. Prefer the briefing book for presidential guidance and this volume for necessary context. This is a file-level lead, not a document-level inclusion claim. Compare possible controlling copies against the Deal Subject Files and Deal-Reiss Economic Summit Files before promotion.","The opening marker identifies Timothy E. Deal Files, Summit Briefing Books Files. Later withdrawal sheets instead label the subseries Subject Files. The opening marker controls this file-level locator.","[{""itemNumber"":""01"",""type"":""Report"",""title"":""Re: [government report]"",""date"":""6/27/91"",""restriction"":""(b)(1)"",""classification"":""Confidential"",""pages"":1,""item"":""01""},{""itemNumber"":""02"",""type"":""Report"",""title"":""Re: [government report]"",""date"":""6/26/91"",""restriction"":""(b)(1)"",""classification"":""Confidential"",""pages"":1,""item"":""02""},{""itemNumber"":""03"",""type"":""Report"",""title"":""Re: [government report]"",""date"":""6/27/91"",""restriction"":""(b)(1)"",""classification"":""Confidential"",""pages"":1,""item"":""03""},{""itemNumber"":""04"",""type"":""Report"",""title"":""Re: [government report]"",""date"":""6/27/91"",""restriction"":""(b)(1)"",""classification"":""Secret"",""pages"":1,""item"":""04""},{""itemNumber"":""05"",""type"":""Report"",""title"":""Re: [government report]"",""date"":""6/27/91"",""restriction"":""(b)(1)"",""classification"":""Secret"",""pages"":1,""item"":""05""},{""itemNumber"":""06"",""type"":""Report"",""title"":""Re: [government report]"",""date"":""5/21/91"",""restriction"":""(b)(1)"",""classification"":""Secret"",""pages"":1,""item"":""06""},{""itemNumber"":""07"",""type"":""Report"",""title"":""Re: [government report]"",""date"":""5/9/91"",""restriction"":""(b)(1)"",""classification"":""Confidential"",""pages"":1,""item"":""07""},{""itemNumber"":""08"",""type"":""Report"",""title"":""Re: [government report]"",""date"":""n.d."",""restriction"":""(b)(1)"",""classification"":""Secret"",""pages"":1,""item"":""08""},{""itemNumber"":""09"",""type"":""Report"",""title"":""Re: [government report]"",""date"":""5/28/91"",""restriction"":""(b)(1)"",""classification"":""Secret"",""pages"":1,""item"":""09""},{""itemNumber"":""10"",""type"":""Report"",""title"":""Re: [government report]"",""date"":""6/27/91"",""restriction"":""(b)(1)"",""classification"":""Secret"",""pages"":1,""item"":""10""},{""itemNumber"":""11"",""type"":""Report"",""title"":""Re: [government report]"",""date"":""5/28/91"",""restriction"":""(b)(1)"",""classification"":""Confidential"",""pages"":1,""item"":""11""},{""itemNumber"":""12"",""type"":""Report"",""title"":""Re: [government report]"",""date"":""5/28/91"",""restriction"":""(b)(1)"",""classification"":""Confidential"",""pages"":1,""item"":""12""},{""itemNumber"":""13"",""type"":""Report"",""title"":""Re: [government report]"",""date"":""6/27/91"",""restriction"":""(b)(1)"",""classification"":""Confidential"",""pages"":1,""item"":""13""},{""itemNumber"":""14"",""type"":""Report"",""title"":""Re: [government report]"",""date"":""6/26/91"",""restriction"":""(b)(1)"",""classification"":""Confidential"",""pages"":1,""item"":""14""},{""itemNumber"":""15"",""type"":""Report"",""title"":""Re: [government report]"",""date"":""6/27/91"",""restriction"":""(b)(1)"",""classification"":""Confidential"",""pages"":1,""item"":""15""},{""itemNumber"":""16"",""type"":""Report"",""title"":""Re: [government report]"",""date"":""6/27/91"",""restriction"":""(b)(1)"",""classification"":""Secret"",""pages"":1,""item"":""16""},{""itemNumber"":""17"",""type"":""Report"",""title"":""Re: [government report]"",""date"":""1/24/91"",""restriction"":""(b)(1)"",""classification"":""Not stated"",""pages"":1,""item"":""17""},{""itemNumber"":""18"",""type"":""Report"",""title"":""Re: [government report]"",""date"":""6/27/91"",""restriction"":""(b)(1)"",""classification"":""Confidential"",""pages"":1,""item"":""18""},{""itemNumber"":""19"",""type"":""Report"",""title"":""Re: [government report]"",""date"":""6/27/91"",""restriction"":""(b)(1)"",""classification"":""Confidential"",""pages"":1,""item"":""19""},{""itemNumber"":""20"",""type"":""Report"",""title"":""Re: [government report]"",""date"":""6/28/91"",""restriction"":""(b)(1)"",""classification"":""Secret"",""pages"":1,""item"":""20""},{""itemNumber"":""21"",""type"":""Report"",""title"":""Re: [government report]"",""date"":""6/27/91"",""restriction"":""(b)(1)"",""classification"":""Secret"",""pages"":1,""item"":""21""},{""itemNumber"":""22"",""type"":""Report"",""title"":""Re: [government report]"",""date"":""6/27/91"",""restriction"":""(b)(1)"",""classification"":""Not stated"",""pages"":1,""item"":""22""},{""itemNumber"":""23"",""type"":""Report"",""title"":""Re: [government report]"",""date"":""5/15/91"",""restriction"":""(b)(1)"",""classification"":""Secret"",""pages"":1,""item"":""23""},{""itemNumber"":""24"",""type"":""Report"",""title"":""Re: [government report]"",""date"":""5/21/91"",""restriction"":""(b)(1)"",""classification"":""Secret"",""pages"":1,""item"":""24""},{""itemNumber"":""25"",""type"":""Report"",""title"":""Re: [government report]"",""date"":""6/27/91"",""restriction"":""(b)(1)"",""classification"":""Not stated"",""pages"":1,""item"":""25""}]","https://catalog.archives.gov/id/452050652","https://catalog.archives.gov/medialz/presidential-libraries/bush/gb-nsc/deal/summit_brief_books_2554817/41-bpr-nsc-deal-sumit_bref_bks-cf00960-016.pdf"
"deal-summit-452050653","1991-07-14","July 14-17, 1991","range","London [Economic] Summit: President's Background Book—July 1991 [2 of 2]","Timothy E. Deal Summit Briefing Book File: London [Economic] Summit: President's Background Book—July 1991 [2 of 2]","July 14-17, 1991","Timothy E. Deal summit briefing-book file","Economic Summits and Industrialized-Country Cooperation","Consider","Partly released","21","16","21 served-PDF pages; 9 separately described withdrawn items totaling 16 pages; Nine withdrawals total 16 pages, including country papers on the European Community, Germany, France, Japan, and the United Kingdom.","Mixed; document-level audit required","452050653","CF00960–017","locator","Opening provenance marker, all served-PDF pages, and individual withdrawal sheets checked; file-unit locator only pending document boundaries, terminal markings, release status, and controlling-copy review in the source images.","George H.W. Bush Library, Bush Presidential Records, National Security Council, Timothy E. Deal Files, Summit Briefing Books Files, OA/ID CF00960–017, London [Economic] Summit: President's Background Book—July 1991 [2 of 2].","London Economic Summit; President's background book; European Community; Germany; Japan","Selective Volume XXX review. This companion background volume is principally useful for country-position and cross-volume checks. Avoid duplicating country papers already represented by bilateral presidential conversations or regional files. This is a file-level lead, not a document-level inclusion claim. Compare possible controlling copies against the Deal Subject Files and Deal-Reiss Economic Summit Files before promotion.","The opening marker identifies Timothy E. Deal Files, Summit Briefing Books Files. Later withdrawal sheets instead label the subseries Subject Files. The opening marker controls this file-level locator.","[{""itemNumber"":""01"",""type"":""Paper"",""title"":""Re: Nonproliferation"",""date"":""n.d."",""restriction"":""(b)(1)"",""classification"":""Confidential"",""pages"":3,""item"":""01""},{""itemNumber"":""02"",""type"":""Paper"",""title"":""Re: Terrorism"",""date"":""n.d."",""restriction"":""(b)(1)"",""classification"":""Secret"",""pages"":2,""item"":""02""},{""itemNumber"":""03"",""type"":""Talking points"",""title"":""Re: Points to be Made on Terrorism"",""date"":""n.d."",""restriction"":""(b)(1)"",""classification"":""Secret"",""pages"":1,""item"":""03""},{""itemNumber"":""04"",""type"":""Paper"",""title"":""Re: Canada"",""date"":""n.d."",""restriction"":""(b)(1)"",""classification"":""Not stated"",""pages"":2,""item"":""04""},{""itemNumber"":""05"",""type"":""Paper"",""title"":""Re: European Community"",""date"":""n.d."",""restriction"":""(b)(1)"",""classification"":""Confidential"",""pages"":2,""item"":""05""},{""itemNumber"":""06"",""type"":""Paper"",""title"":""Re: Germany"",""date"":""n.d."",""restriction"":""(b)(1)"",""classification"":""Confidential"",""pages"":1,""item"":""06""},{""itemNumber"":""07"",""type"":""Paper"",""title"":""Re: France"",""date"":""n.d."",""restriction"":""(b)(1)"",""classification"":""Confidential"",""pages"":2,""item"":""07""},{""itemNumber"":""08"",""type"":""Paper"",""title"":""Re: Japan"",""date"":""n.d."",""restriction"":""(b)(1)"",""classification"":""Confidential"",""pages"":2,""item"":""08""},{""itemNumber"":""09"",""type"":""Paper"",""title"":""Re: United Kingdom"",""date"":""n.d."",""restriction"":""(b)(1)"",""classification"":""Confidential"",""pages"":1,""item"":""09""}]","https://catalog.archives.gov/id/452050653","https://catalog.archives.gov/medialz/presidential-libraries/bush/gb-nsc/deal/summit_brief_books_2554817/41-bpr-nsc-deal-sumit_bref_bks-cf00960-017.pdf"
