"naid","workingStartDate","workingEndDate","workingDateLabel","dateBasis","title","localId","chapter","routing","reviewTopics","reviewFocus","reviewKeyExtent","markerStatus","markerSeries","markerSubseries","hasOnlinePdf","pdfPages","pdfBytes","catalogPdfBytes","pdfByteBasis","accessStatus","ocrCharacterCount","memosToPresident","memosToScowcroft","memorandaOfConversation","meetingRecords","withdrawalSheets","economicSignalTotal","economySignals","financeSignals","tradeSignals","assistanceSanctionsSignals","energySignals","agricultureSignals","treasurySignals","withheldItemCount","withheldPages","withdrawalMetadataNote","withdrawalInventory","archivalLocator","provenanceStem","catalogUrl","pdfUrl"
"452050637","1990-01-05","1990-01-07","January 5-7, 1990","Briefing-book cover event dates","Houston [Economic] Summit: First Sherpa Meeting - Briefing Book (Key West) January 1990 [1]","CF00960-001","Economic Summits and Industrialized-Country Cooperation","Volume XXX review","Houston Economic Summit; First Sherpa meeting; Summit agenda; Transition economies; International debt","Read for the initial U.S. agenda-setting record. The first Key West book frames possible new summit topics, including market reform in Communist states, structural reform in developing countries, debt, and the post-Paris economic agenda.","No withdrawal sheets were identified in the complete OCR review.","verified","Deal, Timothy E., Files","Summit Briefing Books","true","82","43718043","43718044","HTTP Content-Length","Restricted - Possibly","156780","0","0","0","0","0","396","98","45","109","11","108","24","1","0","0","","[]","George H.W. Bush Library, Bush Presidential Records, National Security Council, Timothy E. Deal Files, Summit Briefing Books, OA/ID CF00960–001, Houston [Economic] Summit: First Sherpa Meeting—Briefing Book (Key West) January 1990 [1].","Source: George H.W. Bush Library, Bush Presidential Records, National Security Council, Timothy E. Deal Files, Summit Briefing Books, OA/ID CF00960–001, Houston [Economic] Summit: First Sherpa Meeting—Briefing Book (Key West) January 1990 [1].","https://catalog.archives.gov/id/452050637","https://catalog.archives.gov/medialz/presidential-libraries/bush/gb-nsc/deal/summit_brief_books_2554817/41-bpr-nsc-deal-sumit_bref_bks-cf00960-001.pdf"
"452050638","1990-01-05","1990-01-07","January 5-7, 1990","Briefing-book cover event dates","Houston [Economic] Summit: First Sherpa Meeting - Briefing Book (Key West) January 1990 [2]","CF00960-002","Economic Summits and Industrialized-Country Cooperation","Volume XXX review","Houston Economic Summit; First Sherpa meeting; Macroeconomic coordination; Structural reform; Trade","Use with the first Key West volume to reconstruct the opening Houston agenda. The book reviews external adjustment, trade, debt, agriculture, environment, and implementation of the Paris communique.","The withdrawal inventory identifies a 62-page Confidential EPC/EDRC report dated October 4, 1989 on structural-reform country assessments.","verified","Deal, Timothy E., Files","Summit Briefing Books","true","55","29104101","29104100","HTTP Content-Length","Restricted - Possibly","98814","0","0","0","0","1","262","54","129","61","6","2","2","8","1","62","","[{""itemNumber"":""03"",""type"":""Report"",""title"":""Economic Policy Committee--Economic and Development Review Committee: Progress in Structural Reform--Country Assessments."",""date"":""10/04/89"",""restriction"":""(b)(1)"",""classification"":""Confidential"",""pages"":62}]","George H.W. Bush Library, Bush Presidential Records, National Security Council, Timothy E. Deal Files, Summit Briefing Books, OA/ID CF00960–002, Houston [Economic] Summit: First Sherpa Meeting—Briefing Book (Key West) January 1990 [2].","Source: George H.W. Bush Library, Bush Presidential Records, National Security Council, Timothy E. Deal Files, Summit Briefing Books, OA/ID CF00960–002, Houston [Economic] Summit: First Sherpa Meeting—Briefing Book (Key West) January 1990 [2].","https://catalog.archives.gov/id/452050638","https://catalog.archives.gov/medialz/presidential-libraries/bush/gb-nsc/deal/summit_brief_books_2554817/41-bpr-nsc-deal-sumit_bref_bks-cf00960-002.pdf"
"452050639","1990-03-22","1990-03-25","March 22-25, 1990","Briefing-book cover event dates","Houston [Economic] Summit: Second Sherpa Meeting - Briefing Book (San Francisco) March 1990 [1]","CF00960-003","Economic Summits and Industrialized-Country Cooperation","Volume XXX review","Houston Economic Summit; Second Sherpa meeting; COCOM; Eastern Europe; Poland and Hungary assistance","The first San Francisco book records the second Sherpa agenda and U.S. papers on the global economy, East-West economic issues, developing countries, trade and investment, international monetary coordination, and the EBRD.","Four withdrawn items total 14 pages and include COCOM, Eastern Europe, and G-24 assistance tables for Poland and Hungary.","verified","Deal, Timothy E., Files","Summit Briefing Books","true","122","61955168","61955168","HTTP Content-Length","Restricted - Possibly","214374","0","0","0","0","4","842","233","167","362","13","3","56","8","4","14","","[{""itemNumber"":""26"",""type"":""Paper"",""title"":""Re: COCOM [Coordinating Committee for Multilateral Export Controls]."",""date"":""n.d."",""restriction"":""(b)(1)"",""classification"":""Confidential"",""pages"":3},{""itemNumber"":""28"",""type"":""Report"",""title"":""Re: Eastern Europe."",""date"":""02/06/90"",""restriction"":""(b)(1)"",""classification"":""Secret"",""pages"":6},{""itemNumber"":""29"",""type"":""Table"",""title"":""Re: G-24 Assistance for Poland Since Paris Summit."",""date"":""02/02/90"",""restriction"":""(b)(1)"",""classification"":""Confidential"",""pages"":3},{""itemNumber"":""30"",""type"":""Table"",""title"":""Re: G-24 Assistance for Hungary Since Paris Summit."",""date"":""n.d."",""restriction"":""(b)(1)"",""classification"":""Confidential"",""pages"":2}]","George H.W. Bush Library, Bush Presidential Records, National Security Council, Timothy E. Deal Files, Summit Briefing Books, OA/ID CF00960–003, Houston [Economic] Summit: Second Sherpa Meeting—Briefing Book (San Francisco) March 1990 [1].","Source: George H.W. Bush Library, Bush Presidential Records, National Security Council, Timothy E. Deal Files, Summit Briefing Books, OA/ID CF00960–003, Houston [Economic] Summit: Second Sherpa Meeting—Briefing Book (San Francisco) March 1990 [1].","https://catalog.archives.gov/id/452050639","https://catalog.archives.gov/medialz/presidential-libraries/bush/gb-nsc/deal/summit_brief_books_2554817/41-bpr-nsc-deal-sumit_bref_bks-cf00960-003.pdf"
"452050640","1990-03-22","1990-03-25","March 22-25, 1990","Briefing-book cover event dates","Houston [Economic] Summit: Second Sherpa Meeting - Briefing Book (San Francisco) March 1990 [2]","CF00960-004","Economic Summits and Industrialized-Country Cooperation","Volume XXX review","Houston Economic Summit; Second Sherpa meeting; International debt; German unification; Development assistance","The second San Francisco book concentrates on third-world debt, development assistance, Germany and the Soviet Union, and supporting background for the Houston negotiations.","Seven withdrawn items total 30 pages, including a February 16 Houston Summit report and Secret papers on Germany, the Soviet Union, and East Germany.","verified","Deal, Timothy E., Files","Summit Briefing Books","true","110","52992876","52992876","HTTP Content-Length","Restricted - Possibly","180385","0","0","0","0","7","561","168","200","121","29","6","16","21","7","30","","[{""itemNumber"":""07"",""type"":""Memo"",""title"":""A. Peter Burleigh to Mr. McCormick [sic] and Mr. Zoellick, Re: Germany and the USSR: Present and Future Partners."",""date"":""03/02/90"",""restriction"":""(b)(1)"",""classification"":""Secret"",""pages"":3},{""itemNumber"":""12"",""type"":""Paper"",""title"":""Background Information [for Houston Economic Summit Sherpa meeting]."",""date"":""n.d."",""restriction"":""(b)(1)"",""classification"":""Confidential"",""pages"":6},{""itemNumber"":""13"",""type"":""Report"",""title"":""Re: Houston Economic Summit."",""date"":""02/16/90"",""restriction"":""(b)(1)"",""classification"":""Confidential"",""pages"":6},{""itemNumber"":""14"",""type"":""Report"",""title"":""Re: West/ East Germany."",""date"":""03/15/90"",""restriction"":""(b)(1)"",""classification"":""Secret"",""pages"":7},{""itemNumber"":""17"",""type"":""Paper"",""title"":""Background: Forgiveness of the Canadian Official Development Assistance Debts of Commonwealth Caribbean Countries."",""date"":""n.d."",""restriction"":""(b)(1)"",""classification"":""Not stated"",""pages"":3},{""itemNumber"":""18"",""type"":""Paper"",""title"":""Background: Forgiveness of the Canadian Official Development Assistance Debts of Commonwealth Caribbean Countries."",""date"":""n.d."",""restriction"":""(b)(1)"",""classification"":""Not stated"",""pages"":3},{""itemNumber"":""22"",""type"":""Notes"",""title"":""Handwritten notes, Re: EE."",""date"":""n.d."",""restriction"":""(b)(1)"",""classification"":""Not stated"",""pages"":2}]","George H.W. Bush Library, Bush Presidential Records, National Security Council, Timothy E. Deal Files, Summit Briefing Books, OA/ID CF00960–004, Houston [Economic] Summit: Second Sherpa Meeting—Briefing Book (San Francisco) March 1990 [2].","Source: George H.W. Bush Library, Bush Presidential Records, National Security Council, Timothy E. Deal Files, Summit Briefing Books, OA/ID CF00960–004, Houston [Economic] Summit: Second Sherpa Meeting—Briefing Book (San Francisco) March 1990 [2].","https://catalog.archives.gov/id/452050640","https://catalog.archives.gov/medialz/presidential-libraries/bush/gb-nsc/deal/summit_brief_books_2554817/41-bpr-nsc-deal-sumit_bref_bks-cf00960-004.pdf"
"452050641","1990-06-15","1990-06-17","June 15-17, 1990","Briefing-book cover event dates","Houston [Economic] Summit: Fourth Sherpa Meeting - Briefing Book (Newport) June 1990 [1]","CF00960-005","Economic Summits and Industrialized-Country Cooperation","Volume XXX review","Houston Economic Summit; Fourth Sherpa meeting; Multilateral trading system; Trade and investment; Soviet economy","The first Newport book captures late-stage Sherpa drafting on the trading system, investment, East-West economic relations, the Soviet Union, developing-country debt, energy, and the summit thematic paper.","Four withdrawn items total 18 pages, led by the 12-page thematic paper on international trade and investment and a 3-page multilateral-trading-system paper.","verified","Deal, Timothy E., Files","Summit Briefing Books","true","123","55534158","55534160","HTTP Content-Length","Restricted - Possibly","162731","0","0","0","0","4","741","228","183","195","25","88","15","7","4","18","","[{""itemNumber"":""01"",""type"":""Paper"",""title"":""Re: The Multilateral Trading System."",""date"":""n.d."",""restriction"":""(b)(1)"",""classification"":""Not stated"",""pages"":3},{""itemNumber"":""02"",""type"":""Paper"",""title"":""Annex A: Precursor and Essential Chemicals."",""date"":""n.d."",""restriction"":""(b)(1)"",""classification"":""Not stated"",""pages"":2},{""itemNumber"":""04"",""type"":""Paper"",""title"":""Thematic Paper: International Trade and Investment."",""date"":""n.d."",""restriction"":""(b)(1)"",""classification"":""Not stated"",""pages"":12},{""itemNumber"":""07b"",""type"":""Paper"",""title"":""G-7 Terrorism Experts Proposal to Improve the Coordination of Aviation Security Assistance Programs."",""date"":""n.d."",""restriction"":""(b)(1)"",""classification"":""Confidential"",""pages"":1}]","George H.W. Bush Library, Bush Presidential Records, National Security Council, Timothy E. Deal Files, Summit Briefing Books, OA/ID CF00960–005, Houston [Economic] Summit: Fourth Sherpa Meeting—Briefing Book (Newport) June 1990 [1].","Source: George H.W. Bush Library, Bush Presidential Records, National Security Council, Timothy E. Deal Files, Summit Briefing Books, OA/ID CF00960–005, Houston [Economic] Summit: Fourth Sherpa Meeting—Briefing Book (Newport) June 1990 [1].","https://catalog.archives.gov/id/452050641","https://catalog.archives.gov/medialz/presidential-libraries/bush/gb-nsc/deal/summit_brief_books_2554817/41-bpr-nsc-deal-sumit_bref_bks-cf00960-005.pdf"
"452050642","1990-06-15","1990-06-17","June 15-17, 1990","Briefing-book cover event dates","Houston [Economic] Summit: Fourth Sherpa Meeting - Briefing Book (Newport) June 1990 [2]","CF00960-006","Economic Summits and Industrialized-Country Cooperation","Volume XXX review","Houston Economic Summit; Fourth Sherpa meeting; U.S.-EC relations; Trade; Economic coordination","Read as the companion Newport volume for U.S.-EC economic relations, country positions, and the final negotiation path into Houston. Compare repeated briefing papers against the first Newport volume before selecting a controlling copy.","No withdrawal sheets were identified in the complete OCR review.","verified","Deal, Timothy E., Files","Summit Briefing Books","true","102","43550199","43550200","HTTP Content-Length","Restricted - Possibly","93625","0","0","0","0","0","344","86","90","143","5","12","5","3","0","0","","[]","George H.W. Bush Library, Bush Presidential Records, National Security Council, Timothy E. Deal Files, Summit Briefing Books, OA/ID CF00960–006, Houston [Economic] Summit: Fourth Sherpa Meeting—Briefing Book (Newport) June 1990 [2].","Source: George H.W. Bush Library, Bush Presidential Records, National Security Council, Timothy E. Deal Files, Summit Briefing Books, OA/ID CF00960–006, Houston [Economic] Summit: Fourth Sherpa Meeting—Briefing Book (Newport) June 1990 [2].","https://catalog.archives.gov/id/452050642","https://catalog.archives.gov/medialz/presidential-libraries/bush/gb-nsc/deal/summit_brief_books_2554817/41-bpr-nsc-deal-sumit_bref_bks-cf00960-006.pdf"
"452050643","1990-07-09","1990-07-11","July 9-11, 1990","Briefing-book cover event dates","Houston [Economic] Summit: President's Background Book - July 1990","CF00960-007","Economic Summits and Industrialized-Country Cooperation","Volume XXX review","Houston Economic Summit; President's background book; International trade; International debt; Soviet economy","This presidential background book assembles the White House issue papers and country papers for Houston. Prioritize final issue papers that show what reached the President, while checking them against the separate Houston Subject Files for duplicate copies.","Seven withdrawn items total 12 pages; the foreign-economic withdrawal is a 2-page Secret paper on the Soviet Union.","verified","Deal, Timothy E., Files","Summit Briefing Books Files","true","76","38768566","38768568","HTTP Content-Length","Restricted - Possibly","130583","0","0","0","0","7","518","144","145","167","23","9","30","0","7","12","","[{""itemNumber"":""19"",""type"":""Paper"",""title"":""Soviet Union."",""date"":""n.d."",""restriction"":""(b)(1)"",""classification"":""Secret"",""pages"":2},{""itemNumber"":""25"",""type"":""Paper"",""title"":""Libya, Iran, and Iraq."",""date"":""n.d."",""restriction"":""(b)(1)"",""classification"":""Secret"",""pages"":2},{""itemNumber"":""26"",""type"":""Talking points"",""title"":""Points to Be Made on Libya, Iran, and Iraq."",""date"":""n.d."",""restriction"":""(b)(1)"",""classification"":""Secret"",""pages"":1},{""itemNumber"":""27"",""type"":""Paper"",""title"":""Regional Conflicts."",""date"":""n.d."",""restriction"":""(b)(1)"",""classification"":""Secret"",""pages"":2},{""itemNumber"":""28"",""type"":""Talking points"",""title"":""Points to Be Made on Regional Conflicts."",""date"":""n.d."",""restriction"":""(b)(1)"",""classification"":""Secret"",""pages"":2},{""itemNumber"":""37"",""type"":""Paper"",""title"":""Terrorism."",""date"":""n.d."",""restriction"":""(b)(1)"",""classification"":""Secret"",""pages"":2},{""itemNumber"":""38"",""type"":""Talking points"",""title"":""Points to Be Made On Terrorism."",""date"":""n.d."",""restriction"":""(b)(1)"",""classification"":""Secret"",""pages"":1}]","George H.W. Bush Library, Bush Presidential Records, National Security Council, Timothy E. Deal Files, Summit Briefing Books Files, OA/ID CF00960–007, Houston [Economic] Summit: President's Background Book—July 1990.","Source: George H.W. Bush Library, Bush Presidential Records, National Security Council, Timothy E. Deal Files, Summit Briefing Books Files, OA/ID CF00960–007, Houston [Economic] Summit: President's Background Book—July 1990.","https://catalog.archives.gov/id/452050643","https://catalog.archives.gov/medialz/presidential-libraries/bush/gb-nsc/deal/summit_brief_books_2554817/41-bpr-nsc-deal-sumit_bref_bks-cf00960-007.pdf"
"452050644","1991-06-07","1991-06-09","June 7-9, 1991","Briefing-book cover event dates","London [Economic] Summit: Third Sherpa Meeting - Briefing Book (London) June 1991 [1 of 3]","CF00960-008","Economic Summits and Industrialized-Country Cooperation","Volume XXX review","London Economic Summit; Third Sherpa meeting; Soviet economic issues; Energy; Nuclear safety","The first third-Sherpa book is a strong transition-economy and energy file. It combines released U.S. briefing papers with exact inventories for Soviet economic issues, nuclear power, and energy-producer coordination.","Nine withdrawn items total 24 pages, including Soviet economic issues and nuclear-safety cooperation with Eastern Europe.","verified","Deal, Timothy E., Files","Summit Briefing Books Files","true","65","30687055","30687056","HTTP Content-Length","Restricted - Possibly","99241","0","0","0","0","10","399","77","128","74","29","75","6","10","9","24","The opening marker identifies Timothy E. Deal Files, Summit Briefing Books Files. Later withdrawal sheets instead label the subseries Subject Files. The opening marker controls this file-level locator.","[{""itemNumber"":""01"",""type"":""Paper"",""title"":""Re: Soviet Economic Issues"",""date"":""n.d."",""restriction"":""(b)(1)"",""classification"":""Confidential"",""pages"":6},{""itemNumber"":""02"",""type"":""Letter"",""title"":""From Nigel Wicks to all Sherpa Colleagues"",""date"":""5/31/91"",""restriction"":""(b)(1)"",""classification"":""Not stated"",""pages"":1},{""itemNumber"":""03"",""type"":""Paper"",""title"":""Re: G7 Economic Summit - Drugs Initiative"",""date"":""n.d."",""restriction"":""(b)(1)"",""classification"":""Not stated"",""pages"":2},{""itemNumber"":""04"",""type"":""Paper"",""title"":""Re: [1991 IEA Communique] [ only]"",""date"":""n.d."",""restriction"":""(b)(1)"",""classification"":""Confidential"",""pages"":1},{""itemNumber"":""05"",""type"":""Cable"",""title"":""061017Z JUN 91"",""date"":""6/6/91"",""restriction"":""(b)(1)"",""classification"":""Confidential"",""pages"":1},{""itemNumber"":""06"",""type"":""Paper"",""title"":""Re: Economic Summit - Japanese Proposal on Nuclear Energy"",""date"":""6/6/91"",""restriction"":""(b)(1)"",""classification"":""Not stated"",""pages"":1},{""itemNumber"":""07"",""type"":""Paper"",""title"":""Re: A Proposal for the London Summit (Nuclear Power)"",""date"":""n.d."",""restriction"":""(b)(1)"",""classification"":""Not stated"",""pages"":2},{""itemNumber"":""08"",""type"":""Message"",""title"":""Re: Nuclear Safety Cooperation with Eastern Europe"",""date"":""6/6/91"",""restriction"":""(b)(1)"",""classification"":""Confidential"",""pages"":6},{""itemNumber"":""09"",""type"":""Message"",""title"":""Re: Broad-Based Wariness on Producer/Consumer at IEA Ministerial"",""date"":""6/5/91"",""restriction"":""(b)(1)"",""classification"":""Confidential"",""pages"":4}]","George H.W. Bush Library, Bush Presidential Records, National Security Council, Timothy E. Deal Files, Summit Briefing Books Files, OA/ID CF00960–008, London [Economic] Summit: Third Sherpa Meeting—Briefing Book (London) June 1991 [1 of 3].","Source: George H.W. Bush Library, Bush Presidential Records, National Security Council, Timothy E. Deal Files, Summit Briefing Books Files, OA/ID CF00960–008, London [Economic] Summit: Third Sherpa Meeting—Briefing Book (London) June 1991 [1 of 3].","https://catalog.archives.gov/id/452050644","https://catalog.archives.gov/medialz/presidential-libraries/bush/gb-nsc/deal/summit_brief_books_2554817/41-bpr-nsc-deal-sumit_bref_bks-cf00960-008.pdf"
"452050645","1991-06-07","1991-06-09","June 7-9, 1991","Briefing-book cover event dates","London [Economic] Summit: Third Sherpa Meeting - Briefing Book (London) June 1991 [2 of 3]","CF00960-009","Economic Summits and Industrialized-Country Cooperation","Volume XXX review","London Economic Summit; Third Sherpa meeting; International monetary policy; Environment; Migration","The second third-Sherpa book carries Treasury material on monetary developments and coordination, alongside environmental and migration proposals. Select only decision-shaping papers rather than every national proposal.","Six withdrawn items total 18 pages, including the Italian migration proposal and Canadian and British environmental papers.","verified","Deal, Timothy E., Files","Summit Briefing Books Files","true","67","32257236","32257236","HTTP Content-Length","Restricted - Possibly","89606","0","0","0","0","7","236","55","25","82","1","59","8","6","6","18","The opening marker identifies Timothy E. Deal Files, Summit Briefing Books Files. Later withdrawal sheets instead label the subseries Subject Files. The opening marker controls this file-level locator.","[{""itemNumber"":""01"",""type"":""Paper"",""title"":""Re: Italian Proposal on Migration"",""date"":""5/29/91"",""restriction"":""(b)(1)"",""classification"":""Confidential"",""pages"":6},{""itemNumber"":""02"",""type"":""Letter"",""title"":""To Nigel Wicks"",""date"":""5/24/91"",""restriction"":""(b)(1)"",""classification"":""Not stated"",""pages"":2},{""itemNumber"":""03"",""type"":""Paper"",""title"":""Re: UK Paper - Environmental Disasters: Stronger International Capacity"",""date"":""n.d."",""restriction"":""(b)(1)"",""classification"":""Not stated"",""pages"":2},{""itemNumber"":""04"",""type"":""Paper"",""title"":""Re: Improving International Response to Environmental Emergencies A Canadian Perspective"",""date"":""n.d."",""restriction"":""(b)(1)"",""classification"":""Not stated"",""pages"":3},{""itemNumber"":""05"",""type"":""Paper"",""title"":""Re: Proposal: Canadian Perspective on Oceans"",""date"":""4/91"",""restriction"":""(b)(1)"",""classification"":""Not stated"",""pages"":4},{""itemNumber"":""06"",""type"":""List"",""title"":""Distribution"",""date"":""4/11/91"",""restriction"":""(b)(3)"",""classification"":""Not stated"",""pages"":1}]","George H.W. Bush Library, Bush Presidential Records, National Security Council, Timothy E. Deal Files, Summit Briefing Books Files, OA/ID CF00960–009, London [Economic] Summit: Third Sherpa Meeting—Briefing Book (London) June 1991 [2 of 3].","Source: George H.W. Bush Library, Bush Presidential Records, National Security Council, Timothy E. Deal Files, Summit Briefing Books Files, OA/ID CF00960–009, London [Economic] Summit: Third Sherpa Meeting—Briefing Book (London) June 1991 [2 of 3].","https://catalog.archives.gov/id/452050645","https://catalog.archives.gov/medialz/presidential-libraries/bush/gb-nsc/deal/summit_brief_books_2554817/41-bpr-nsc-deal-sumit_bref_bks-cf00960-009.pdf"
"452050646","1991-06-07","1991-06-09","June 7-9, 1991","Briefing-book cover event dates","London [Economic] Summit: Third Sherpa Meeting - Briefing Book (London) June 1991 [3 of 3]","CF00960-010","Economic Summits and Industrialized-Country Cooperation","Volume XXX review","London Economic Summit; Third Sherpa meeting; G-7 economic outlook; Debt-for-nature swaps; Prime Minister John Major","The third third-Sherpa book contains debt-for-nature, economic-outlook, and other concluding material. The two identically described Major-to-Bush messages must be treated as possible duplicate copies until the originals can be compared.","Three withdrawal entries total 9 physical pages: a 3-page G-7 outlook and two 3-page descriptions of a June 5 Major message.","verified","Deal, Timothy E., Files","Summit Briefing Books Files","true","50","23675913","23675912","HTTP Content-Length","Restricted - Possibly","61044","0","0","0","0","4","168","36","69","34","6","13","2","8","3","9","The opening marker identifies Timothy E. Deal Files, Summit Briefing Books Files. Later withdrawal sheets instead label the subseries Subject Files. The opening marker controls this file-level locator.","[{""itemNumber"":""01"",""type"":""Paper"",""title"":""Re: G-7: Economic Outlook"",""date"":""5/29/91"",""restriction"":""(b)(1)"",""classification"":""Confidential"",""pages"":3},{""itemNumber"":""02"",""type"":""Message"",""title"":""From Prime Minister Major to POTUS"",""date"":""6/5/91"",""restriction"":""(b)(1)"",""classification"":""Confidential"",""pages"":3},{""itemNumber"":""03"",""type"":""Message"",""title"":""From Prime Minister Major to POTUS"",""date"":""6/5/91"",""restriction"":""(b)(1)"",""classification"":""Confidential"",""pages"":3}]","George H.W. Bush Library, Bush Presidential Records, National Security Council, Timothy E. Deal Files, Summit Briefing Books Files, OA/ID CF00960–010, London [Economic] Summit: Third Sherpa Meeting—Briefing Book (London) June 1991 [3 of 3].","Source: George H.W. Bush Library, Bush Presidential Records, National Security Council, Timothy E. Deal Files, Summit Briefing Books Files, OA/ID CF00960–010, London [Economic] Summit: Third Sherpa Meeting—Briefing Book (London) June 1991 [3 of 3].","https://catalog.archives.gov/id/452050646","https://catalog.archives.gov/medialz/presidential-libraries/bush/gb-nsc/deal/summit_brief_books_2554817/41-bpr-nsc-deal-sumit_bref_bks-cf00960-010.pdf"
"452050647","1991-07-05","1991-07-07","July 5-7, 1991","Briefing-book cover event dates","London [Economic] Summit: Fourth Sherpa Meeting - Briefing Book (London) June 1991 [1 of 3]","CF00960-011","Economic Summits and Industrialized-Country Cooperation","Volume XXX review","London Economic Summit; Fourth Sherpa meeting; Soviet economic reform; Eastern Europe; Sanctions","This is the highest-value London Sherpa folder for transition policy. It contains the final preparatory book and identifies separate papers on Soviet reform, the U.S. response, EC-Eastern Europe policy, Iraq sanctions, and a Major message to Bush.","Five withdrawn items total 20 pages, including a 6-page Secret paper on the U.S. response to Soviet economic reform and a 6-page Secret EC-Eastern Europe report.","verified","Deal, Timothy E., Files","Summit Briefing Books Files","true","67","34704397","34704396","HTTP Content-Length","Restricted - Possibly","103384","0","0","0","0","6","464","67","251","65","39","10","6","26","5","20","The opening marker identifies Timothy E. Deal Files, Summit Briefing Books Files. Later withdrawal sheets instead label the subseries Subject Files. The opening marker controls this file-level locator.","[{""itemNumber"":""01"",""type"":""Paper"",""title"":""Re: Update of Soviet Economic Issues"",""date"":""7/1/91"",""restriction"":""(b)(1)"",""classification"":""Confidential"",""pages"":5},{""itemNumber"":""02"",""type"":""Paper"",""title"":""Re: Soviet Economic Reform: U.S. Response"",""date"":""7/2/91"",""restriction"":""(b)(1)"",""classification"":""Secret"",""pages"":6},{""itemNumber"":""03"",""type"":""Report"",""title"":""Re: EC-Eastern Europe"",""date"":""6/24/91"",""restriction"":""(b)(1)"",""classification"":""Secret"",""pages"":6},{""itemNumber"":""04"",""type"":""Paper"",""title"":""Re: Update on Status of Iraq Sanctions and Future Actions"",""date"":""n.d."",""restriction"":""(b)(1)"",""classification"":""Secret"",""pages"":1},{""itemNumber"":""05"",""type"":""Message"",""title"":""From Prime Minister Major to POTUS"",""date"":""6/14/91"",""restriction"":""(b)(1)"",""classification"":""Confidential"",""pages"":2}]","George H.W. Bush Library, Bush Presidential Records, National Security Council, Timothy E. Deal Files, Summit Briefing Books Files, OA/ID CF00960–011, London [Economic] Summit: Fourth Sherpa Meeting—Briefing Book (London) June 1991 [1 of 3].","Source: George H.W. Bush Library, Bush Presidential Records, National Security Council, Timothy E. Deal Files, Summit Briefing Books Files, OA/ID CF00960–011, London [Economic] Summit: Fourth Sherpa Meeting—Briefing Book (London) June 1991 [1 of 3].","https://catalog.archives.gov/id/452050647","https://catalog.archives.gov/medialz/presidential-libraries/bush/gb-nsc/deal/summit_brief_books_2554817/41-bpr-nsc-deal-sumit_bref_bks-cf00960-011.pdf"
"452050648","1991-07-05","1991-07-07","July 5-7, 1991","Briefing-book cover event dates","London [Economic] Summit: Fourth Sherpa Meeting - Briefing Book (London) June 1991 [2 of 3]","CF00960-012","Economic Summits and Industrialized-Country Cooperation","Volume XXX review","London Economic Summit; Fourth Sherpa meeting; Energy; Environment; Migration","Review selectively for U.S. energy policy and negotiating positions. Much of the migration and environmental material repeats proposals in the third-Sherpa books and should be deduplicated before item-level promotion.","Six withdrawn items total 17 pages, including repeated Italian, British, and Canadian proposals.","verified","Deal, Timothy E., Files","Summit Briefing Books Files","true","48","23334949","23334948","HTTP Content-Length","Restricted - Possibly","72869","0","0","0","0","7","274","49","27","92","16","76","7","7","6","17","The opening marker identifies Timothy E. Deal Files, Summit Briefing Books Files. Later withdrawal sheets instead label the subseries Subject Files. The opening marker controls this file-level locator.","[{""itemNumber"":""01"",""type"":""Paper"",""title"":""Re: Italian Proposal on Migration"",""date"":""5/29/91"",""restriction"":""(b)(1)"",""classification"":""Confidential"",""pages"":6},{""itemNumber"":""02"",""type"":""Letter"",""title"":""To Nigel Wicks"",""date"":""5/24/91"",""restriction"":""(b)(1)"",""classification"":""Not stated"",""pages"":2},{""itemNumber"":""03"",""type"":""Paper"",""title"":""Re: Migrations"",""date"":""n.d."",""restriction"":""(b)(1)"",""classification"":""Not stated"",""pages"":1},{""itemNumber"":""04"",""type"":""Paper"",""title"":""Re: UK Paper -- Environmental Disasters: Stronger International Capacity"",""date"":""n.d."",""restriction"":""(b)(1)"",""classification"":""Not stated"",""pages"":2},{""itemNumber"":""05"",""type"":""Paper"",""title"":""Re: Improving International Response to Environmental Emergencies -- A Canadian Perspective"",""date"":""4/91"",""restriction"":""(b)(1)"",""classification"":""Not stated"",""pages"":3},{""itemNumber"":""06"",""type"":""Paper"",""title"":""Re: Oceans -- Canadian Perspective"",""date"":""4/91"",""restriction"":""(b)(1)"",""classification"":""Not stated"",""pages"":3}]","George H.W. Bush Library, Bush Presidential Records, National Security Council, Timothy E. Deal Files, Summit Briefing Books Files, OA/ID CF00960–012, London [Economic] Summit: Fourth Sherpa Meeting—Briefing Book (London) June 1991 [2 of 3].","Source: George H.W. Bush Library, Bush Presidential Records, National Security Council, Timothy E. Deal Files, Summit Briefing Books Files, OA/ID CF00960–012, London [Economic] Summit: Fourth Sherpa Meeting—Briefing Book (London) June 1991 [2 of 3].","https://catalog.archives.gov/id/452050648","https://catalog.archives.gov/medialz/presidential-libraries/bush/gb-nsc/deal/summit_brief_books_2554817/41-bpr-nsc-deal-sumit_bref_bks-cf00960-012.pdf"
"452050649","1991-07-05","1991-07-07","July 5-7, 1991","Briefing-book cover event dates","London [Economic] Summit: Fourth Sherpa Meeting - Briefing Book (London) June 1991 [3 of 3]","CF00960-013","Economic Summits and Industrialized-Country Cooperation","Volume XXX review","London Economic Summit; Fourth Sherpa meeting; Climate change; Trade; Environment","Use for the concluding climate, trade, and environmental papers in the fourth-Sherpa briefing set. Check each paper against the neighboring volumes and the Deal-Reiss Economic Summit Files.","The sole withdrawal is a 1-page distribution list under (b)(3); no substantive withdrawn paper is described.","verified","Deal, Timothy E., Files","Summit Briefing Books Files","true","65","33536243","33536244","HTTP Content-Length","Restricted - Possibly","83377","0","0","0","0","2","203","37","59","35","5","61","3","3","1","1","The opening marker identifies Timothy E. Deal Files, Summit Briefing Books Files. Later withdrawal sheets instead identify Deal, Timothy E., and Reiss, Mitchell B., Files. The opening marker controls this file-level locator.","[{""itemNumber"":""01"",""type"":""List"",""title"":""Distribution"",""date"":""4/11/91"",""restriction"":""(b)(3)"",""classification"":""Not stated"",""pages"":1}]","George H.W. Bush Library, Bush Presidential Records, National Security Council, Timothy E. Deal Files, Summit Briefing Books Files, OA/ID CF00960–013, London [Economic] Summit: Fourth Sherpa Meeting—Briefing Book (London) June 1991 [3 of 3].","Source: George H.W. Bush Library, Bush Presidential Records, National Security Council, Timothy E. Deal Files, Summit Briefing Books Files, OA/ID CF00960–013, London [Economic] Summit: Fourth Sherpa Meeting—Briefing Book (London) June 1991 [3 of 3].","https://catalog.archives.gov/id/452050649","https://catalog.archives.gov/medialz/presidential-libraries/bush/gb-nsc/deal/summit_brief_books_2554817/41-bpr-nsc-deal-sumit_bref_bks-cf00960-013.pdf"
"452050650","1991-07-14","1991-07-17","July 14-17, 1991","Briefing-book cover event dates","London [Economic] Summit: President's Briefing Book - July 1991 [1 of 2]","CF00960-014","Economic Summits and Industrialized-Country Cooperation","Volume XXX review","London Economic Summit; President's briefing book; Baker-Brady memorandum; Presidential talking points; Summit strategy","This is the principal presidential briefing volume for London. It contains scope papers, the annotated schedule, and session talking points; compare copies against the London Subject Files and Presidential Memcon Files before selection.","Twelve withdrawals total 41 pages. The central lead is the 7-page Secret July 12 memorandum from James Baker and Nicholas Brady to President Bush on the London Economic Summit.","verified","Deal, Timothy E., Files","Summit Briefing Books Files","true","81","31487151","31487152","HTTP Content-Length","Restricted - Possibly","79175","1","1","0","0","14","139","59","40","28","2","3","4","3","12","41","The opening marker identifies Timothy E. Deal Files, Summit Briefing Books Files. Later withdrawal sheets instead label the subseries Subject Files. The opening marker controls this file-level locator.","[{""itemNumber"":""01"",""type"":""Memo"",""title"":""From James Baker, III/Nicholas Brady to POTUS Re: The London Economic Summit"",""date"":""7/12/91"",""restriction"":""(b)(1)"",""classification"":""Secret"",""pages"":7},{""itemNumber"":""02"",""type"":""Schedule"",""title"":""Schedule of the President and Mrs Bush for the Economic Summit, London, England, July 14-18, 1991 - -6"",""date"":""n.d."",""restriction"":""(b)(7)(c), (b)(7)(e), (b)(7)(f)"",""classification"":""Not stated"",""pages"":3},{""itemNumber"":""03"",""type"":""Schedule"",""title"":""Schedule of the President and Mrs Bush for the Economic Summit, London, England, July 14-18, 1991 - -15"",""date"":""n.d."",""restriction"":""(b)(7)(c), (b)(7)(e), (b)(7)(f)"",""classification"":""Not stated"",""pages"":2},{""itemNumber"":""04"",""type"":""Schedule"",""title"":""Schedule of the President and Mrs Bush for the Economic Summit, London, England, July 14-18, 1991 - -19"",""date"":""n.d."",""restriction"":""(b)(7)(c), (b)(7)(e), (b)(7)(f)"",""classification"":""Not stated"",""pages"":2},{""itemNumber"":""05"",""type"":""Schedule"",""title"":""Schedule of the President and Mrs Bush for the Economic Summit, London, England, July 14-18, 1991 - -26"",""date"":""n.d."",""restriction"":""(b)(7)(c), (b)(7)(e), (b)(7)(f)"",""classification"":""Not stated"",""pages"":2},{""itemNumber"":""06"",""type"":""Schedule"",""title"":""Schedule of the President and Mrs Bush for the Economic Summit, London, England, July 14-18, 1991 - -31"",""date"":""n.d."",""restriction"":""(b)(7)(c), (b)(7)(e), (b)(7)(f)"",""classification"":""Not stated"",""pages"":2},{""itemNumber"":""07"",""type"":""Schedule"",""title"":""Schedule of the President and Mrs Bush for the Economic Summit, London, England, July 14-18, 1991 - -37"",""date"":""n.d."",""restriction"":""(b)(7)(c), (b)(7)(e), (b)(7)(f)"",""classification"":""Not stated"",""pages"":2},{""itemNumber"":""08"",""type"":""Schedule"",""title"":""Schedule of the President and Mrs Bush for the Economic Summit, London, England, July 14-18, 1991 - -43"",""date"":""n.d."",""restriction"":""(b)(7)(c), (b)(7)(e), (b)(7)(f)"",""classification"":""Not stated"",""pages"":2},{""itemNumber"":""09"",""type"":""Schedule"",""title"":""Schedule of the President and Mrs Bush for the Economic Summit, London, England, July 14-18, 1991 - -48"",""date"":""n.d."",""restriction"":""(b)(7)(c), (b)(7)(e), (b)(7)(f)"",""classification"":""Not stated"",""pages"":2},{""itemNumber"":""10"",""type"":""Schedule"",""title"":""Schedule of the President and Mrs Bush for the Economic Summit, London, England, July 14-18, 1991 - -53"",""date"":""n.d."",""restriction"":""(b)(7)(c), (b)(7)(e), (b)(7)(f)"",""classification"":""Not stated"",""pages"":3},{""itemNumber"":""11"",""type"":""Paper"",""title"":""Re: London Summit: Draft Political Declaration -- Strengthening the International Order"",""date"":""7/6/91"",""restriction"":""(b)(1)"",""classification"":""Not stated"",""pages"":8},{""itemNumber"":""12"",""type"":""Paper"",""title"":""Re: London Summit: Draft Declaration on Conventional Arms Transfers and NBC Non-Proliferation"",""date"":""7/6/91"",""restriction"":""(b)(1)"",""classification"":""Not stated"",""pages"":6}]","George H.W. Bush Library, Bush Presidential Records, National Security Council, Timothy E. Deal Files, Summit Briefing Books Files, OA/ID CF00960–014, London [Economic] Summit: President's Briefing Book—July 1991 [1 of 2].","Source: George H.W. Bush Library, Bush Presidential Records, National Security Council, Timothy E. Deal Files, Summit Briefing Books Files, OA/ID CF00960–014, London [Economic] Summit: President's Briefing Book—July 1991 [1 of 2].","https://catalog.archives.gov/id/452050650","https://catalog.archives.gov/medialz/presidential-libraries/bush/gb-nsc/deal/summit_brief_books_2554817/41-bpr-nsc-deal-sumit_bref_bks-cf00960-014.pdf"
"452050651","1991-07-14","1991-07-17","July 14-17, 1991","Briefing-book cover event dates","London [Economic] Summit: President's Briefing Book - July 1991 [2 of 2]","CF00960-015","Economic Summits and Industrialized-Country Cooperation","Volume XXX review","London Economic Summit; President's briefing book; Trade; Soviet Union; President Gorbachev","The second presidential briefing volume preserves session-level talking points on trade and other summit decisions. The Soviet and Gorbachev sections remain separately described withdrawals and should be cross-routed to the Soviet volume.","Five Secret withdrawals total 17 pages, including presidential talking points on the Soviet Union and a special session with Gorbachev.","verified","Deal, Timothy E., Files","Summit Briefing Books Files","true","56","24630347","24630348","HTTP Content-Length","Restricted - Possibly","72201","0","0","0","0","6","279","59","76","67","3","46","27","1","5","17","The opening marker identifies Timothy E. Deal Files, Summit Briefing Books Files. Later withdrawal sheets instead label the subseries Subject Files. The opening marker controls this file-level locator.","[{""itemNumber"":""01"",""type"":""Talking points"",""title"":""Re: Points to be Made on Soviet Union [Fourth and Fifth Session]"",""date"":""n.d."",""restriction"":""(b)(1)"",""classification"":""Secret"",""pages"":7},{""itemNumber"":""02"",""type"":""Talking points"",""title"":""Re: Points to be Made for Special Session with President Gorbachev"",""date"":""n.d."",""restriction"":""(b)(1)"",""classification"":""Secret"",""pages"":4},{""itemNumber"":""03"",""type"":""Paper"",""title"":""Re: Soviet Union Economic Issues"",""date"":""n.d."",""restriction"":""(b)(1)"",""classification"":""Secret"",""pages"":3},{""itemNumber"":""04"",""type"":""Paper"",""title"":""Re: Gulf/Middle East"",""date"":""n.d."",""restriction"":""(b)(1)"",""classification"":""Secret"",""pages"":2},{""itemNumber"":""05"",""type"":""Talking points"",""title"":""Re: Points to be Made on Gulf/Middle East"",""date"":""n.d."",""restriction"":""(b)(1)"",""classification"":""Secret"",""pages"":1}]","George H.W. Bush Library, Bush Presidential Records, National Security Council, Timothy E. Deal Files, Summit Briefing Books Files, OA/ID CF00960–015, London [Economic] Summit: President's Briefing Book—July 1991 [2 of 2].","Source: George H.W. Bush Library, Bush Presidential Records, National Security Council, Timothy E. Deal Files, Summit Briefing Books Files, OA/ID CF00960–015, London [Economic] Summit: President's Briefing Book—July 1991 [2 of 2].","https://catalog.archives.gov/id/452050651","https://catalog.archives.gov/medialz/presidential-libraries/bush/gb-nsc/deal/summit_brief_books_2554817/41-bpr-nsc-deal-sumit_bref_bks-cf00960-015.pdf"
"452050652","1991-07-14","1991-07-17","July 14-17, 1991","Briefing-book cover event dates","London [Economic] Summit: President's Background Book - July 1991 [1 of 2]","CF00960-016","Economic Summits and Industrialized-Country Cooperation","Volume XXX review","London Economic Summit; President's background book; World economy; Macroeconomic coordination; Country papers","Use as supporting presidential background for the world economy, macroeconomic coordination, trade, debt, Soviet assistance, and country positions. Prefer the briefing book for presidential guidance and this volume for necessary context.","The three-page master inventory identifies 25 one-page government reports totaling 25 pages; their subjects are not disclosed, so they cannot be promoted beyond this locator.","verified","Deal, Timothy E., Files","Summit Briefing Books Files","true","58","26659771","26659772","HTTP Content-Length","Restricted - Possibly","86772","0","0","0","0","28","195","60","64","42","24","3","0","2","25","25","The opening marker identifies Timothy E. Deal Files, Summit Briefing Books Files. Later withdrawal sheets instead label the subseries Subject Files. The opening marker controls this file-level locator.","[{""itemNumber"":""01"",""type"":""Report"",""title"":""Re: [government report]"",""date"":""6/27/91"",""restriction"":""(b)(1)"",""classification"":""Confidential"",""pages"":1},{""itemNumber"":""02"",""type"":""Report"",""title"":""Re: [government report]"",""date"":""6/26/91"",""restriction"":""(b)(1)"",""classification"":""Confidential"",""pages"":1},{""itemNumber"":""03"",""type"":""Report"",""title"":""Re: [government report]"",""date"":""6/27/91"",""restriction"":""(b)(1)"",""classification"":""Confidential"",""pages"":1},{""itemNumber"":""04"",""type"":""Report"",""title"":""Re: [government report]"",""date"":""6/27/91"",""restriction"":""(b)(1)"",""classification"":""Secret"",""pages"":1},{""itemNumber"":""05"",""type"":""Report"",""title"":""Re: [government report]"",""date"":""6/27/91"",""restriction"":""(b)(1)"",""classification"":""Secret"",""pages"":1},{""itemNumber"":""06"",""type"":""Report"",""title"":""Re: [government report]"",""date"":""5/21/91"",""restriction"":""(b)(1)"",""classification"":""Secret"",""pages"":1},{""itemNumber"":""07"",""type"":""Report"",""title"":""Re: [government report]"",""date"":""5/9/91"",""restriction"":""(b)(1)"",""classification"":""Confidential"",""pages"":1},{""itemNumber"":""08"",""type"":""Report"",""title"":""Re: [government report]"",""date"":""n.d."",""restriction"":""(b)(1)"",""classification"":""Secret"",""pages"":1},{""itemNumber"":""09"",""type"":""Report"",""title"":""Re: [government report]"",""date"":""5/28/91"",""restriction"":""(b)(1)"",""classification"":""Secret"",""pages"":1},{""itemNumber"":""10"",""type"":""Report"",""title"":""Re: [government report]"",""date"":""6/27/91"",""restriction"":""(b)(1)"",""classification"":""Secret"",""pages"":1},{""itemNumber"":""11"",""type"":""Report"",""title"":""Re: [government report]"",""date"":""5/28/91"",""restriction"":""(b)(1)"",""classification"":""Confidential"",""pages"":1},{""itemNumber"":""12"",""type"":""Report"",""title"":""Re: [government report]"",""date"":""5/28/91"",""restriction"":""(b)(1)"",""classification"":""Confidential"",""pages"":1},{""itemNumber"":""13"",""type"":""Report"",""title"":""Re: [government report]"",""date"":""6/27/91"",""restriction"":""(b)(1)"",""classification"":""Confidential"",""pages"":1},{""itemNumber"":""14"",""type"":""Report"",""title"":""Re: [government report]"",""date"":""6/26/91"",""restriction"":""(b)(1)"",""classification"":""Confidential"",""pages"":1},{""itemNumber"":""15"",""type"":""Report"",""title"":""Re: [government report]"",""date"":""6/27/91"",""restriction"":""(b)(1)"",""classification"":""Confidential"",""pages"":1},{""itemNumber"":""16"",""type"":""Report"",""title"":""Re: [government report]"",""date"":""6/27/91"",""restriction"":""(b)(1)"",""classification"":""Secret"",""pages"":1},{""itemNumber"":""17"",""type"":""Report"",""title"":""Re: [government report]"",""date"":""1/24/91"",""restriction"":""(b)(1)"",""classification"":""Not stated"",""pages"":1},{""itemNumber"":""18"",""type"":""Report"",""title"":""Re: [government report]"",""date"":""6/27/91"",""restriction"":""(b)(1)"",""classification"":""Confidential"",""pages"":1},{""itemNumber"":""19"",""type"":""Report"",""title"":""Re: [government report]"",""date"":""6/27/91"",""restriction"":""(b)(1)"",""classification"":""Confidential"",""pages"":1},{""itemNumber"":""20"",""type"":""Report"",""title"":""Re: [government report]"",""date"":""6/28/91"",""restriction"":""(b)(1)"",""classification"":""Secret"",""pages"":1},{""itemNumber"":""21"",""type"":""Report"",""title"":""Re: [government report]"",""date"":""6/27/91"",""restriction"":""(b)(1)"",""classification"":""Secret"",""pages"":1},{""itemNumber"":""22"",""type"":""Report"",""title"":""Re: [government report]"",""date"":""6/27/91"",""restriction"":""(b)(1)"",""classification"":""Not stated"",""pages"":1},{""itemNumber"":""23"",""type"":""Report"",""title"":""Re: [government report]"",""date"":""5/15/91"",""restriction"":""(b)(1)"",""classification"":""Secret"",""pages"":1},{""itemNumber"":""24"",""type"":""Report"",""title"":""Re: [government report]"",""date"":""5/21/91"",""restriction"":""(b)(1)"",""classification"":""Secret"",""pages"":1},{""itemNumber"":""25"",""type"":""Report"",""title"":""Re: [government report]"",""date"":""6/27/91"",""restriction"":""(b)(1)"",""classification"":""Not stated"",""pages"":1}]","George H.W. Bush Library, Bush Presidential Records, National Security Council, Timothy E. Deal Files, Summit Briefing Books Files, OA/ID CF00960–016, London [Economic] Summit: President's Background Book—July 1991 [1 of 2].","Source: George H.W. Bush Library, Bush Presidential Records, National Security Council, Timothy E. Deal Files, Summit Briefing Books Files, OA/ID CF00960–016, London [Economic] Summit: President's Background Book—July 1991 [1 of 2].","https://catalog.archives.gov/id/452050652","https://catalog.archives.gov/medialz/presidential-libraries/bush/gb-nsc/deal/summit_brief_books_2554817/41-bpr-nsc-deal-sumit_bref_bks-cf00960-016.pdf"
"452050653","1991-07-14","1991-07-17","July 14-17, 1991","Briefing-book cover event dates","London [Economic] Summit: President's Background Book - July 1991 [2 of 2]","CF00960-017","Economic Summits and Industrialized-Country Cooperation","Volume XXX review","London Economic Summit; President's background book; European Community; Germany; Japan","This companion background volume is principally useful for country-position and cross-volume checks. Avoid duplicating country papers already represented by bilateral presidential conversations or regional files.","Nine withdrawals total 16 pages, including country papers on the European Community, Germany, France, Japan, and the United Kingdom.","verified","Deal, Timothy E., Files","Summit Briefing Books Files","true","21","8924925","8924925","Catalog objectFileSize","Restricted - Possibly","29937","0","0","0","0","10","53","14","25","14","0","0","0","0","9","16","The opening marker identifies Timothy E. Deal Files, Summit Briefing Books Files. Later withdrawal sheets instead label the subseries Subject Files. The opening marker controls this file-level locator.","[{""itemNumber"":""01"",""type"":""Paper"",""title"":""Re: Nonproliferation"",""date"":""n.d."",""restriction"":""(b)(1)"",""classification"":""Confidential"",""pages"":3},{""itemNumber"":""02"",""type"":""Paper"",""title"":""Re: Terrorism"",""date"":""n.d."",""restriction"":""(b)(1)"",""classification"":""Secret"",""pages"":2},{""itemNumber"":""03"",""type"":""Talking points"",""title"":""Re: Points to be Made on Terrorism"",""date"":""n.d."",""restriction"":""(b)(1)"",""classification"":""Secret"",""pages"":1},{""itemNumber"":""04"",""type"":""Paper"",""title"":""Re: Canada"",""date"":""n.d."",""restriction"":""(b)(1)"",""classification"":""Not stated"",""pages"":2},{""itemNumber"":""05"",""type"":""Paper"",""title"":""Re: European Community"",""date"":""n.d."",""restriction"":""(b)(1)"",""classification"":""Confidential"",""pages"":2},{""itemNumber"":""06"",""type"":""Paper"",""title"":""Re: Germany"",""date"":""n.d."",""restriction"":""(b)(1)"",""classification"":""Confidential"",""pages"":1},{""itemNumber"":""07"",""type"":""Paper"",""title"":""Re: France"",""date"":""n.d."",""restriction"":""(b)(1)"",""classification"":""Confidential"",""pages"":2},{""itemNumber"":""08"",""type"":""Paper"",""title"":""Re: Japan"",""date"":""n.d."",""restriction"":""(b)(1)"",""classification"":""Confidential"",""pages"":2},{""itemNumber"":""09"",""type"":""Paper"",""title"":""Re: United Kingdom"",""date"":""n.d."",""restriction"":""(b)(1)"",""classification"":""Confidential"",""pages"":1}]","George H.W. Bush Library, Bush Presidential Records, National Security Council, Timothy E. Deal Files, Summit Briefing Books Files, OA/ID CF00960–017, London [Economic] Summit: President's Background Book—July 1991 [2 of 2].","Source: George H.W. Bush Library, Bush Presidential Records, National Security Council, Timothy E. Deal Files, Summit Briefing Books Files, OA/ID CF00960–017, London [Economic] Summit: President's Background Book—July 1991 [2 of 2].","https://catalog.archives.gov/id/452050653","https://catalog.archives.gov/medialz/presidential-libraries/bush/gb-nsc/deal/summit_brief_books_2554817/41-bpr-nsc-deal-sumit_bref_bks-cf00960-017.pdf"
