"id","title","heading","dateline","datePrecision","dateBasis","sortDate","sender","recipient","scowcroftRole","selectionPass","institutions","type","displayDateLabel","proposalKind","priority","selectionRationale","sourceNote","classification","markingNote","releaseStatus","pdfPageStart","pdfPageEnd","extentLabel","evidenceNotes","editorialReview","relatedIds","naid","localId","catalogUrl","provenanceUrl","documentUrl","decisionRole","modelAssessment","modelFollowUp","modelDocumentUrls"
"ifi-1989-01-31-g7","U.S. Position at Upcoming G-7 Meeting","Memorandum From Stephen P. Farrar to Brent Scowcroft","Washington, January 31, 1989","day","Date printed on the selected memorandum.","1989-01-31","Stephen P. Farrar","Brent Scowcroft","To Scowcroft","ifi-expansion","IMF; G-7","Memorandum","","Document","High","Establishes the administration’s starting position on IMF quotas, international debt guarantees, and G-7 economic surveillance. Contrasts U.S. resistance to additional taxpayer exposure with French and Japanese proposals, and connects institutional reform to the impending debt-strategy review.","Source: George H.W. Bush Library, Bush Presidential Records, Brent Scowcroft Collection, Chronological Files, OA/ID 91148–001, Other (January - March 1989). No classification marking.","No classification marking","","Released","5","7","3 released memorandum pages; PDF pages 5–7; attachments described separately","Three-page action memorandum, initialed by Farrar and stamped as seen by the National Security Adviser. The approval and disapproval lines on PDF page 7 are blank. No classification marking appears on the selected pages.","Use as an opening institutional-policy document. The recommendation to seek a Brady debriefing is a proposal, not evidence that the briefing occurred.","","366551990","91148-001","https://catalog.archives.gov/id/366551990","https://catalog.archives.gov/medialz/presidential-libraries/bush/gb-gbs/4708326/41-bpr-scow-chron-91148-001.pdf#page=1","https://catalog.archives.gov/medialz/presidential-libraries/bush/gb-gbs/4708326/41-bpr-scow-chron-91148-001.pdf#page=5","Negotiating position","Use as an opening statement of U.S. preferences on Fund resources, debt guarantees, and surveillance. It shows proposed resistance and alternatives before the strategy matured.","Find Treasury’s position and the instructions or decisions adopted after this recommendation.","https://history.state.gov/historicaldocuments/frus1977-80v03/d233"
"deal-1989-03-08-melby-paris-preparatory","Paris Economic Summit Preparatory Meeting","Memorandum From Eric Melby of the National Security Council Staff to the President's Assistant for National Security Affairs (Scowcroft)","Washington, March 8, 1989","day","Date printed on the selected memorandum; Washington is printed in its letterhead.","1989-03-08","Eric Melby","Brent Scowcroft","To Scowcroft","","","Memorandum","","Document","Consider","Consider for the opening of the Paris summit sequence: records the agenda reaching Scowcroft after the February Sherpa meeting and the NSC assessment of French intentions. Connects monetary coordination, debt, East-West trade, and the environment before the principals set U.S. objectives.","Source: George H.W. Bush Library, Bush Presidential Records, National Security Council, Timothy E. Deal Files, Subject Files, OA/ID CF00972–002, Paris Economic Summit [July 1989]. Confidential.","Confidential","","Released","24","24","1 released memorandum page; PDF page 24; attachments described separately","The one-page memorandum is at PDF page 24, routed through Timothy E. Deal and stamped “Natl Sec Advisor has seen.” The attached six-page Sherpa report is represented by a withdrawal sheet on page 25; its contents are not reconstructed here.","Compare with any released copy of McCormack’s report. If that fuller account is selected, consider citing this covering assessment in annotation.","","452050593","CF00972-002","https://catalog.archives.gov/id/452050593","https://catalog.archives.gov/medialz/presidential-libraries/bush/gb-nsc/deal/subject_2554810/41-bpr-nsc-deal-subj-cf00972-002.pdf#page=1","https://catalog.archives.gov/medialz/presidential-libraries/bush/gb-nsc/deal/subject_2554810/41-bpr-nsc-deal-subj-cf00972-002.pdf#page=24","Negotiating report","Retain the NSC assessment if it adds policy judgment beyond the underlying Sherpa report; otherwise use it to annotate that fuller record.","Compare McCormack’s report with the U.S. instructions and the subsequent summit discussion.","https://history.state.gov/historicaldocuments/frus1977-80v03/d146; https://history.state.gov/historicaldocuments/frus1977-80v03/d258"
"deal-1989-03-15-melby-white-house-summit-group","White House Summit Group Meeting on Paris Summit","Memorandum From Eric Melby of the National Security Council Staff to the President's Assistant for National Security Affairs (Scowcroft)","Washington, March 15, 1989","day","Date printed on the selected memorandum; Washington is printed in its letterhead.","1989-03-15","Eric Melby","Brent Scowcroft","To Scowcroft","","","Memorandum","","Annotation","Supporting","Use in annotation to the March 20 Scowcroft memorandum: the marked action copy shows the staff recommendation and an approval check for arranging the White House Summit Group meeting.","Source: George H.W. Bush Library, Bush Presidential Records, National Security Council, Timothy E. Deal Files, Subject Files, OA/ID CF00972–002, Paris Economic Summit [July 1989]. Confidential.","Confidential","","Released","8","8","1 released memorandum page; PDF page 8; attachments described separately","Use the annotated copy on page 8; page 10 is a parallel copy with a blank approval line. Page 8 bears a “SIGNED” stamp, an approval check, and a handwritten organizational instruction. It has added Confidential stamps alongside printed “Unclassified with Confidential Attachment” markings. The selected copy’s terminal Confidential stamp controls this Source Note.","Do not attribute the handwritten instruction to a particular person without checking the handwriting. Describe the marked copy without printing both copies as separate documents.","deal-1989-03-20-scowcroft-sununu-paris","452050593","CF00972-002","https://catalog.archives.gov/id/452050593","https://catalog.archives.gov/medialz/presidential-libraries/bush/gb-nsc/deal/subject_2554810/41-bpr-nsc-deal-subj-cf00972-002.pdf#page=1","https://catalog.archives.gov/medialz/presidential-libraries/bush/gb-nsc/deal/subject_2554810/41-bpr-nsc-deal-subj-cf00972-002.pdf#page=8","Supporting context","Use the action copy to explain preparation and routing of the March 20 paper. Meeting organization alone is insufficient for a separate policy document.","Locate the substantive discussion or conclusions of the proposed White House Summit Group meeting.","https://history.state.gov/historicaldocuments/frus1977-80v03/d273"
"deal-1989-03-20-scowcroft-sununu-paris","Paris Economic Summit","Memorandum From the President's Assistant for National Security Affairs (Scowcroft) to the White House Chief of Staff (Sununu)","Washington, March 20, 1989","day","Date printed on the selected memorandum; Washington is printed in its letterhead.","1989-03-20","Brent Scowcroft","John H. Sununu","From Scowcroft","","","Memorandum","","Document","Consider","Consider for documenting who set summit strategy: Scowcroft asks his co-chair Sununu to bring Baker and Brady into a White House Summit Group discussion before securing the President’s guidance for the next Sherpa meeting.","Source: George H.W. Bush Library, Bush Presidential Records, National Security Council, Timothy E. Deal Files, Subject Files, OA/ID CF00972–002, Paris Economic Summit [July 1989]. Confidential.","Confidential","","Released","3","3","1 released memorandum page; PDF page 3; attachments described separately","The dated, initialed copy is on page 3. The undated copy on page 11 is not a second proposal. The selected copy has added Confidential stamps at top and bottom alongside printed “Unclassified with Confidential Attachment” markings; the Source Note reflects the terminal stamp. The Sherpa report remains withdrawn (page 4); agenda, participants, and organization chart follow on pages 5–7.","Retain the dated copy as this proposal’s citation copy; compare the organizational annotation on Melby’s March 15 action memorandum. Initials do not by themselves establish subsequent implementation.","deal-1989-03-15-melby-white-house-summit-group","452050593","CF00972-002","https://catalog.archives.gov/id/452050593","https://catalog.archives.gov/medialz/presidential-libraries/bush/gb-nsc/deal/subject_2554810/41-bpr-nsc-deal-subj-cf00972-002.pdf#page=1","https://catalog.archives.gov/medialz/presidential-libraries/bush/gb-nsc/deal/subject_2554810/41-bpr-nsc-deal-subj-cf00972-002.pdf#page=3","Coordination proposal","Select if the allocation of authority materially explains how summit objectives were settled; pair it with the substantive objectives.","Find the principals’ discussion and the President’s guidance for the next Sherpa meeting.","https://history.state.gov/historicaldocuments/frus1977-80v03/d273"
"deal-1989-03-24-melby-economic-policy-directive","Economic Policy Directive 1","Memorandum From Eric Melby of the National Security Council Staff to the President's Assistant for National Security Affairs (Scowcroft)","Washington, March 24, 1989","day","Date printed on the selected memorandum; Washington is printed in its letterhead.","1989-03-24","Eric Melby","Brent Scowcroft","To Scowcroft","","","Memorandum","","Document","Consider","Propose for the institutional origins of Bush trade policy. Melby recommends preserving NSC review of the EPC trade strategy because trade with Japan, Europe, and developing countries has national-security implications; he invokes the handling of debt as a precedent.","Source: George H.W. Bush Library, Bush Presidential Records, National Security Council, Timothy E. Deal Files, Subject Files, OA/ID CF00972–018, Trade. No classification marking.","No classification marking","","Released","10","10","1 released memorandum page; PDF page 10; attachments described separately","Page 10 is the dated, initialed Melby memorandum, routed through Deal; its approval lines are blank. Page 11 is an undated memorandum prepared for Scowcroft to send to Brady, with a typed name and no visible signature. Brady’s March 21 directive is on pages 12–13. None of these pages should be assigned the date of another document.","Use the Melby action memorandum for the recommendation actually evidenced here. Check whether Scowcroft’s proposed reply was signed or sent before describing it as an executed instruction.","","452050609","CF00972-018","https://catalog.archives.gov/id/452050609","https://catalog.archives.gov/medialz/presidential-libraries/bush/gb-nsc/deal/subject_2554810/41-bpr-nsc-deal-subj-cf00972-018.pdf#page=1","https://catalog.archives.gov/medialz/presidential-libraries/bush/gb-nsc/deal/subject_2554810/41-bpr-nsc-deal-subj-cf00972-018.pdf#page=10","Policy alternatives","The selection value lies in the proposed NSC role in trade strategy and the reason for it. Establish the recommendation before describing any resulting directive.","Find the signed or sent reply and the economic-policy directive or review record to which it responded.","https://history.state.gov/historicaldocuments/frus1977-80v03/d163; https://history.state.gov/historicaldocuments/frus1977-80v03/d273"
"ifi-1989-04-esaf-report","Proposed U.S. Contribution to the IMF’s Enhanced Structural Adjustment Facility","Draft Report of the National Advisory Council on International Monetary and Financial Policies to President Bush and Congress","Washington, April 1989","month","April 1989 on the title page. April 7, the Treasury circulation date, is used only as a sorting key; no day is printed on the report.","1989-04-07","National Advisory Council on International Monetary and Financial Policies","President Bush and Congress","Companion paper","ifi-expansion","IMF; World Bank; IDA","Draft report","April 1989 (draft)","Document","High","Explains the case for a $150 million U.S. contribution to the IMF’s concessional lending facility for poorer countries. Connects U.S. influence, reform conditions, arrears, interest subsidies, and collaboration with the World Bank and IDA, with tables on contributors and costs.","Source: George H.W. Bush Library, Bush Presidential Records, National Security Council, Timothy E. Deal Files, Chronological Files, OA/ID CF00695–004, Chron File: April 1989 [1]. No classification marking.","No classification marking","","Released","13","28","16 released report pages; PDF pages 13–28; includes title page and five tables","Treasury draft circulated for interagency clearance. Title page dated April 1989; ten numbered text pages and five tables follow, ending on PDF page 28. April 7 transmission papers and an April 10 NSC concurrence surround the report. No classification marking appears on the selected report pages.","Compare with the final transmitted or published NAC report before choosing the controlling text. The proposal documents the administration’s case for contributing, not enactment or payment of the appropriation.","","452050415","CF00695-004","https://catalog.archives.gov/id/452050415","https://catalog.archives.gov/medialz/presidential-libraries/bush/gb-nsc/deal/chron_2554807/41-bpr-nsc-deal-chron-cf00695-004.pdf#page=1","https://catalog.archives.gov/medialz/presidential-libraries/bush/gb-nsc/deal/chron_2554807/41-bpr-nsc-deal-chron-cf00695-004.pdf#page=13","Institutional strategy","The draft makes the policy and funding case for ESAF. Prefer the decisive internal recommendation or final transmitted report if available, using this draft to document any significant change.","Locate the final report and the decision on the U.S. contribution; compare the draft before treating its language as an adopted position.","https://history.state.gov/historicaldocuments/frus1977-80v03/d304; https://history.state.gov/historicaldocuments/frus1977-80v03/d258"
"ifi-1989-06-20-conable","Briefing for the President’s Lunch with World Bank President Conable","Memorandum From Roger B. Porter to President Bush","Washington, June 20, 1989","day","Date printed on the selected memorandum.","1989-06-20","Roger B. Porter","President Bush","Companion paper","ifi-expansion","World Bank; IMF; IDA","Briefing memorandum","","Document","High","Brings together the World Bank and IMF role in financing Brady-plan debt reduction, the ninth replenishment of IDA, and the political versus technical basis for China lending. Quantifies the gap between Conable’s preferred IDA funding level and likely U.S. congressional support.","Source: George H.W. Bush Library, Bush Presidential Records, National Security Council, Timothy E. Deal Files, Chronological Files, OA/ID CF00695–009, Chron File: June 1989 [1]. No classification marking.","No classification marking","","Released","12","13","2 released memorandum pages; PDF pages 12–13; attachments described separately","Two-page presidential briefing dated June 20 for the June 21 luncheon, initialed by Porter. Separate talking-point cards follow on PDF pages 14–15. No classification marking appears on the two briefing pages.","Use the June 20 preparation date rather than the June 21 meeting date. Pair with Deal’s June 21 corrections, especially on the number of China loans and the state of IDA negotiations.","ifi-1989-06-21-conable","452050420","CF00695-009","https://catalog.archives.gov/id/452050420","https://catalog.archives.gov/medialz/presidential-libraries/bush/gb-nsc/deal/chron_2554807/41-bpr-nsc-deal-chron-cf00695-009.pdf#page=1","https://catalog.archives.gov/medialz/presidential-libraries/bush/gb-nsc/deal/chron_2554807/41-bpr-nsc-deal-chron-cf00695-009.pdf#page=12","Presidential briefing","Select if this is the clearest record of the World Bank resource and debt-financing choices put before Bush; read it with Deal’s corrections.","Seek the June 21 lunch record and subsequent IDA and debt-financing instructions.","https://history.state.gov/historicaldocuments/frus1977-80v03/d304; https://history.state.gov/historicaldocuments/frus1977-80v03/d258"
"ifi-1989-06-21-conable","Conable Meeting: NSC Corrections on Debt, IDA, and China Lending","Memorandum From Timothy E. Deal to Brent Scowcroft","Washington, June 21, 1989","day","Date printed on the selected memorandum.","1989-06-21","Timothy E. Deal","Brent Scowcroft","To Scowcroft","ifi-expansion","World Bank; IMF; IDA","Memorandum","","Document","High","Shows the NSC refining the President’s institutional briefing: distinguishing positions among creditor banks, postponing premature IDA negotiations, and correcting the China loan pipeline. It also explains the relationship between IMF membership and entry into the World Bank.","Source: George H.W. Bush Library, Bush Presidential Records, National Security Council, Timothy E. Deal Files, Chronological Files, OA/ID CF00695–009, Chron File: June 1989 [1]. Confidential.","Confidential","","Released","19","20","2 released memorandum pages; PDF pages 19–20; attachments described separately","Two-page memorandum routed through Deane Hoffmann, initialed by Deal and stamped “APNSA Has Seen.” The selected copy on PDF pages 19–20 repeats the memorandum on pages 10–11; it is counted once.","Retain the corrections as a distinct document, rather than silently rewriting Porter’s briefing. Treat the membership discussion as institutional eligibility policy; bilateral Soviet relations are not the reason for selection.","ifi-1989-06-20-conable; ifi-1989-07-21-debt","452050420","CF00695-009","https://catalog.archives.gov/id/452050420","https://catalog.archives.gov/medialz/presidential-libraries/bush/gb-nsc/deal/chron_2554807/41-bpr-nsc-deal-chron-cf00695-009.pdf#page=1","https://catalog.archives.gov/medialz/presidential-libraries/bush/gb-nsc/deal/chron_2554807/41-bpr-nsc-deal-chron-cf00695-009.pdf#page=19","Policy assessment","Retain the points that alter the President’s understanding of the institutional choices. Consider annotating Porter’s briefing if the corrections can be conveyed concisely.","Compare the lunch record, corrected loan information, and the positions actually conveyed to Conable.","https://history.state.gov/historicaldocuments/frus1977-80v03/d304; https://history.state.gov/historicaldocuments/frus1977-80v03/d258"
"scowcroft-1989-06-21-melby-summit-briefing","Presidential Briefing on Economic Summit, 2:15 p.m., Monday, June 26, 1989, Cabinet Room","Memorandum From Eric Melby of the National Security Council Staff to the President's Assistant for National Security Affairs (Scowcroft)","Washington, June 21, 1989","day","Date printed on the selected memorandum; Washington is printed in its letterhead.","1989-06-21","Eric Melby","Brent Scowcroft","To Scowcroft","","","Memorandum","","Annotation","Supporting","Use in annotation to identify the staff preparation and routing of Scowcroft’s June 24 presidential briefing. Establishes the planned division of roles between Scowcroft and Sununu.","Source: George H.W. Bush Library, Bush Presidential Records, Brent Scowcroft Collection, Latin American Files, Economic Chronological Files, OA/ID 91139–001, Latin America - Economics (June 1989). No classification marking.","No classification marking","","Released","9","9","1 released memorandum page; PDF page 9; attachments described separately","The one-page action memorandum is routed through Deane E. Hoffmann and asks Scowcroft to sign the attached presidential memorandum. It supplies June 21 as the staff-paper date; June 26 is the scheduled meeting date. The attached presidential memorandum appears separately on pages 3–5.","Do not date the presidential briefing June 21 or June 26. Compare handwritten concurrences before attributing drafting or clearance beyond the typed routing.","scowcroft-1989-06-24-paris-briefing","366551910","91139-001","https://catalog.archives.gov/id/366551910","https://catalog.archives.gov/medialz/presidential-libraries/bush/gb-gbs/4545957/41-bpr-scow-la-econchr-91139-001.pdf#page=1","https://catalog.archives.gov/medialz/presidential-libraries/bush/gb-gbs/4545957/41-bpr-scow-la-econchr-91139-001.pdf#page=9","Supporting context","Annotate the preparation of the June 24 briefing; avoid giving staff routing the same weight as presidential objectives.","Find a record of the June 26 briefing and subsequent Paris bargaining.","https://history.state.gov/historicaldocuments/frus1977-80v03/d146"
"ifi-1989-06-22-baker-votes","Baker to Scowcroft: Coordination of U.S. Votes on IFI Loan Requests","Memorandum From James A. Baker III to Brent Scowcroft","Washington, June 22, 1989","day","Date printed on the selected memorandum.","1989-06-22","James A. Baker III","Brent Scowcroft","To Scowcroft","ifi-expansion","World Bank; Development-bank voting","Memorandum","","Document","High","A principal-level request for Scowcroft to redesign consultation before U.S. votes in the financial institutions. Baker accepts economic tests for most loans but argues that Treasury’s short-notice instructions can exclude important foreign-policy considerations.","Source: George H.W. Bush Library, Bush Presidential Records, National Security Council, Timothy E. Deal Files, Chronological Files, OA/ID CF00695–014, Chron File: July 1989 [3]. Confidential.","Confidential","","Released","64","64","1 released memorandum page; PDF page 64; attachments described separately","Signed one-page memorandum dated June 22 with a State declassification notation. A duplicate is filed on PDF page 78; the attached State analysis and executive-order extracts are separate documents.","Select as the initiating principal-level intervention and pair with Scowcroft’s July 25 response. Distinguish Baker’s account of the Philippines vote from an independently checked World Bank voting record.","ifi-1989-06-29-loan-review","452050425","CF00695-014","https://catalog.archives.gov/id/452050425","https://catalog.archives.gov/medialz/presidential-libraries/bush/gb-nsc/deal/chron_2554807/41-bpr-nsc-deal-chron-cf00695-014.pdf#page=1","https://catalog.archives.gov/medialz/presidential-libraries/bush/gb-nsc/deal/chron_2554807/41-bpr-nsc-deal-chron-cf00695-014.pdf#page=64","Coordination proposal","A strong opening to the loan-vote sequence: a principal identifies the conflict between financial review and foreign-policy consultation.","Follow through the alternatives and July 25 instruction, then compare how the appeals process operated.","https://history.state.gov/historicaldocuments/frus1977-80v03/d273; https://history.state.gov/historicaldocuments/frus1977-80v03/d262"
"scowcroft-1989-06-24-paris-briefing","Meeting with the White House Summit Group","Memorandum From the President's Assistant for National Security Affairs (Scowcroft) to President Bush","Washington, June 24, 1989","day","Date printed on the selected memorandum; Washington is printed in its letterhead.","1989-06-24","Brent Scowcroft","George H.W. Bush","From Scowcroft","","","Memorandum","","Document","High","High-priority proposal. A compact statement of U.S. objectives for the Paris summit: stronger monetary coordination, support for the Brady debt strategy, resistance to competing debt proposals, and an ambitious Uruguay Round. It connects exchange-rate policy, commercial-bank negotiations, and presidential bargaining.","Source: George H.W. Bush Library, Bush Presidential Records, Brent Scowcroft Collection, Latin American Files, Economic Chronological Files, OA/ID 91139–001, Latin America - Economics (June 1989). Secret.","Secret","","Released","3","5","3 released memorandum pages; PDF pages 3–5; attachments described separately","The initialed three-page briefing is dated June 24; June 26 is the meeting it prepares. Its location in Latin American Files does not limit its substantive coverage to that region. The opening withdrawal inventory lists it, but the three released pages and declassification stamp are present. Page 12 still represents a withheld one-page biography. Agendas and talking points are separate attachments.","Propose the three-page briefing as one document. Route Mexico-specific material by substance while retaining the multilateral debt strategy in Volume XXX; do not mistake the old withdrawal inventory for the present release state.","","366551910","91139-001","https://catalog.archives.gov/id/366551910","https://catalog.archives.gov/medialz/presidential-libraries/bush/gb-gbs/4545957/41-bpr-scow-la-econchr-91139-001.pdf#page=1","https://catalog.archives.gov/medialz/presidential-libraries/bush/gb-gbs/4545957/41-bpr-scow-la-econchr-91139-001.pdf#page=3","Negotiating position","A strong statement of U.S. objectives across monetary coordination, debt, and trade. Preserve the relationships among those choices.","Compare with Treasury and State instructions, presidential guidance, and the summit conversation record.","https://history.state.gov/historicaldocuments/frus1977-80v03/d146; https://history.state.gov/historicaldocuments/frus1977-80v03/d233"
"ifi-1989-06-29-loan-review","Improving the Interagency Loan Review Process","Memorandum From William Milam to Eugene J. McAllister","Washington, June 29, 1989","day","Date printed on the selected memorandum.","1989-06-29","William Milam","Eugene J. McAllister","Companion paper","ifi-expansion","World Bank; Development-bank voting","Memorandum","","Document","High","Supplies concrete alternatives behind the Baker–Scowcroft intervention: minimum notice before negative votes, NSC arbitration, or voting among the principal reviewing agencies. Uses Haiti and Egypt loans to show that the consultation problem extended beyond the Philippines.","Source: George H.W. Bush Library, Bush Presidential Records, National Security Council, Timothy E. Deal Files, Chronological Files, OA/ID CF00695–014, Chron File: July 1989 [3]. No classification marking.","No classification marking","","Released","69","70","2 released memorandum pages; PDF pages 69–70; attachments described separately","Two-page State memorandum stamped June 29, 1989. The first page identifies Milam and McAllister; the final-page drafting line gives June 28. No classification marking appears on the memorandum pages.","Use the June 29 memorandum date and preserve the separate drafting date. These are staff proposals, not adopted procedures; compare with Scowcroft’s later signed instruction.","ifi-1989-06-22-baker-votes; ifi-1989-07-12-mdb-votes","452050425","CF00695-014","https://catalog.archives.gov/id/452050425","https://catalog.archives.gov/medialz/presidential-libraries/bush/gb-nsc/deal/chron_2554807/41-bpr-nsc-deal-chron-cf00695-014.pdf#page=1","https://catalog.archives.gov/medialz/presidential-libraries/bush/gb-nsc/deal/chron_2554807/41-bpr-nsc-deal-chron-cf00695-014.pdf#page=69","Policy alternatives","Useful for the actual procedural alternatives considered. If the July 12 assessment adequately preserves them, this paper may serve in annotation.","Compare the options with Scowcroft’s July 25 instruction and any agreed operating procedure.","https://history.state.gov/historicaldocuments/frus1977-80v03/d273"
"ifi-1989-07-12-mdb-votes","Development-Bank Votes: Deal’s Recommendation to Scowcroft","Memorandum From Timothy E. Deal to Brent Scowcroft","Washington, July 12, 1989","day","Date printed on the selected memorandum.","1989-07-12","Timothy E. Deal","Brent Scowcroft","To Scowcroft","ifi-expansion","World Bank; Development-bank voting","Memorandum","","Document","High","Explains where the loan-review machinery failed: Treasury could depart from staff consensus without enough time for State to appeal. Recommends formal notice and an appeal route, anticipates Treasury’s objections, and places the dispute within the National Advisory Council’s responsibilities.","Source: George H.W. Bush Library, Bush Presidential Records, National Security Council, Timothy E. Deal Files, Chronological Files, OA/ID CF00695–014, Chron File: July 1989 [3]. Confidential.","Confidential","","Released","60","61","2 released memorandum pages; PDF pages 60–61; attachments described separately","Two-page action memorandum, initialed by Deal, with Paal and Rostow concurrences and a handwritten concurrence notation. The memorandum is duplicated on PDF pages 82–83 and counted once. An undated version of the proposed Scowcroft response follows on pages 62–63.","Pair with Baker’s request and Scowcroft’s dated, signed July 25 memorandum. Do not use the undated attachment as a second document selection.","ifi-1989-06-29-loan-review; ifi-1989-07-25-mdb-votes","452050425","CF00695-014","https://catalog.archives.gov/id/452050425","https://catalog.archives.gov/medialz/presidential-libraries/bush/gb-nsc/deal/chron_2554807/41-bpr-nsc-deal-chron-cf00695-014.pdf#page=1","https://catalog.archives.gov/medialz/presidential-libraries/bush/gb-nsc/deal/chron_2554807/41-bpr-nsc-deal-chron-cf00695-014.pdf#page=60","Policy alternatives","A strong analytical companion to the signed instruction because it explains the failure in consultation and the proposed remedy.","Compare the final instruction and Treasury’s response, including any change to the proposed appeal route.","https://history.state.gov/historicaldocuments/frus1977-80v03/d273"
"ifi-1989-07-21-debt","International Debt: Commercial Banks and Official Financing","Memorandum From Timothy E. Deal to Brent Scowcroft","Washington, July 21, 1989","day","Date printed on the selected memorandum.","1989-07-21","Timothy E. Deal","Brent Scowcroft","To Scowcroft","ifi-expansion","IMF; World Bank","Memorandum","","Document","High","Explains strains in the Brady strategy across several borrowers and the division of responsibility between commercial creditors and the IMF and World Bank. The Philippines discussion is especially revealing: banks proposed new money while expecting the institutions to finance debt reduction.","Source: George H.W. Bush Library, Bush Presidential Records, Brent Scowcroft Collection, Latin American Files, Economic Chronological Files, OA/ID 91139–002, Latin America - Economics (July - October 1989). Confidential.","Confidential","","Released","14","15","2 released memorandum pages; PDF pages 14–15; attachments described separately","Two-page memorandum dated July 21, initialed by Deal and stamped as seen. The selected copy carries a handwritten “Good memo” comment. The Negroponte cable is an attachment outside the two-page extent.","Attribute market assessments and predictions to Deal and his unnamed banking contacts. Use the comparative discussion to explain official/private burden sharing, not as proof that predicted moratoria occurred.","ifi-1989-06-21-conable","366551911","91139-002","https://catalog.archives.gov/id/366551911","https://catalog.archives.gov/medialz/presidential-libraries/bush/gb-gbs/4545957/41-bpr-scow-la-econchr-91139-002.pdf#page=1","https://catalog.archives.gov/medialz/presidential-libraries/bush/gb-gbs/4545957/41-bpr-scow-la-econchr-91139-002.pdf#page=14","Policy assessment","Select for the allocation of debt-reduction costs between commercial creditors and multilateral institutions. Country cases should illustrate that general strategy.","Compare Treasury’s Brady-strategy instructions with the relevant institutional financing decisions.","https://history.state.gov/historicaldocuments/frus1977-80v03/d304; https://history.state.gov/historicaldocuments/frus1977-80v03/d258"
"ifi-1989-07-25-mdb-votes","Scowcroft’s Instruction to Review Development-Bank Voting Procedures","Memorandum From Brent Scowcroft to The Secretary of State, the Secretary of the Treasury, and the Acting Director of the International Development Cooperation Agency","Washington, July 25, 1989","day","Date printed on the selected memorandum.","1989-07-25","Brent Scowcroft","The Secretary of State, the Secretary of the Treasury, and the Acting Director of the International Development Cooperation Agency","From Scowcroft","ifi-expansion","World Bank; Development-bank voting","Memorandum","","Document","High","A signed Scowcroft instruction calling for advance notice and an appeals process when U.S. development-bank votes carry foreign-policy consequences. Assigns a review to the international-economics PCC, with unresolved options to go to the President through the Treasury Secretary.","Source: George H.W. Bush Library, Bush Presidential Records, National Security Council, Timothy E. Deal Files, Chronological Files, OA/ID CF00695–014, Chron File: July 1989 [3]. Confidential.","Confidential","","Released","76","77","2 released memorandum pages; PDF pages 76–77; attachments described separately","Two-page memorandum dated July 25, with Scowcroft’s signature on the second page and staff annotations. It specifies an August 25 target for the review. The undated copy on PDF pages 62–63 is not counted separately.","Distinguish the instruction to develop procedures from evidence that the review was completed. Link to the June 1991 Philippines dispute, where Deal explicitly invokes the resulting appeals mechanism.","ifi-1989-07-12-mdb-votes; ifi-1991-06-20-philippines-appeal","452050425","CF00695-014","https://catalog.archives.gov/id/452050425","https://catalog.archives.gov/medialz/presidential-libraries/bush/gb-nsc/deal/chron_2554807/41-bpr-nsc-deal-chron-cf00695-014.pdf#page=1","https://catalog.archives.gov/medialz/presidential-libraries/bush/gb-nsc/deal/chron_2554807/41-bpr-nsc-deal-chron-cf00695-014.pdf#page=76","Signed instruction","An anchor for the sequence: it directs advance notice and review of an appeals mechanism. Do not equate the instruction to review arrangements with proof that all resulting procedures were settled.","Find the PCC review and resulting procedure, then connect it to the June 1991 Philippine-loan appeal.","https://history.state.gov/historicaldocuments/frus1977-80v03/d273"
"ifi-1989-12-28-imf-quotas","Scowcroft to Bush: Negotiating an Increase in IMF Quotas","Memorandum From Brent Scowcroft to President Bush","Washington, December 28, 1989","day","Date printed on the selected memorandum.","1989-12-28","Brent Scowcroft","President Bush","From Scowcroft","ifi-expansion","IMF","Memorandum","","Document","High","Reveals the difference between the public U.S. bargaining position on IMF quotas and the increase Bush had authorized negotiators to accept. Places the U.S. position against demands from other Fund members and links the decision to correspondence with Chancellor Kohl.","Source: George H.W. Bush Library, Bush Presidential Records, National Security Council, Timothy E. Deal Files, Chronological Files, OA/ID CF00696–001, Chron File: December 1989 [1]. No classification marking.","No classification marking","","Released","39","39","1 released memorandum page; PDF page 39; attachments described separately","One-page action memorandum dated December 28, 1989, initialed by Scowcroft and stamped “The President Has Seen” and “Signed.” No classification marking appears on this selected memorandum; the signed outgoing January 2 letter follows on PDF page 42.","Keep the December memorandum distinct from the January 2 presidential letter. Compare the final letter and Treasury drafts when annotating the public presentation of the quota decision.","ifi-1992-03-14-imf-quotas","452050437","CF00696-001","https://catalog.archives.gov/id/452050437","https://catalog.archives.gov/medialz/presidential-libraries/bush/gb-nsc/deal/chron_2554807/41-bpr-nsc-deal-chron-cf00696-001.pdf#page=1","https://catalog.archives.gov/medialz/presidential-libraries/bush/gb-nsc/deal/chron_2554807/41-bpr-nsc-deal-chron-cf00696-001.pdf#page=39","Presidential recommendation","Select for the distinction between the public bargaining position and the negotiating authority reported in the paper.","Compare the outgoing correspondence, Treasury instructions, international agreement, and later U.S. authorization.","https://history.state.gov/historicaldocuments/frus1977-80v03/d233; https://history.state.gov/historicaldocuments/frus1977-80v03/d258"
"ifi-1990-01-08-ebrd","European Bank for Reconstruction and Development: French Initiative","Memorandum From Timothy E. Deal to Brent Scowcroft","Washington, January 8, 1990","day","Date printed on the selected memorandum.","1990-01-08","Timothy E. Deal","Brent Scowcroft","To Scowcroft","ifi-expansion","EBRD; IMF; G-7","Memorandum","","Document","High","Explains how France and the EC shaped the new bank before U.S. negotiating positions were settled. Identifies the stakes in membership, democratic conditionality, creditor control, capital shares, and the precedent for admission to other financial institutions.","Source: George H.W. Bush Library, Bush Presidential Records, Brent Scowcroft Collection, Chronological Files, OA/ID 91148–008, Other (January - May 1990) [1]. Confidential.","Confidential","","Released","6","7","2 released memorandum pages; PDF pages 6–7; attachments described separately","Two-page information memorandum, initialed by Deal, with a seen stamp and declassification notation. Records the January 6 telephone conversation and Key West Sherpa discussions as antecedents.","Select for the origins of U.S. institutional bargaining over the EBRD. Attribute judgments about Attali and European motives to Deal.","ifi-1990-01-09-ebrd-brief","366551997","91148-008","https://catalog.archives.gov/id/366551997","https://catalog.archives.gov/medialz/presidential-libraries/bush/gb-gbs/4708326/41-bpr-scow-chron-91148-008.pdf#page=1","https://catalog.archives.gov/medialz/presidential-libraries/bush/gb-gbs/4708326/41-bpr-scow-chron-91148-008.pdf#page=6","Policy alternatives","Useful for the early institutional choices. Compare with the January 9 briefing and January 16 report before deciding how much preliminary explanation requires full text.","Identify which membership, capital, and lending conditions entered the U.S. negotiating instructions.","https://history.state.gov/historicaldocuments/frus1977-80v03/d233; https://history.state.gov/historicaldocuments/frus1977-80v03/d304"
"ifi-1990-01-09-conclusions","Baker–Brady–Scowcroft Conclusions: China Lending and the EBRD","Memorandum From Timothy E. Deal to Brent Scowcroft","Washington, January 9, 1990","day","Date printed on the selected memorandum.","1990-01-09","Timothy E. Deal","Brent Scowcroft","To Scowcroft","ifi-expansion","World Bank; EBRD; G-7","Memorandum","","Document","High","Records agreed U.S. instructions on delaying and limiting World Bank loans to China, seeking G-7 coordination, and entering EBRD negotiations with specified conditions. Provides decision evidence across two financial institutions.","Source: George H.W. Bush Library, Bush Presidential Records, Brent Scowcroft Collection, Chronological Files, OA/ID 91148–008, Other (January - May 1990) [1]. Confidential.","Confidential","","Released","9","10","2 released memorandum pages; PDF pages 9–10; attachments described separately","Two-page memorandum headed “Summary of Conclusions of Meeting with Secretaries Baker and Brady on January 9: China and EBRD.” Initialed by Deal and stamped as seen; the profile on PDF page 8 records “Noted by Scowcroft.”","Treat as Deal’s contemporary summary of conclusions, not a verbatim meeting transcript. Link the basic-human-needs lending policy to the already proposed July 1990 China-lending papers.","ifi-1990-01-09-ebrd-brief; ifi-1990-01-16-ebrd-negotiations; scowcroft-undated-1990-china-lending","366551997","91148-008","https://catalog.archives.gov/id/366551997","https://catalog.archives.gov/medialz/presidential-libraries/bush/gb-gbs/4708326/41-bpr-scow-chron-91148-008.pdf#page=1","https://catalog.archives.gov/medialz/presidential-libraries/bush/gb-gbs/4708326/41-bpr-scow-chron-91148-008.pdf#page=9","Reported principals’ conclusions","A strong link between proposed policy and agreed instructions. Preserve the distinction between Deal’s report of conclusions and any separately approved meeting record.","Seek the underlying conclusions or implementing instructions on World Bank China loans and EBRD participation.","https://history.state.gov/historicaldocuments/frus1977-80v03/d273; https://history.state.gov/historicaldocuments/frus1977-80v03/d262"
"ifi-1990-01-09-ebrd-brief","EBRD: Brief for the Baker–Brady–Scowcroft Meeting","Memorandum From Timothy E. Deal, Adrian Basora, and Condoleezza Rice to Brent Scowcroft","Washington, January 9, 1990","day","Date printed on the selected memorandum.","1990-01-09","Timothy E. Deal, Adrian Basora, and Condoleezza Rice","Brent Scowcroft","To Scowcroft","ifi-expansion","EBRD; European Investment Bank","Memorandum","","Document","High","Sets out NSC recommendations on borrower eligibility, the private-sector mandate, and membership for the EC Commission and European Investment Bank. Shows the proposed diplomatic campaign to change the bank’s design before negotiations.","Source: George H.W. Bush Library, Bush Presidential Records, Brent Scowcroft Collection, Chronological Files, OA/ID 91148–008, Other (January - May 1990) [1]. Confidential.","Confidential","","Released","11","12","2 released memorandum pages; PDF pages 11–12; attachments described separately","Two-page joint memorandum, routed through Blackwill and Deal, with initials and a seen stamp. The printed sender line spells Rice’s first name “Condoleeza”; the heading uses her standard name. The Mulford attachment begins on PDF page 13 and is outside this item’s extent.","Pair with the separate January 9 conclusions to distinguish proposed positions from the principals’ resulting instructions.","ifi-1990-01-08-ebrd; ifi-1990-01-09-conclusions","366551997","91148-008","https://catalog.archives.gov/id/366551997","https://catalog.archives.gov/medialz/presidential-libraries/bush/gb-gbs/4708326/41-bpr-scow-chron-91148-008.pdf#page=1","https://catalog.archives.gov/medialz/presidential-libraries/bush/gb-gbs/4708326/41-bpr-scow-chron-91148-008.pdf#page=11","Negotiating position","Retain the proposed eligibility and mandate rules if they establish the position taken into negotiations; use overlapping background in annotation.","Compare the principals’ conclusions and the delegation’s instructions with the January 16 negotiating report.","https://history.state.gov/historicaldocuments/frus1977-80v03/d233"
"ifi-1990-01-16-ebrd-negotiations","EBRD Negotiations: Joint Treasury–State–NSC Assessment","Memorandum From David C. Mulford, Richard T. McCormack, and Timothy E. Deal to Nicholas F. Brady, James A. Baker III, and Brent Scowcroft","Washington, January 16, 1990","day","Date printed on the selected memorandum.","1990-01-16","David C. Mulford, Richard T. McCormack, and Timothy E. Deal","Nicholas F. Brady, James A. Baker III, and Brent Scowcroft","To Scowcroft","ifi-expansion","EBRD; European Investment Bank","Memorandum","","Document","High","Gives the negotiating team’s common account of U.S. isolation over the new bank’s size, lending mandate, eligibility, capital denomination, and governance. Particularly useful for the concern that infrastructure lending could displace support for private enterprise.","Source: George H.W. Bush Library, Bush Presidential Records, Brent Scowcroft Collection, Chronological Files, OA/ID 91148–008, Other (January - May 1990) [1]. Confidential.","Confidential","","Released","30","32","3 released memorandum pages; PDF pages 30–32; attachments described separately","Three-page Treasury memorandum dated January 16, naming all three officials as senders and all three principals as recipients. Filed as the attachment to Deal’s January 22 report. The final page promises a later paper with recommended positions.","Preserve joint authorship and the January 16 document date rather than the January 22 cover date. Pair with Deal’s separate personal assessment, which explicitly supplements this joint memorandum.","ifi-1990-01-09-conclusions; ifi-1990-01-22-ebrd","366551997","91148-008","https://catalog.archives.gov/id/366551997","https://catalog.archives.gov/medialz/presidential-libraries/bush/gb-gbs/4708326/41-bpr-scow-chron-91148-008.pdf#page=1","https://catalog.archives.gov/medialz/presidential-libraries/bush/gb-gbs/4708326/41-bpr-scow-chron-91148-008.pdf#page=30","Negotiating report","A strong candidate because the negotiating team reports concrete obstacles and disagreements over institutional design.","Compare with the agreed U.S. instructions and the later terms recommended to the President.","https://history.state.gov/historicaldocuments/frus1977-80v03/d258; https://history.state.gov/historicaldocuments/frus1977-80v03/d233"
"ifi-1990-01-22-ebrd","Negotiations for the EBRD: Deal’s Assessment","Memorandum From Timothy E. Deal to Brent Scowcroft","Washington, January 22, 1990","day","Date printed on the selected memorandum.","1990-01-22","Timothy E. Deal","Brent Scowcroft","To Scowcroft","ifi-expansion","EBRD","Memorandum","","Document","High","Shows the practical limits on U.S. influence in a European-led financial institution. Weighs participation on unwelcome terms against staying out, and assesses differences among prospective borrowers over markets, privatization, and infrastructure finance.","Source: George H.W. Bush Library, Bush Presidential Records, Brent Scowcroft Collection, Chronological Files, OA/ID 91148–008, Other (January - May 1990) [1]. Confidential.","Confidential","","Released","27","29","3 released memorandum pages; PDF pages 27–29; attachments described separately","Three-page information memorandum with initials and a seen stamp. Its attachment is the separately proposed January 16 joint memorandum on PDF pages 30–32.","Retain as a distinct assessment rather than a duplicate of the attached negotiating report. Attribute its candid descriptions and judgments to Deal.","ifi-1990-01-16-ebrd-negotiations; ifi-1990-01-25-iepr","366551997","91148-008","https://catalog.archives.gov/id/366551997","https://catalog.archives.gov/medialz/presidential-libraries/bush/gb-gbs/4708326/41-bpr-scow-chron-91148-008.pdf#page=1","https://catalog.archives.gov/medialz/presidential-libraries/bush/gb-gbs/4708326/41-bpr-scow-chron-91148-008.pdf#page=27","Policy alternatives","Retain if Deal’s assessment explains a consequential choice between participation and withdrawal that is not adequately captured in the joint report.","Find the principals’ response; compare the January 16 report to avoid repeating its negotiation narrative.","https://history.state.gov/historicaldocuments/frus1977-80v03/d233"
"ifi-1990-01-25-iepr","IEPR Breakfast: EBRD Conditions, Egypt and the IMF, China Loans","Memorandum From Timothy E. Deal and Eric Melby to Brent Scowcroft","Washington, January 25, 1990","day","Date printed on the selected memorandum.","1990-01-25","Timothy E. Deal and Eric Melby","Brent Scowcroft","To Scowcroft","ifi-expansion","EBRD; IMF; World Bank","Memorandum","","Document","High","Connects U.S. negotiating instructions on the EBRD charter with pressure for IMF flexibility toward Egypt and scheduling of World Bank loans to China. Shows how the same principals managed political conditions and financial discipline across institutions.","Source: George H.W. Bush Library, Bush Presidential Records, Brent Scowcroft Collection, Chronological Files, OA/ID 91148–008, Other (January - May 1990) [1]. Secret.","Secret","","Released in part","35","37","3 partly released memorandum pages; PDF pages 35–37; attachments described separately","Three-page memorandum dated January 25 for the January 26 breakfast. Marked “Declassified in Part”; substantial blocks on PDF pages 36 and 37 remain redacted. The visible text supports the institutional proposals summarized here.","Propose the released institutional-policy passages, preserving the redaction notices. Do not reconstruct the withheld text or describe the memorandum as fully released.","ifi-1990-01-22-ebrd; ifi-1990-02-01-ebrd","366551997","91148-008","https://catalog.archives.gov/id/366551997","https://catalog.archives.gov/medialz/presidential-libraries/bush/gb-gbs/4708326/41-bpr-scow-chron-91148-008.pdf#page=1","https://catalog.archives.gov/medialz/presidential-libraries/bush/gb-gbs/4708326/41-bpr-scow-chron-91148-008.pdf#page=35","Options for principals","Propose an institutional-policy extract if the released passages add distinctive choices on the EBRD, IMF, or World Bank. Preserve redactions and identify omitted unrelated material.","Find conclusions of the breakfast and fuller released copies of the relevant institutional papers.","https://history.state.gov/historicaldocuments/frus1977-80v03/d262; https://history.state.gov/historicaldocuments/frus1977-80v03/d233"
"ifi-1990-02-01-ebrd","EBRD: Conditions for U.S. Participation","Memorandum From Timothy E. Deal to Brent Scowcroft","Washington, February 1, 1990","day","Date printed on the selected memorandum.","1990-02-01","Timothy E. Deal","Brent Scowcroft","To Scowcroft","ifi-expansion","EBRD; IMF; World Bank","Memorandum","","Document","High","Identifies the conditions that could keep the United States out of the EBRD. Explains why paying capital in a floating ECU raised concerns about open-ended U.S. commitments and precedents for the IMF, World Bank, and regional development banks.","Source: George H.W. Bush Library, Bush Presidential Records, Brent Scowcroft Collection, Chronological Files, OA/ID 91148–008, Other (January - May 1990) [1]. Confidential.","Confidential","","Released","47","48","2 released memorandum pages; PDF pages 47–48; attachments described separately","Two-page action memorandum. A handwritten mark appears on the approval line on PDF page 48. The attached presidential memorandum on PDF pages 49–52 is a draft revised by State; it is not treated as a signed presidential decision.","Distinguish approval to convey Scowcroft’s concurrence from final presidential approval of U.S. membership. Note that the text expressly withholds attribution to Scowcroft of the Secretaries’ ECU position.","ifi-1990-01-25-iepr; ifi-1990-03-08-brady-meeting","366551997","91148-008","https://catalog.archives.gov/id/366551997","https://catalog.archives.gov/medialz/presidential-libraries/bush/gb-gbs/4708326/41-bpr-scow-chron-91148-008.pdf#page=1","https://catalog.archives.gov/medialz/presidential-libraries/bush/gb-gbs/4708326/41-bpr-scow-chron-91148-008.pdf#page=47","Negotiating position","The currency-denomination and financial-exposure problem gives this paper broader significance than a routine progress report.","Trace the approval to inform Mulford into the instructions sent and the final capital arrangements.","https://history.state.gov/historicaldocuments/frus1977-80v03/d233"
"ifi-1990-03-08-brady-meeting","U.S. Membership in the EBRD: Brief for the President’s Brady Meeting","Memorandum From Brent Scowcroft to President Bush","Washington, March 8, 1990","day","Date printed on the selected memorandum.","1990-03-08","Brent Scowcroft","President Bush","From Scowcroft","ifi-expansion","EBRD; G-7","Briefing memorandum","","Document","High","Presents Scowcroft’s recommendation to join the EBRD despite incomplete success in negotiations. Specifies public/private lending proportions, voting thresholds, borrower categories, and a mechanism to suspend lending after retreat from political or economic reform.","Source: George H.W. Bush Library, Bush Presidential Records, Brent Scowcroft Collection, Chronological Files, OA/ID 91148–010, Other (March 1990). Confidential.","Confidential","","Released","4","5","2 released memorandum pages; PDF pages 4–5; attachments described separately","Two-page briefing memorandum headed “Meeting with Secretary of the Treasury Nicholas Brady,” dated March 8, with the President-has-seen stamp. The meeting is listed for 1:30–1:50 p.m. in the Oval Office; this is the preparatory brief, not minutes.","Use the recommendation and negotiated package as evidence of U.S. institutional policy. Verify the President’s actual instructions against a separate decision or meeting record; the seen stamp alone does not establish them.","ifi-1990-02-01-ebrd; ifi-1990-03-14-ebrd","366551999","91148-010","https://catalog.archives.gov/id/366551999","https://catalog.archives.gov/medialz/presidential-libraries/bush/gb-gbs/4708326/41-bpr-scow-chron-91148-010.pdf#page=1","https://catalog.archives.gov/medialz/presidential-libraries/bush/gb-gbs/4708326/41-bpr-scow-chron-91148-010.pdf#page=4","Presidential recommendation","A strong decision-stage paper: Scowcroft recommends joining and specifies governance and lending terms. It remains a briefing, not minutes of the meeting.","Find the President’s disposition and compare the charter and U.S. participation authority with the recommended terms.","https://history.state.gov/historicaldocuments/frus1977-80v03/d233; https://history.state.gov/historicaldocuments/frus1977-80v03/d304"
"ifi-1990-03-14-ebrd","EBRD: Lending Rules, Capital, and Governance Negotiations","Memorandum From Timothy E. Deal to Brent Scowcroft","Washington, March 14, 1990","day","Date printed on the selected memorandum.","1990-03-14","Timothy E. Deal","Brent Scowcroft","To Scowcroft","ifi-expansion","EBRD; European Investment Bank","Memorandum","","Document","High","Reports agreement on the 40/60 public/private lending split and acceptance of European Investment Bank membership, while capital denomination, U.S. shares, board arrangements, and leadership remained unsettled. Offers a concrete record of how institutional design was negotiated.","Source: George H.W. Bush Library, Bush Presidential Records, Brent Scowcroft Collection, Chronological Files, OA/ID 91148–010, Other (March 1990). Confidential.","Confidential","","Released","10","11","2 released memorandum pages; PDF pages 10–11; attachments described separately","Two-page information memorandum, initialed by Deal, with Robert Blackwill’s concurrence on the final page. The printed memorandum is addressed to Scowcroft; the seen stamp identifies the Deputy National Security Adviser.","Focus selection on the lending mandate, capital and governance provisions. The discussion of Soviet borrowing is relevant here as a question of bank eligibility and voting rules.","ifi-1990-03-08-brady-meeting; ifi-1990-03-28-iepr","366551999","91148-010","https://catalog.archives.gov/id/366551999","https://catalog.archives.gov/medialz/presidential-libraries/bush/gb-gbs/4708326/41-bpr-scow-chron-91148-010.pdf#page=1","https://catalog.archives.gov/medialz/presidential-libraries/bush/gb-gbs/4708326/41-bpr-scow-chron-91148-010.pdf#page=10","Negotiating report","Use the changed lending and membership terms to document movement toward agreement. Consider annotation if a later report captures these changes and their causes more fully.","Locate resolution of the remaining capital, shareholding, board, and leadership questions.","https://history.state.gov/historicaldocuments/frus1977-80v03/d258"
"ifi-1990-03-28-iepr","IEPR Breakfast: Arrears, IMF Programs, and Development-Bank Lending","Memorandum From Timothy E. Deal to Brent Scowcroft","Washington, March 28, 1990","day","Date printed on the selected memorandum.","1990-03-28","Timothy E. Deal","Brent Scowcroft","To Scowcroft","ifi-expansion","IMF; World Bank; Inter-American Development Bank; EBRD","Memorandum","","Document","High","Shows U.S. choices over clearing Honduran arrears to the IMF, World Bank and IDB; pressing for an IMF mission to Egypt; and conditioning Zambian debt relief on an IMF or World Bank program. Also records remaining EBRD governance questions.","Source: George H.W. Bush Library, Bush Presidential Records, Brent Scowcroft Collection, Chronological Files, OA/ID 91148–010, Other (March 1990). Confidential.","Confidential","","Released","13","15","3 released memorandum pages; PDF pages 13–15; attachments described separately","Three-page memorandum dated March 28 for the March 29 breakfast, with a seen stamp and staff concurrences. The institutional and country-financing recommendations are visible on PDF pages 13–15.","Prioritize the EBRD and country-financing portions for document treatment. The intervening bilateral U.S.–Soviet trade discussion can be omitted with an editorial indication and routed to the appropriate volume.","ifi-1990-03-14-ebrd","366551999","91148-010","https://catalog.archives.gov/id/366551999","https://catalog.archives.gov/medialz/presidential-libraries/bush/gb-gbs/4708326/41-bpr-scow-chron-91148-010.pdf#page=1","https://catalog.archives.gov/medialz/presidential-libraries/bush/gb-gbs/4708326/41-bpr-scow-chron-91148-010.pdf#page=13","Options for principals","Select the institutional passages on arrears, conditionality, and EBRD governance; their value is the relationship between financial rules and diplomatic priorities.","Find the principals’ conclusions and subsequent IMF, World Bank, or IDB action; mark any omitted bilateral material.","https://history.state.gov/historicaldocuments/frus1977-80v03/d262; https://history.state.gov/historicaldocuments/frus1977-80v03/d304"
"scowcroft-1990-06-25-baker-brady-houston","The Economic Summit at Houston","Memorandum From Secretary of State Baker and Secretary of the Treasury Brady to President Bush","Washington, June 25, 1990","day","Date printed on the selected memorandum; Washington is printed in its letterhead.","1990-06-25","James A. Baker III and Nicholas F. Brady","George H.W. Bush","Companion paper","","","Memorandum","","Document","Consider","Propose alongside Scowcroft’s July 2 assessment. The joint State–Treasury paper sets negotiating objectives and anticipated G-7 positions on agriculture, Soviet and East European assistance, debt, the environment, and China lending. It provides the substantive baseline to which Scowcroft explicitly responds.","Source: George H.W. Bush Library, Bush Presidential Records, Brent Scowcroft Collection, Chronological Files, OA/ID 91149–006, Other (July 1990). Secret.","Secret","","Released","16","23","8 released memorandum pages; PDF pages 16–23; attachments described separately","The eight-page document names both Baker and Brady on page 16. The withdrawal inventory describes Baker alone; the document heading supplies the fuller authorship. The release stamp and all eight document pages are present, ending with Secret on page 23. It is attached to the Houston briefing sequence in the Scowcroft chronological file.","Compare this citation copy with State and Treasury copies before final publication. The fact that it is in Scowcroft’s file does not make him an author or addressee. Coordinate regional passages with the relevant volumes.","scowcroft-1990-07-02-houston","366552005","91149-006","https://catalog.archives.gov/id/366552005","https://catalog.archives.gov/medialz/presidential-libraries/bush/gb-gbs/4708326/41-bpr-scow-chron-91149-006.pdf#page=1","https://catalog.archives.gov/medialz/presidential-libraries/bush/gb-gbs/4708326/41-bpr-scow-chron-91149-006.pdf#page=16","Negotiating position","Use the joint State–Treasury assessment to establish the agencies’ proposed bargain, then compare Scowcroft’s response.","Find summit exchanges and subsequent instructions that establish which proposed positions became U.S. policy.","https://history.state.gov/historicaldocuments/frus1977-80v03/d146; https://history.state.gov/historicaldocuments/frus1977-80v03/d163"
"scowcroft-1990-07-01-lundsager-china","Houston Summit: World Bank Lending to China","Memorandum From Meg Lundsager of the National Security Council Staff to the President's Assistant for National Security Affairs (Scowcroft)","Washington, July 1, 1990","day","Date printed on the selected memorandum; Washington is printed in its letterhead.","1990-07-01","Meg Lundsager","Brent Scowcroft","To Scowcroft","","","Memorandum","","Annotation","Supporting","Use to annotate the preparation and approximate timing of the undated Scowcroft China-lending memorandum. Lundsager explicitly sends it for the July 2 Kennebunkport briefing and outlines the proposed lending compromise.","Source: George H.W. Bush Library, Bush Presidential Records, Brent Scowcroft Collection, Chronological Files, OA/ID 91149–006, Other (July 1990). Confidential.","Confidential","","Released","5","5","1 released memorandum page; PDF page 5; attachments described separately","One-page action memorandum dated July 1, routed through Timothy E. Deal and stamped “Natl Sec Advisor has seen.” It asks for Scowcroft’s signature on the attached memorandum. Neither this request nor the seen stamp establishes presidential approval.","The cover memorandum establishes association with the July 2 briefing, not an exact date or dispatch for its undated attachment. Leave difficult marginalia unattributed.","scowcroft-undated-1990-china-lending","366552005","91149-006","https://catalog.archives.gov/id/366552005","https://catalog.archives.gov/medialz/presidential-libraries/bush/gb-gbs/4708326/41-bpr-scow-chron-91149-006.pdf#page=1","https://catalog.archives.gov/medialz/presidential-libraries/bush/gb-gbs/4708326/41-bpr-scow-chron-91149-006.pdf#page=5","Supporting context","Use for the association and timing of the undated China-lending attachment. The cover cannot supply a signed presidential decision.","Seek a controlling signed or annotated copy and the resulting U.S. voting instructions.","https://history.state.gov/historicaldocuments/frus1977-80v03/d262; https://history.state.gov/historicaldocuments/frus1977-80v03/d304"
"scowcroft-1990-07-01-melby-houston","Scope Paper for Houston Summit","Memorandum From Eric Melby of the National Security Council Staff to the President's Assistant for National Security Affairs (Scowcroft)","Washington, July 1, 1990","day","Date printed on the selected memorandum; Washington is printed in its letterhead.","1990-07-01","Eric Melby","Brent Scowcroft","To Scowcroft","","","Memorandum","","Annotation","Supporting","Use in annotation to establish how the NSC scope paper and the Baker–Brady paper were assembled for the President’s Houston briefing book.","Source: George H.W. Bush Library, Bush Presidential Records, Brent Scowcroft Collection, Chronological Files, OA/ID 91149–006, Other (July 1990). Confidential.","Confidential","Confidential with Secret Attachment; the separately described attachment is Secret.","Released","15","15","1 released memorandum page; PDF page 15; attachments described separately","The dated one-page action memorandum is routed through Deal. It requests signature of the President’s memorandum and identifies the Baker–Brady paper as Tab II. Terminal marking: “Confidential with Secret Attachment”; the eight-page attachment is separately proposed and marked Secret.","Distinguish Melby’s July 1 staff paper from Scowcroft’s July 2 memorandum and Baker–Brady’s June 25 attachment. Do not count the attached papers twice.","scowcroft-1990-07-02-houston; scowcroft-1990-06-25-baker-brady-houston","366552005","91149-006","https://catalog.archives.gov/id/366552005","https://catalog.archives.gov/medialz/presidential-libraries/bush/gb-gbs/4708326/41-bpr-scow-chron-91149-006.pdf#page=1","https://catalog.archives.gov/medialz/presidential-libraries/bush/gb-gbs/4708326/41-bpr-scow-chron-91149-006.pdf#page=15","Supporting context","Use to reconstruct the briefing packet and distinguish its substantive attachments; count each attachment once.","Compare the President’s briefing-book copy and the actual Houston discussions.","https://history.state.gov/historicaldocuments/frus1977-80v03/d146"
"scowcroft-undated-1990-china-lending","Houston Summit: World Bank Lending to China","Memorandum From the President's Assistant for National Security Affairs (Scowcroft) to President Bush","Washington, undated","undated","Undated document; sorted with the July 1, 1990 covering memorandum. Prepared for a July 2 briefing; that is not an established document date.","1990-07-01T23:59:00","Brent Scowcroft","George H.W. Bush","From Scowcroft","","","Memorandum","Undated; enclosed July 1, 1990","Document","High","High-priority proposal for the decision process on China lending. Weighs the weakening G-7 consensus, congressional restrictions, and World Bank plans, then recommends a compromise linking expanded lending to economic reform while preserving U.S. legal constraints.","Source: George H.W. Bush Library, Bush Presidential Records, Brent Scowcroft Collection, Chronological Files, OA/ID 91149–006, Other (July 1990). Confidential.","Confidential","","Released","6","8","3 released memorandum pages; PDF pages 6–8; attachments described separately","The three-page memorandum is undated and has a typed FROM line. Lundsager’s July 1 covering memorandum (page 5) prepared it for the July 2 briefing. The approval and disapproval lines on page 8 are blank. Page 7 prints “$700 billion,” while the conclusion on page 8 and talking points on page 9 say “$700 million”; preserve and flag this discrepancy in any transcription. The document is released despite its listing on the earlier withdrawal inventory.","Retain an undated dateline and do not claim approval or dispatch. Check the China-volume boundary and any signed or annotated parallel copy before final selection. July 1 is solely the chronology sorting reference supplied by the covering memorandum.","scowcroft-1990-07-01-lundsager-china","366552005","91149-006","https://catalog.archives.gov/id/366552005","https://catalog.archives.gov/medialz/presidential-libraries/bush/gb-gbs/4708326/41-bpr-scow-chron-91149-006.pdf#page=1","https://catalog.archives.gov/medialz/presidential-libraries/bush/gb-gbs/4708326/41-bpr-scow-chron-91149-006.pdf#page=6","Presidential recommendation","Select for the interaction of World Bank lending policy, G-7 coordination, and U.S. legal constraints. The blank decision lines remain unresolved.","Locate the presidential disposition and U.S. board instructions; coordinate any China-specific narrative with the regional volume.","https://history.state.gov/historicaldocuments/frus1977-80v03/d262; https://history.state.gov/historicaldocuments/frus1977-80v03/d304"
"scowcroft-1990-07-02-houston","Houston Economic Summit","Memorandum From the President's Assistant for National Security Affairs (Scowcroft) to President Bush","Washington, July 2, 1990","day","Date printed on the selected memorandum; Washington is printed in its letterhead.","1990-07-02","Brent Scowcroft","George H.W. Bush","From Scowcroft","","","Memorandum","","Document","High","High-priority proposal. Scowcroft links economic leadership to the NATO summit, recommends conditionality for Soviet assistance without a major U.S. cash commitment, and treats agricultural reform in the Uruguay Round as Houston’s central economic opportunity. His discussion connects German unification and COCOM reform with summit bargaining.","Source: George H.W. Bush Library, Bush Presidential Records, Brent Scowcroft Collection, Chronological Files, OA/ID 91149–006, Other (July 1990). Confidential.","Confidential","","Released","12","14","3 released memorandum pages; PDF pages 12–14; attachments described separately","The dated, initialed memorandum occupies pages 12–14. Its first page refers to the Baker–Brady paper, and the July 1 Melby cover on page 15 identifies the two-paper package. All three pages are released and the terminal marking is Confidential. These recommendations do not by themselves establish the President’s decisions or summit outcomes.","Print as a distinct NSC assessment if space permits, with the Baker–Brady paper as a substantive companion. Compare the President’s briefing-book copy and subsequent summit conversations for annotations and outcome evidence.","scowcroft-1990-06-25-baker-brady-houston; scowcroft-1990-07-01-melby-houston","366552005","91149-006","https://catalog.archives.gov/id/366552005","https://catalog.archives.gov/medialz/presidential-libraries/bush/gb-gbs/4708326/41-bpr-scow-chron-91149-006.pdf#page=1","https://catalog.archives.gov/medialz/presidential-libraries/bush/gb-gbs/4708326/41-bpr-scow-chron-91149-006.pdf#page=12","Negotiating position","Select the distinct NSC judgment on the multilateral economic bargain, especially agriculture and assistance conditions; assess regional passages for cross-volume treatment.","Compare Baker–Brady’s recommendations with summit discussions and the agreed economic text.","https://history.state.gov/historicaldocuments/frus1977-80v03/d146; https://history.state.gov/historicaldocuments/frus1977-80v03/d163"
"ifi-1990-09-11-central-america","Multilateral Assistance to Central America: Designing the Donor Mechanism","Memorandum From David A. Pacelli and Meg Lundsager to Brent Scowcroft","Washington, September 11, 1990","day","Date printed on the selected memorandum.","1990-09-11","David A. Pacelli and Meg Lundsager","Brent Scowcroft","To Scowcroft","ifi-expansion","Development-finance coordination","Memorandum","","Document","High","Documents the unresolved design of a proposed G-24 donor mechanism and Treasury’s resistance to an inadequately specified fund. Shows the NSC insisting that State explain how the mechanism would fit the Enterprise for the Americas initiative and existing regional policy.","Source: George H.W. Bush Library, Bush Presidential Records, Brent Scowcroft Collection, Latin American Files, Economic Chronological Files, OA/ID 91139–011, Latin America - Economics (October 1990). Confidential.","Confidential","","Released","61","62","2 released memorandum pages; PDF pages 61–62; attachments described separately","Two-page copy marked “Re-Do,” dated September 11, with both authors named, staff initials, a seen stamp, and a mark on the approval line. The folder title is October 1990; the document date controls its place in the chronology.","Keep the proposed Central American donor group distinct from the G-24 developing-country caucus at the IMF and World Bank. Pair with the October papers on competing funding mechanisms.","ifi-1990-10-11-oas-fund","366551920","91139-011","https://catalog.archives.gov/id/366551920","https://catalog.archives.gov/medialz/presidential-libraries/bush/gb-gbs/4545957/41-bpr-scow-la-econchr-91139-011.pdf#page=1","https://catalog.archives.gov/medialz/presidential-libraries/bush/gb-gbs/4545957/41-bpr-scow-la-econchr-91139-011.pdf#page=61","Coordination proposal","Useful if it explains why a new donor mechanism was disputed and how it would relate to existing institutions. Compare later, fuller assessments for annotation alternatives.","Find State’s proposed design, Treasury’s response, and a decision on the donor mechanism.","https://history.state.gov/historicaldocuments/frus1977-80v03/d273; https://history.state.gov/historicaldocuments/frus1977-80v03/d304"
"ifi-1990-10-11-oas-fund","OAS Debt Conversion Fund: U.S. Reservations","Memorandum From Brent Scowcroft to President Bush","Washington, October 11, 1990","day","Date printed on the selected memorandum.","1990-10-11","Brent Scowcroft","President Bush","From Scowcroft","ifi-expansion","Inter-American Development Bank; OAS; Development-finance coordination","Memorandum","","Document","High","Explains U.S. reluctance to endorse a new $500 million OAS debt-conversion fund because of scarce resources, duplication of IDB and AID microenterprise programs, and uncertainty about its relationship to the Enterprise for the Americas. Useful for comparing institutional expansion with use of existing lenders.","Source: George H.W. Bush Library, Bush Presidential Records, Brent Scowcroft Collection, Latin American Files, Economic Chronological Files, OA/ID 91139–011, Latin America - Economics (October 1990). Confidential.","Confidential","","Released","32","33","2 released memorandum pages; PDF pages 32–33; attachments described separately","Two-page memorandum; the second page lists attachments. Initials reading “RG for” appear beside Scowcroft’s typed name, and the copy is stamped “Signed.” The proposed presidential reply is an attachment, not part of this extent.","Identify the signing-for notation in the source note after comparison with the controlling copy. Do not treat a noncommittal acknowledgment as approval of the proposed fund.","ifi-1990-09-11-central-america; ifi-1990-10-12-eai","366551920","91139-011","https://catalog.archives.gov/id/366551920","https://catalog.archives.gov/medialz/presidential-libraries/bush/gb-gbs/4545957/41-bpr-scow-la-econchr-91139-011.pdf#page=1","https://catalog.archives.gov/medialz/presidential-libraries/bush/gb-gbs/4545957/41-bpr-scow-la-econchr-91139-011.pdf#page=32","Presidential recommendation","The choice between a new fund and existing IDB/AID programs is the institutional question to retain, together with its resource implications.","Locate the President’s response and the ensuing U.S. position on the proposed fund.","https://history.state.gov/historicaldocuments/frus1977-80v03/d304"
"ifi-1990-10-12-eai","Enterprise for the Americas: Competing Funds and Coordination Problems","Memorandum From Donald C. Johnson to Brent Scowcroft","Washington, October 12, 1990","day","Date printed on the selected memorandum.","1990-10-12","Donald C. Johnson","Brent Scowcroft","To Scowcroft","ifi-expansion","World Bank; Development-finance coordination","Memorandum","","Document","High","Provides a candid account of Treasury–State rivalry over development finance. Warns that a separate Central American fund could compete with the EAI investment fund, confuse prospective European and Japanese contributors, and duplicate World Bank consultative arrangements.","Source: George H.W. Bush Library, Bush Presidential Records, Brent Scowcroft Collection, Latin American Files, Economic Chronological Files, OA/ID 91139–011, Latin America - Economics (October 1990). Confidential.","Confidential","","Released","56","59","4 released memorandum pages; PDF pages 56–59; attachments described separately","Four-page action memorandum dated October 12, routed through Pryce and Deal. The copy contains marginal comments and a mark on the approval line. Attachments include the earlier G-24 package, a Tokyo cable, and a Rockefeller letter.","Select chiefly for fund design, donor coordination, and the proposed resolution of overlapping mechanisms. Attribute its favorable assessment of EAI and criticisms of State to Johnson.","ifi-1990-10-11-oas-fund; ifi-1990-10-29-pdd","366551920","91139-011","https://catalog.archives.gov/id/366551920","https://catalog.archives.gov/medialz/presidential-libraries/bush/gb-gbs/4545957/41-bpr-scow-la-econchr-91139-011.pdf#page=1","https://catalog.archives.gov/medialz/presidential-libraries/bush/gb-gbs/4545957/41-bpr-scow-la-econchr-91139-011.pdf#page=56","Policy alternatives","Retain the competing institutional designs and donor-funding consequences. This supplies substantive disagreement behind the coordination papers.","Seek Treasury and State originals and the agreed division of responsibilities between their initiatives.","https://history.state.gov/historicaldocuments/frus1977-80v03/d304; https://history.state.gov/historicaldocuments/frus1977-80v03/d273"
"ifi-1990-10-29-pdd","Funding the Partnership for Democracy and Development","Memorandum From Donald C. Johnson and Eric D. Melby to Brent Scowcroft","Washington, October 29, 1990","day","Date printed on the selected memorandum.","1990-10-29","Donald C. Johnson and Eric D. Melby","Brent Scowcroft","To Scowcroft","ifi-expansion","Development-finance coordination","Memorandum","","Document","High","Shows how the NSC sought to rank competing multilateral funding appeals and reconcile State’s Central American partnership with the President’s EAI. Makes donor commitments, OMB clearance, and U.S. budget constraints central to the design of the new mechanism.","Source: George H.W. Bush Library, Bush Presidential Records, Brent Scowcroft Collection, Latin American Files, Economic Chronological Files, OA/ID 91139–011, Latin America - Economics (October 1990). Confidential.","Confidential","","Released","117","118","2 released memorandum pages; PDF pages 117–118; attachments described separately","Two-page joint action memorandum dated October 29, routed through Pryce and Deal. The final page has an approval mark and handwritten comments; attached cable and State–Treasury memorandum lie outside this item’s extent.","Use as the follow-through to the October 12 warning. The recommendation concerns clearance of proposed language; it does not itself prove that donors supplied additional money.","ifi-1990-10-12-eai; ifi-1991-02-08-brazil-lending","366551920","91139-011","https://catalog.archives.gov/id/366551920","https://catalog.archives.gov/medialz/presidential-libraries/bush/gb-gbs/4545957/41-bpr-scow-la-econchr-91139-011.pdf#page=1","https://catalog.archives.gov/medialz/presidential-libraries/bush/gb-gbs/4545957/41-bpr-scow-la-econchr-91139-011.pdf#page=117","Coordination proposal","Select for the allocation of scarce U.S. and donor resources if it explains a consequential funding choice; distinguish the marked action from later commitments.","Trace the approved staff action into OMB clearance, donor commitments, and the final funding arrangement.","https://history.state.gov/historicaldocuments/frus1977-80v03/d304; https://history.state.gov/historicaldocuments/frus1977-80v03/d258"
"ifi-1991-02-08-brazil-lending","World Bank and IDB Lending to Brazil: South America Follow-Up","Memorandum From Brent Scowcroft to President Bush","Washington, February 8, 1991","day","Date printed on the selected memorandum.","1991-02-08","Brent Scowcroft","President Bush","From Scowcroft","ifi-expansion","World Bank; Inter-American Development Bank; G-7; Development-finance coordination","Memorandum","","Document","High","Paragraph 2 reports U.S. leadership of a G-7 effort to block World Bank and IDB lending to Brazil pending an agreement with commercial creditors. Paragraph 7 explains the choice of a Partnership for Development and Democracy mechanism over a separate proposed donor group.","Source: George H.W. Bush Library, Bush Presidential Records, Brent Scowcroft Collection, Latin American Files, Economic Chronological Files, OA/ID 91139–013, Latin America - Economics (February 1991). Confidential.","Confidential","","Released","24","25","2 released memorandum pages; PDF pages 24–25; attachments described separately","Two-page memorandum titled “Report on Follow Up Actions to South America Trip,” dated February 8, 1991, with handwritten annotations and “RG for” beside Scowcroft’s name. The first-page archival marker says February 1991, although the Catalog/earlier ledger title says February 1990.","Propose document treatment for paragraphs 2 and 7, marking omissions of regional political matters. Use the PDF’s February 1991 provenance title and document date; do not inherit the Catalog’s erroneous year.","ifi-1990-10-29-pdd; ifi-1992-03-17-mif-funding","366551922","91139-013","https://catalog.archives.gov/id/366551922","https://catalog.archives.gov/medialz/presidential-libraries/bush/gb-gbs/4545957/41-bpr-scow-la-econchr-91139-013.pdf#page=1","https://catalog.archives.gov/medialz/presidential-libraries/bush/gb-gbs/4545957/41-bpr-scow-la-econchr-91139-013.pdf#page=24","Policy follow-up","Propose the identified paragraphs as an extract on collective lending pressure and donor coordination. Retain enough context to explain the policy rule.","Find the original decision, U.S. board instructions, and subsequent disposition of World Bank and IDB lending.","https://history.state.gov/historicaldocuments/frus1977-80v03/d262"
"ifi-1991-06-20-philippines-appeal","Invoking the Appeals Process for a World Bank Loan to the Philippines","Memorandum From Timothy E. Deal to Wilma G. Hall and Dona F. Proctor (for delivery to Scowcroft)","Washington, June 20, 1991","day","Date printed on the selected memorandum.","1991-06-20","Timothy E. Deal","Wilma G. Hall and Dona F. Proctor (for delivery to Scowcroft)","Companion paper","ifi-expansion","World Bank; Development-bank voting","Electronic memorandum","","Document","High","Shows the 1989 consultation reform being invoked in practice when State and Treasury could not agree on a World Bank environmental loan. Explains why Scowcroft was asked to arbitrate and records the parties’ agreement to that procedure.","Source: George H.W. Bush Library, Bush Presidential Records, National Security Council, Timothy E. Deal Files, Chronological Files, OA/ID CF00958–006, Chron File: June 1991 [1]. Unclassified.","Unclassified","","Released","20","20","1 released memorandum page; PDF page 20; attachments described separately","One-page electronic memorandum dated June 20, 1991, at 16:18 EDT, addressed to Hall and Proctor with an explicit instruction to pass the background to the General. It describes the proposed loan as $220 million; the later Scowcroft paper gives $224 million.","Preserve the actual electronic recipients rather than label this a directly addressed Scowcroft memorandum. Compare the later papers before reconciling the different loan amounts.","ifi-1989-07-25-mdb-votes; ifi-1991-undated-philippines-loan","452050478","CF00958-006","https://catalog.archives.gov/id/452050478","https://catalog.archives.gov/medialz/presidential-libraries/bush/gb-nsc/deal/chron_2554807/41-bpr-nsc-deal-chron-cf00958-006.pdf#page=1","https://catalog.archives.gov/medialz/presidential-libraries/bush/gb-nsc/deal/chron_2554807/41-bpr-nsc-deal-chron-cf00958-006.pdf#page=20","Procedural follow-up","Use to connect the 1989 process with a concrete appeal. It can annotate the substantive presidential papers if its procedural significance is preserved.","Verify how the dispute reached Scowcroft and compare the recommendation, opposing case, and eventual voting instruction.","https://history.state.gov/historicaldocuments/frus1977-80v03/d273"
"ifi-1991-06-24-baker-philippines","Baker’s Case for a Yes Vote on the Philippine World Bank Loan","Memorandum From James A. Baker III to President Bush","Washington, June 24, 1991","day","Date printed on the selected memorandum.","1991-06-24","James A. Baker III","President Bush","Companion paper","ifi-expansion","World Bank; Asian Development Bank; Development-bank voting","Memorandum","","Document","High","Provides the opposing principal-level recommendation on the same environmental loan. Baker defends its conditions, cites comparable Asian Development Bank and AID operations, and argues that abstention would incur diplomatic costs without stopping the loan.","Source: George H.W. Bush Library, Bush Presidential Records, National Security Council, Timothy E. Deal Files, Chronological Files, OA/ID CF00958–006, Chron File: June 1991 [1]. No classification marking.","No classification marking","","Released","37","38","2 released memorandum pages; PDF pages 37–38; attachments described separately","Two-page memorandum dated June 24, signed by Baker. The second page concludes by asking the President to direct a yes vote. No classification marking appears on the selected pages.","Present alongside Scowcroft’s abstention recommendation so the disagreement remains visible. The recommendation does not establish the eventual U.S. vote or the Board’s action.","ifi-1991-undated-philippines-loan","452050478","CF00958-006","https://catalog.archives.gov/id/452050478","https://catalog.archives.gov/medialz/presidential-libraries/bush/gb-nsc/deal/chron_2554807/41-bpr-nsc-deal-chron-cf00958-006.pdf#page=1","https://catalog.archives.gov/medialz/presidential-libraries/bush/gb-nsc/deal/chron_2554807/41-bpr-nsc-deal-chron-cf00958-006.pdf#page=37","Competing recommendation","Retain the principal-level alternative so the reader can assess the choice placed before the President, including the comparisons with other lenders.","Pair with Scowcroft’s recommendation and locate the presidential response and board outcome.","https://history.state.gov/historicaldocuments/frus1977-80v03/d262; https://history.state.gov/historicaldocuments/frus1977-80v03/d304"
"ifi-1991-undated-philippines-loan","Scowcroft’s Recommendation on the Philippine Environmental Loan","Memorandum From Brent Scowcroft to President Bush","Washington, undated","undated","No date printed on the memorandum. June 24 cover and reported meeting establish the context; June 24 is a sorting key only. A marginal note is dated 6-25.","1991-06-24","Brent Scowcroft","President Bush","From Scowcroft","ifi-expansion","World Bank; Asian Development Bank; Development-bank voting","Memorandum","Undated (June 1991 packet)","Document","High","Weighs political costs against Treasury’s objections to weak conditions, rapid disbursement, and the precedent for World Bank environmental lending. Records Scowcroft’s recommendation to abstain after mediating between Eagleburger and Robson.","Source: George H.W. Bush Library, Bush Presidential Records, National Security Council, Timothy E. Deal Files, Chronological Files, OA/ID CF00958–006, Chron File: June 1991 [1]. Confidential.","Confidential","","Released","36","36","1 released memorandum page; PDF page 36; attachments described separately","Undated one-page memorandum attached to Deal’s dated June 24 action memorandum on PDF page 35. The text reports the June 24 meeting; a handwritten marginal note bears “6-25.” The marginal note’s author is not assigned here.","Keep the document undated, using the June 24 cover only for sorting. Compare the handwritten note and the President’s decision record before attributing final approval. Pair with Baker’s signed memorandum arguing for a yes vote.","ifi-1991-06-20-philippines-appeal; ifi-1991-06-24-baker-philippines","452050478","CF00958-006","https://catalog.archives.gov/id/452050478","https://catalog.archives.gov/medialz/presidential-libraries/bush/gb-nsc/deal/chron_2554807/41-bpr-nsc-deal-chron-cf00958-006.pdf#page=1","https://catalog.archives.gov/medialz/presidential-libraries/bush/gb-nsc/deal/chron_2554807/41-bpr-nsc-deal-chron-cf00958-006.pdf#page=36","Presidential recommendation","A strong candidate when paired with Baker’s opposing recommendation: the institutional issue is environmental lending standards and their diplomatic cost.","Seek a clearly attributable presidential disposition and the resulting U.S. vote; retain the undated dateline and unresolved handwriting.","https://history.state.gov/historicaldocuments/frus1977-80v03/d262; https://history.state.gov/historicaldocuments/frus1977-80v03/d304"
"ifi-1992-03-14-imf-quotas","IMF Quotas: U.S. Share and Congressional Approval","Memorandum From Timothy E. Deal to Jonathan T. Howe","Washington, March 14, 1992","day","Date printed on the selected memorandum.","1992-03-14","Timothy E. Deal","Jonathan T. Howe","Companion paper","ifi-expansion","IMF","Memorandum","","Document","High","Explains the agreed quota increase, the U.S. share, and why authorization and appropriation were required even though the quota transaction was not treated as a budget outlay. Connects the administration’s position to the congressional difficulties of the previous increase.","Source: George H.W. Bush Library, Bush Presidential Records, National Security Council, Timothy E. Deal Files, Chronological Files, OA/ID CF00959–010, Chron File: March 1992 [1]. No classification marking.","No classification marking","","Released","46","46","1 released memorandum page; PDF page 46; attachments described separately","One-page information memorandum addressed to Howe, dated March 14, 1992. The copy carries handwritten explanatory notes below the text; their author is not identified. No classification marking appears on the page.","Attribute the numerical and budget-accounting explanation to Deal. Preserve the manuscript comments for editorial comparison, and check implementing legislation before describing the increase as effective.","ifi-1989-12-28-imf-quotas; ifi-1992-03-17-mif-funding","452050502","CF00959-010","https://catalog.archives.gov/id/452050502","https://catalog.archives.gov/medialz/presidential-libraries/bush/gb-nsc/deal/chron_2554807/41-bpr-nsc-deal-chron-cf00959-010.pdf#page=1","https://catalog.archives.gov/medialz/presidential-libraries/bush/gb-nsc/deal/chron_2554807/41-bpr-nsc-deal-chron-cf00959-010.pdf#page=46","Funding and authority","Select if the distinction among quota commitments, authorization, appropriation, and budget outlays explains the administration’s legislative choices.","Find Treasury’s legislative strategy, the President’s decisions, and the authorization and appropriation outcome.","https://history.state.gov/historicaldocuments/frus1977-80v03/d233; https://history.state.gov/historicaldocuments/frus1977-80v03/d258"
"ifi-1992-03-17-mif-funding","Brady to Scowcroft: Funding International Priorities and the EAI","Memorandum From Nicholas F. Brady to Brent Scowcroft","Washington, March 17, 1992","day","Date printed on the selected memorandum.","1992-03-17","Nicholas F. Brady","Brent Scowcroft","To Scowcroft","ifi-expansion","Multilateral Investment Fund; IMF; Development-finance coordination","Memorandum","","Document","High","Shows how domestic appropriations constrained multilateral commitments. Brady warns that failure to fund the U.S. share of the EAI Multilateral Investment Fund could prevent other countries’ pledged contributions, and asks Scowcroft to review international-affairs priorities.","Source: George H.W. Bush Library, Bush Presidential Records, National Security Council, Timothy E. Deal Files, Chronological Files, OA/ID CF00959–010, Chron File: March 1992 [1]. No classification marking.","No classification marking","","Released","17","17","1 released memorandum page; PDF page 17; attachments described separately","One-page memorandum dated March 17, initialed by Brady. It refers to a prior presidential meeting on EAI and IMF priorities and to the March 31 expiration of the continuing resolution. No classification marking appears on the page.","Use for the relationship between U.S. budget choices and donor commitments. The memorandum reports pledges and funding risks, not completed contributions.","ifi-1992-03-14-imf-quotas; ifi-1991-02-08-brazil-lending","452050502","CF00959-010","https://catalog.archives.gov/id/452050502","https://catalog.archives.gov/medialz/presidential-libraries/bush/gb-nsc/deal/chron_2554807/41-bpr-nsc-deal-chron-cf00959-010.pdf#page=1","https://catalog.archives.gov/medialz/presidential-libraries/bush/gb-nsc/deal/chron_2554807/41-bpr-nsc-deal-chron-cf00959-010.pdf#page=17","Funding and authority","A strong Treasury intervention linking the U.S. appropriation to other donors’ commitments and competing international priorities.","Find Scowcroft’s response, the budget decision, and the conditions under which donor pledges became effective.","https://history.state.gov/historicaldocuments/frus1977-80v03/d258; https://history.state.gov/historicaldocuments/frus1977-80v03/d304"
