"id","date","title","heading","dateline","type","chapter","selection","releaseStatus","pageCount","extentLabel","classification","naid","localId","sourceNoteStatus","archivalLocator","notes","catalogUrl","pdfUrl"
"lead-470761486","1991-10-11","DC Meeting 10/11/91 3:00 Room 208 Pan Am 103","National Security Council Deputies Committee Follow-Up File: DC Meeting 10/11/91 3:00 Room 208 Pan Am 103","October 11, 1991","NSC/Deputies Committee follow-up file","Strategic Trade, Technology, and Investment Controls","Boundary","Online file unit; item audit pending","11","11 PDF pages; withdrawal sheet identifies 4 pages of sanctions papers","Mixed; document-level audit required","470761486","90043–022","locator","George H.W. Bush Library, Bush Presidential Records, National Security Council, H-Files, NSC/DC Meetings Follow-up Files, OA/ID 90043–022, DC Meeting 10/11/91 3:00 Room 208 Pan Am 103.","Boundary review. The opening withdrawal sheet identifies separate papers on current sanctions and possible measures or sanctions. Route principal records against the terrorism and regional volumes. Promote individual documents only after the heading, dateline, terminal marking, and release or withdrawal status are checked in the source images.","https://catalog.archives.gov/id/470761486","https://catalog.archives.gov/medialz/presidential-libraries/bush/gb-nsc/H-Files/NSC-DC_Mtgs_Foll-up_312294094/41-bpr-nsc-hfiles-dc_mtgs_foll_up-90043-022.pdf"
"lead-470761497","1992-03-11","DC Meeting-Iraq 3/11/92 4:30—5:30 Situation Room","National Security Council Deputies Committee Follow-Up File: DC Meeting-Iraq 3/11/92 4:30—5:30 Situation Room","March 11, 1992","NSC/Deputies Committee follow-up file","Monetary Policy, Debt, and International Institutions","Boundary","Online file unit; item audit pending","14","14 PDF pages; document-level release and withdrawal audit pending","Mixed; document-level audit required","470761497","90043–033","locator","George H.W. Bush Library, Bush Presidential Records, National Security Council, H-Files, NSC/DC Meetings Follow-up Files, OA/ID 90043–033, DC Meeting-Iraq 3/11/92 4:30—5:30 Situation Room.","Boundary review. This is the follow-up folder for the March 11 Iraq meeting. Review it with main meeting file NAID 470761362, which contains the frozen-assets, oil-proceeds, and UN-financing record, and retain only distinct items. Promote individual documents only after the heading, dateline, terminal marking, and release or withdrawal status are checked in the source images.","https://catalog.archives.gov/id/470761497","https://catalog.archives.gov/medialz/presidential-libraries/bush/gb-nsc/H-Files/NSC-DC_Mtgs_Foll-up_312294094/41-bpr-nsc-hfiles-dc_mtgs_foll_up-90043-033.pdf"
"lead-470761498","1992-03-17","DC Meeting-CIS Export of Technology/Proliferation","National Security Council Deputies Committee Follow-Up File: DC Meeting-CIS Export of Technology/Proliferation","March 17, 1992","NSC/Deputies Committee follow-up file","Strategic Trade, Technology, and Investment Controls","Core","Online file unit; item audit pending","14","14 PDF pages; document-level release and withdrawal audit pending","Mixed; document-level audit required","470761498","90043–034","locator","George H.W. Bush Library, Bush Presidential Records, National Security Council, H-Files, NSC/DC Meetings Follow-up Files, OA/ID 90043–034, DC Meeting-CIS Export of Technology/Proliferation.","Direct Volume XXX review. The participant and appointment record establishes the otherwise undated March 17 meeting. Review it with main meeting file NAID 470761363 and avoid duplicating the substantive record. Promote individual documents only after the heading, dateline, terminal marking, and release or withdrawal status are checked in the source images.","https://catalog.archives.gov/id/470761498","https://catalog.archives.gov/medialz/presidential-libraries/bush/gb-nsc/H-Files/NSC-DC_Mtgs_Foll-up_312294094/41-bpr-nsc-hfiles-dc_mtgs_foll_up-90043-034.pdf"
"lead-470761502","1992-03-26","DC Meeting-Machine Tools 3/26/92 11:00 a.m. Situation Room","National Security Council Deputies Committee Follow-Up File: DC Meeting-Machine Tools 3/26/92 11:00 a.m. Situation Room","March 26, 1992","NSC/Deputies Committee follow-up file","Trade Policy and Market Access","Core","Online file unit; item audit pending","22","22 PDF pages; withdrawal sheet identifies a 1-page Confidential Melby memorandum","Mixed; document-level audit required","470761502","90043–038","locator","George H.W. Bush Library, Bush Presidential Records, National Security Council, H-Files, NSC/DC Meetings Follow-up Files, OA/ID 90043–038, DC Meeting-Machine Tools 3/26/92 11:00 a.m. Situation Room.","Direct Volume XXX review. The withdrawal sheet identifies Eric Melby's memorandum on the machine-tool VRA. Review it with main meeting file NAID 470761367. Promote individual documents only after the heading, dateline, terminal marking, and release or withdrawal status are checked in the source images.","https://catalog.archives.gov/id/470761502","https://catalog.archives.gov/medialz/presidential-libraries/bush/gb-nsc/H-Files/NSC-DC_Mtgs_Foll-up_312294094/41-bpr-nsc-hfiles-dc_mtgs_foll_up-90043-038.pdf"
"lead-470761503","1992-04-01","DC Meeting-Iraq and the Turkish Kurds 4/1/92 4:00-5:00 Situation Room","National Security Council Deputies Committee Follow-Up File: DC Meeting-Iraq and the Turkish Kurds 4/1/92 4:00-5:00 Situation Room","April 1, 1992","NSC/Deputies Committee follow-up file","Monetary Policy, Debt, and International Institutions","Boundary","Online file unit; item audit pending","15","15 PDF pages; withdrawal sheet identifies a 3-page Secret Riedel memorandum","Mixed; document-level audit required","470761503","90043–039","locator","George H.W. Bush Library, Bush Presidential Records, National Security Council, H-Files, NSC/DC Meetings Follow-up Files, OA/ID 90043–039, DC Meeting-Iraq and the Turkish Kurds 4/1/92 4:00-5:00 Situation Room.","Boundary review. The released routing text discusses Iraqi oil exports under UN Security Council Resolutions 706 and 712 to finance food and medicine; the withdrawal sheet also identifies a Riedel memorandum. Review it with main meeting file NAID 470761368. Promote individual documents only after the heading, dateline, terminal marking, and release or withdrawal status are checked in the source images.","https://catalog.archives.gov/id/470761503","https://catalog.archives.gov/medialz/presidential-libraries/bush/gb-nsc/H-Files/NSC-DC_Mtgs_Foll-up_312294094/41-bpr-nsc-hfiles-dc_mtgs_foll_up-90043-039.pdf"
"lead-470761505","1992-04-09","DC Meeting-Export Controls 4/9/92 11:00-12:00 Situation Room","National Security Council Deputies Committee Follow-Up File: DC Meeting-Export Controls 4/9/92 11:00-12:00 Situation Room","April 9, 1992","NSC/Deputies Committee follow-up file","Strategic Trade, Technology, and Investment Controls","Core","Online file unit; item audit pending","26","26 PDF pages; withdrawal sheet identifies 11-page Secret minutes","Mixed; document-level audit required","470761505","90043–041","locator","George H.W. Bush Library, Bush Presidential Records, National Security Council, H-Files, NSC/DC Meetings Follow-up Files, OA/ID 90043–041, DC Meeting-Export Controls 4/9/92 11:00-12:00 Situation Room.","Direct Volume XXX review. The withdrawal sheet identifies Secret Deputies Committee minutes, issues for decision, and multiple export-control regulatory-reform reports. Review it with main meeting file NAID 470761369. Promote individual documents only after the heading, dateline, terminal marking, and release or withdrawal status are checked in the source images.","https://catalog.archives.gov/id/470761505","https://catalog.archives.gov/medialz/presidential-libraries/bush/gb-nsc/H-Files/NSC-DC_Mtgs_Foll-up_312294094/41-bpr-nsc-hfiles-dc_mtgs_foll_up-90043-041.pdf"
"lead-470761506","1992-04-15","Restricted DC Meeting-Drugs/International Drug Strategy 11:00-12:00","National Security Council Deputies Committee Follow-Up File: Restricted DC Meeting-Drugs/International Drug Strategy 11:00-12:00","April 15, 1992","NSC/Deputies Committee follow-up file","Monetary Policy, Debt, and International Institutions","Boundary","Online file unit; item audit pending","26","26 PDF pages; withdrawal sheet identifies 15-page Secret minutes and 17 pages of graphs","Mixed; document-level audit required","470761506","90043–042","locator","George H.W. Bush Library, Bush Presidential Records, National Security Council, H-Files, NSC/DC Meetings Follow-up Files, OA/ID 90043–042, Restricted DC Meeting-Drugs/International Drug Strategy 11:00-12:00.","Boundary review. The opening sheets establish the April 15 meeting and identify a discussion paper, fully withheld Deputies Committee minutes, and related graphs. Route the principal record against the counternarcotics and regional volumes. Promote individual documents only after the heading, dateline, terminal marking, and release or withdrawal status are checked in the source images.","https://catalog.archives.gov/id/470761506","https://catalog.archives.gov/medialz/presidential-libraries/bush/gb-nsc/H-Files/NSC-DC_Mtgs_Foll-up_312294094/41-bpr-nsc-hfiles-dc_mtgs_foll_up-90043-042.pdf"
"lead-470761507","1992-04-22","DC Meeting-Follow-om Export Controls 4/22/92 3:00-4:00 Situation Room","National Security Council Deputies Committee Follow-Up File: DC Meeting-Follow-om Export Controls 4/22/92 3:00-4:00 Situation Room","April 22, 1992","NSC/Deputies Committee follow-up file","Strategic Trade, Technology, and Investment Controls","Core","Online file unit; item audit pending","57","57 PDF pages; document-level release and withdrawal audit pending","Mixed; document-level audit required","470761507","90043–043","locator","George H.W. Bush Library, Bush Presidential Records, National Security Council, H-Files, NSC/DC Meetings Follow-up Files, OA/ID 90043–043, DC Meeting-Follow-om Export Controls 4/22/92 3:00-4:00 Situation Room.","Direct Volume XXX review. This is the implementation-rich follow-up folder for the April 22 export-control decisions, including agency responsibilities, reports, and an issues paper. Review it with main meeting files NAIDs 470761371 and 470761372 and deduplicate repeated papers. Promote individual documents only after the heading, dateline, terminal marking, and release or withdrawal status are checked in the source images.","https://catalog.archives.gov/id/470761507","https://catalog.archives.gov/medialz/presidential-libraries/bush/gb-nsc/H-Files/NSC-DC_Mtgs_Foll-up_312294094/41-bpr-nsc-hfiles-dc_mtgs_foll_up-90043-043.pdf"
"lead-470761510","1992-05-04","DC Meeting-Counternarcotics May 4, 1992 11:00-12:00 Situation Room","National Security Council Deputies Committee Follow-Up File: DC Meeting-Counternarcotics May 4, 1992 11:00-12:00 Situation Room","May 4, 1992","NSC/Deputies Committee follow-up file","Monetary Policy, Debt, and International Institutions","Boundary","Online file unit; item audit pending","38","38 PDF pages; withdrawal sheet identifies a 3-page Secret summary and a 1-page funding plan","Mixed; document-level audit required","470761510","90043–046","locator","George H.W. Bush Library, Bush Presidential Records, National Security Council, H-Files, NSC/DC Meetings Follow-up Files, OA/ID 90043–046, DC Meeting-Counternarcotics May 4, 1992 11:00-12:00 Situation Room.","Boundary review. The withdrawal sheets identify the summary of conclusions, a seven-page discussion paper, and an illustrative funding plan. Route principal records against the counternarcotics and regional volumes. Promote individual documents only after the heading, dateline, terminal marking, and release or withdrawal status are checked in the source images.","https://catalog.archives.gov/id/470761510","https://catalog.archives.gov/medialz/presidential-libraries/bush/gb-nsc/H-Files/NSC-DC_Mtgs_Foll-up_312294094/41-bpr-nsc-hfiles-dc_mtgs_foll_up-90043-046.pdf"
"lead-470761512","1992-05-13","DC Meeting-Nuclear Reactor Saftey in Former Soviet Union May 13, 1992 4:00 Situation Room","National Security Council Deputies Committee Follow-Up File: DC Meeting-Nuclear Reactor Saftey in Former Soviet Union May 13, 1992 4:00 Situation Room","May 13, 1992","NSC/Deputies Committee follow-up file","Transition Economies and International Economic Strategy","Core","Online file unit; item audit pending","37","37 PDF pages; withdrawal sheet identifies a 14-page working paper and 7-page U.S. action paper","Mixed; document-level audit required","470761512","90043–048","locator","George H.W. Bush Library, Bush Presidential Records, National Security Council, H-Files, NSC/DC Meetings Follow-up Files, OA/ID 90043–048, DC Meeting-Nuclear Reactor Saftey in Former Soviet Union May 13, 1992 4:00 Situation Room.","Direct Volume XXX review. The withdrawal sheets identify the Poneman-Melby memorandum, a working paper on reactor safety in the NIS, and recommended U.S. actions. Review it with main meeting file NAID 470761377. Promote individual documents only after the heading, dateline, terminal marking, and release or withdrawal status are checked in the source images.","https://catalog.archives.gov/id/470761512","https://catalog.archives.gov/medialz/presidential-libraries/bush/gb-nsc/H-Files/NSC-DC_Mtgs_Foll-up_312294094/41-bpr-nsc-hfiles-dc_mtgs_foll_up-90043-048.pdf"
"lead-470761520","1992-05-27","DC Meeting—Yugoslavia May 27, 1992 17:00—18:00 Situation Room","National Security Council Deputies Committee Follow-Up File: DC Meeting—Yugoslavia May 27, 1992 17:00—18:00 Situation Room","May 27, 1992","NSC/Deputies Committee follow-up file","Strategic Trade, Technology, and Investment Controls","Boundary","Online file unit; item audit pending","15","15 PDF pages; withdrawal sheet identifies a 3-page Confidential sanctions cable","Mixed; document-level audit required","470761520","90044–008","locator","George H.W. Bush Library, Bush Presidential Records, National Security Council, H-Files, NSC/DC Meetings Follow-up Files, OA/ID 90044–008, DC Meeting—Yugoslavia May 27, 1992 17:00—18:00 Situation Room.","Boundary review. The withdrawal sheet identifies a cable on sanctions against Serbian aggression in Bosnia. Review it with main meeting file NAID 470761381 and route the principal record against the Western Europe volume. Promote individual documents only after the heading, dateline, terminal marking, and release or withdrawal status are checked in the source images.","https://catalog.archives.gov/id/470761520","https://catalog.archives.gov/medialz/presidential-libraries/bush/gb-nsc/H-Files/NSC-DC_Mtgs_Foll-up_312294094/41-bpr-nsc-hfiles-dc_mtgs_foll_up-90044-008.pdf"
"lead-470761522","1992-06-03","DC—INMARSAT June 3, 1992 11:00—12:00 Room 208","National Security Council Deputies Committee Follow-Up File: DC—INMARSAT June 3, 1992 11:00—12:00 Room 208","June 3, 1992","NSC/Deputies Committee follow-up file","Strategic Trade, Technology, and Investment Controls","Core","Online file unit; item audit pending","27","27 PDF pages; withdrawal sheet identifies a 3-page Confidential Tobey memorandum","Mixed; document-level audit required","470761522","90044–010","locator","George H.W. Bush Library, Bush Presidential Records, National Security Council, H-Files, NSC/DC Meetings Follow-up Files, OA/ID 90044–010, DC—INMARSAT June 3, 1992 11:00—12:00 Room 208.","Direct Volume XXX review. The withdrawal sheet identifies the Tobey memorandum, INMARSAT issue papers, launch conditions, and a draft Russian assurance. Review it with main meeting file NAID 470761383. Promote individual documents only after the heading, dateline, terminal marking, and release or withdrawal status are checked in the source images.","https://catalog.archives.gov/id/470761522","https://catalog.archives.gov/medialz/presidential-libraries/bush/gb-nsc/H-Files/NSC-DC_Mtgs_Foll-up_312294094/41-bpr-nsc-hfiles-dc_mtgs_foll_up-90044-010.pdf"
"lead-470761523","1992-06-04","DC Meeting—Yugoslavia June 4, 1992 11:00—12:00 Situation Room","National Security Council Deputies Committee Follow-Up File: DC Meeting—Yugoslavia June 4, 1992 11:00—12:00 Situation Room","June 4, 1992","NSC/Deputies Committee follow-up file","Monetary Policy, Debt, and International Institutions","Boundary","Online file unit; item audit pending","16","16 PDF pages; withdrawal sheet identifies a 4-page Confidential aid paper","Mixed; document-level audit required","470761523","90044–011","locator","George H.W. Bush Library, Bush Presidential Records, National Security Council, H-Files, NSC/DC Meetings Follow-up Files, OA/ID 90044–011, DC Meeting—Yugoslavia June 4, 1992 11:00—12:00 Situation Room.","Boundary review. The withdrawal sheet identifies a four-page paper on humanitarian aid to Bosnia-Hercegovina. Route the principal record against the Western Europe volume. Promote individual documents only after the heading, dateline, terminal marking, and release or withdrawal status are checked in the source images.","https://catalog.archives.gov/id/470761523","https://catalog.archives.gov/medialz/presidential-libraries/bush/gb-nsc/H-Files/NSC-DC_Mtgs_Foll-up_312294094/41-bpr-nsc-hfiles-dc_mtgs_foll_up-90044-011.pdf"
"lead-470761526","1992-06-17","DC Meeting—Yugoslavia June 16, 1992 16:00—17:00 Situation Room","National Security Council Deputies Committee Follow-Up File: DC Meeting—Yugoslavia June 16, 1992 16:00—17:00 Situation Room","June 17, 1992","NSC/Deputies Committee follow-up file","Monetary Policy, Debt, and International Institutions","Boundary","Online file unit; item audit pending","15","15 PDF pages; withdrawal sheet identifies a 2-page Secret meeting memorandum","Mixed; document-level audit required","470761526","90044–014","locator","George H.W. Bush Library, Bush Presidential Records, National Security Council, H-Files, NSC/DC Meetings Follow-up Files, OA/ID 90044–014, DC Meeting—Yugoslavia June 16, 1992 16:00—17:00 Situation Room.","Boundary review. The opening sheet identifies a memorandum on humanitarian aid to Bosnia and establishes June 17 as the meeting date, correcting the June 16 folder title. Route the principal record against the Western Europe volume. Promote individual documents only after the heading, dateline, terminal marking, and release or withdrawal status are checked in the source images.","https://catalog.archives.gov/id/470761526","https://catalog.archives.gov/medialz/presidential-libraries/bush/gb-nsc/H-Files/NSC-DC_Mtgs_Foll-up_312294094/41-bpr-nsc-hfiles-dc_mtgs_foll_up-90044-014.pdf"
"lead-470761527","1992-06-24","DC Meeting—Yugoslavia June 24, 1992 15:00—16:00 Situation Room","National Security Council Deputies Committee Follow-Up File: DC Meeting—Yugoslavia June 24, 1992 15:00—16:00 Situation Room","June 24, 1992","NSC/Deputies Committee follow-up file","Monetary Policy, Debt, and International Institutions","Boundary","Online file unit; item audit pending","15","15 PDF pages; withdrawal sheet identifies 4 pages of Secret meeting preparation","Mixed; document-level audit required","470761527","90044–015","locator","George H.W. Bush Library, Bush Presidential Records, National Security Council, H-Files, NSC/DC Meetings Follow-up Files, OA/ID 90044–015, DC Meeting—Yugoslavia June 24, 1992 15:00—16:00 Situation Room.","Boundary review. The withdrawal sheet identifies Holl's memorandum, an interagency meeting memorandum, and the agenda for humanitarian assistance to Bosnia. Route the principal record against the Western Europe volume. Promote individual documents only after the heading, dateline, terminal marking, and release or withdrawal status are checked in the source images.","https://catalog.archives.gov/id/470761527","https://catalog.archives.gov/medialz/presidential-libraries/bush/gb-nsc/H-Files/NSC-DC_Mtgs_Foll-up_312294094/41-bpr-nsc-hfiles-dc_mtgs_foll_up-90044-015.pdf"
"lead-470761529","1992-07-01","DC—Iraq July 1, 1992 15:00—16:00 Situation Room","National Security Council Deputies Committee Follow-Up File: DC—Iraq July 1, 1992 15:00—16:00 Situation Room","July 1, 1992","NSC/Deputies Committee follow-up file","Strategic Trade, Technology, and Investment Controls","Boundary","Online file unit; item audit pending","9","9 PDF pages; withdrawal sheet identifies a 2-page Secret sanctions memorandum","Mixed; document-level audit required","470761529","90044–017","locator","George H.W. Bush Library, Bush Presidential Records, National Security Council, H-Files, NSC/DC Meetings Follow-up Files, OA/ID 90044–017, DC—Iraq July 1, 1992 15:00—16:00 Situation Room.","Boundary review. The withdrawal sheet identifies Riedel's memorandum on sanctions enforcement. Route the principal record against the Gulf volume. Promote individual documents only after the heading, dateline, terminal marking, and release or withdrawal status are checked in the source images.","https://catalog.archives.gov/id/470761529","https://catalog.archives.gov/medialz/presidential-libraries/bush/gb-nsc/H-Files/NSC-DC_Mtgs_Foll-up_312294094/41-bpr-nsc-hfiles-dc_mtgs_foll_up-90044-017.pdf"
"lead-470761532","1992-07-16","DC—Counternarcotics -- Colombia July 16, 1992 11:00—12:00 Situation Room","National Security Council Deputies Committee Follow-Up File: DC—Counternarcotics -- Colombia July 16, 1992 11:00—12:00 Situation Room","July 16, 1992","NSC/Deputies Committee follow-up file","Monetary Policy, Debt, and International Institutions","Boundary","Online file unit; item audit pending","31","31 PDF pages; withdrawal sheet identifies a 16-page initiatives report and funding papers","Mixed; document-level audit required","470761532","90044–020","locator","George H.W. Bush Library, Bush Presidential Records, National Security Council, H-Files, NSC/DC Meetings Follow-up Files, OA/ID 90044–020, DC—Counternarcotics -- Colombia July 16, 1992 11:00—12:00 Situation Room.","Boundary review. The withdrawal sheet identifies a 16-page Colombia initiatives report plus papers on funding requirements and potential funding sources. Route principal records against the Latin America and counternarcotics volumes. Promote individual documents only after the heading, dateline, terminal marking, and release or withdrawal status are checked in the source images.","https://catalog.archives.gov/id/470761532","https://catalog.archives.gov/medialz/presidential-libraries/bush/gb-nsc/H-Files/NSC-DC_Mtgs_Foll-up_312294094/41-bpr-nsc-hfiles-dc_mtgs_foll_up-90044-020.pdf"
"lead-470761533","1992-07-16","DC Meeting—Yugoslavia July 17, 1992 3:00—4:00 Situation Room","National Security Council Deputies Committee Follow-Up File: DC Meeting—Yugoslavia July 17, 1992 3:00—4:00 Situation Room","July 16, 1992","NSC/Deputies Committee follow-up file","Monetary Policy, Debt, and International Institutions","Boundary","Online file unit; item audit pending","16","16 PDF pages; withdrawal sheet identifies a 2-page Secret Bosnia paper","Mixed; document-level audit required","470761533","90044–021","locator","George H.W. Bush Library, Bush Presidential Records, National Security Council, H-Files, NSC/DC Meetings Follow-up Files, OA/ID 90044–021, DC Meeting—Yugoslavia July 17, 1992 3:00—4:00 Situation Room.","Boundary review. The opening sheet establishes July 16 as the meeting date, correcting the July 17 folder title, and identifies a paper on the U.S. response to the crisis in Bosnia. Route the principal record against the Western Europe volume. Promote individual documents only after the heading, dateline, terminal marking, and release or withdrawal status are checked in the source images.","https://catalog.archives.gov/id/470761533","https://catalog.archives.gov/medialz/presidential-libraries/bush/gb-nsc/H-Files/NSC-DC_Mtgs_Foll-up_312294094/41-bpr-nsc-hfiles-dc_mtgs_foll_up-90044-021.pdf"
"lead-470761538","1992-09-04","DC Meeting—Somalia September 4, 1992 16:00—17:00 Situation Room","National Security Council Deputies Committee Follow-Up File: DC Meeting—Somalia September 4, 1992 16:00—17:00 Situation Room","September 4, 1992","NSC/Deputies Committee follow-up file","Monetary Policy, Debt, and International Institutions","Boundary","Online file unit; item audit pending","23","23 PDF pages; withdrawal sheet identifies a 9-page relief-program review","Mixed; document-level audit required","470761538","90044–026","locator","George H.W. Bush Library, Bush Presidential Records, National Security Council, H-Files, NSC/DC Meetings Follow-up Files, OA/ID 90044–026, DC Meeting—Somalia September 4, 1992 16:00—17:00 Situation Room.","Boundary review. The withdrawal sheet identifies a Pearson memorandum to Scowcroft, a humanitarian-relief paper, and a nine-page review of relief programs. Route the principal record against the Africa volume. Promote individual documents only after the heading, dateline, terminal marking, and release or withdrawal status are checked in the source images.","https://catalog.archives.gov/id/470761538","https://catalog.archives.gov/medialz/presidential-libraries/bush/gb-nsc/H-Files/NSC-DC_Mtgs_Foll-up_312294094/41-bpr-nsc-hfiles-dc_mtgs_foll_up-90044-026.pdf"
"lead-470761540","1992-09-11","DC Meeting—Yugoslavia September 11, 1992 16:00—17:00 Situation Room","National Security Council Deputies Committee Follow-Up File: DC Meeting—Yugoslavia September 11, 1992 16:00—17:00 Situation Room","September 11, 1992","NSC/Deputies Committee follow-up file","Strategic Trade, Technology, and Investment Controls","Boundary","Online file unit; item audit pending","27","27 PDF pages; document-level release and withdrawal audit pending","Mixed; document-level audit required","470761540","90044–028","locator","George H.W. Bush Library, Bush Presidential Records, National Security Council, H-Files, NSC/DC Meetings Follow-up Files, OA/ID 90044–028, DC Meeting—Yugoslavia September 11, 1992 16:00—17:00 Situation Room.","Boundary review. This is the follow-up folder for the September 11 Yugoslavia meeting. Review it with main meeting file NAID 470761411, where the economic evidence includes sanctions enforcement and oil and gas controls, and retain only distinct items. Promote individual documents only after the heading, dateline, terminal marking, and release or withdrawal status are checked in the source images.","https://catalog.archives.gov/id/470761540","https://catalog.archives.gov/medialz/presidential-libraries/bush/gb-nsc/H-Files/NSC-DC_Mtgs_Foll-up_312294094/41-bpr-nsc-hfiles-dc_mtgs_foll_up-90044-028.pdf"
"lead-470761543","1992-09-28","DC Meeting—Somalia September 28, 1992 11:00—12:00 Situation Room","National Security Council Deputies Committee Follow-Up File: DC Meeting—Somalia September 28, 1992 11:00—12:00 Situation Room","September 28, 1992","NSC/Deputies Committee follow-up file","Monetary Policy, Debt, and International Institutions","Boundary","Online file unit; item audit pending","17","17 PDF pages; withdrawal sheet identifies a 5-page civilian-relief-delivery memorandum","Mixed; document-level audit required","470761543","90044–031","locator","George H.W. Bush Library, Bush Presidential Records, National Security Council, H-Files, NSC/DC Meetings Follow-up Files, OA/ID 90044–031, DC Meeting—Somalia September 28, 1992 11:00—12:00 Situation Room.","Boundary review. The withdrawal sheet identifies Ordway's memorandum, a PCC summary, and a paper on shifting relief delivery from U.S. military airlift to a civilian system. Route the principal record against the Africa volume. Promote individual documents only after the heading, dateline, terminal marking, and release or withdrawal status are checked in the source images.","https://catalog.archives.gov/id/470761543","https://catalog.archives.gov/medialz/presidential-libraries/bush/gb-nsc/H-Files/NSC-DC_Mtgs_Foll-up_312294094/41-bpr-nsc-hfiles-dc_mtgs_foll_up-90044-031.pdf"
"lead-470761544","1992-10-01","DC Meeting—Yugoslavia October 1, 1992 2:00—3:00 Situation Room","National Security Council Deputies Committee Follow-Up File: DC Meeting—Yugoslavia October 1, 1992 2:00—3:00 Situation Room","October 1, 1992","NSC/Deputies Committee follow-up file","Strategic Trade, Technology, and Investment Controls","Boundary","Online file unit; item audit pending","29","29 PDF pages; withdrawal sheet identifies 32 pages of sanctions and natural-gas papers","Mixed; document-level audit required","470761544","90044–032","locator","George H.W. Bush Library, Bush Presidential Records, National Security Council, H-Files, NSC/DC Meetings Follow-up Files, OA/ID 90044–032, DC Meeting—Yugoslavia October 1, 1992 2:00—3:00 Situation Room.","Boundary review. The withdrawal sheet identifies extensive papers on Serbia sanctions, enforcement, diversion of natural gas to Bosnia, and the effectiveness of UN sanctions. Review it with main meeting file NAID 470761415. Promote individual documents only after the heading, dateline, terminal marking, and release or withdrawal status are checked in the source images.","https://catalog.archives.gov/id/470761544","https://catalog.archives.gov/medialz/presidential-libraries/bush/gb-nsc/H-Files/NSC-DC_Mtgs_Foll-up_312294094/41-bpr-nsc-hfiles-dc_mtgs_foll_up-90044-032.pdf"
"lead-470761546","1992-10-07","DC Meeting—Yugoslavia October 7, 1992 16:30—17:30 Situation Room","National Security Council Deputies Committee Follow-Up File: DC Meeting—Yugoslavia October 7, 1992 16:30—17:30 Situation Room","October 7, 1992","NSC/Deputies Committee follow-up file","Monetary Policy, Debt, and International Institutions","Boundary","Online file unit; item audit pending","16","16 PDF pages; withdrawal sheet identifies a 2-page Secret relief paper","Mixed; document-level audit required","470761546","90044–034","locator","George H.W. Bush Library, Bush Presidential Records, National Security Council, H-Files, NSC/DC Meetings Follow-up Files, OA/ID 90044–034, DC Meeting—Yugoslavia October 7, 1992 16:30—17:30 Situation Room.","Boundary review. The withdrawal sheet identifies a two-page humanitarian-relief report. Route the principal record against the Western Europe volume. Promote individual documents only after the heading, dateline, terminal marking, and release or withdrawal status are checked in the source images.","https://catalog.archives.gov/id/470761546","https://catalog.archives.gov/medialz/presidential-libraries/bush/gb-nsc/H-Files/NSC-DC_Mtgs_Foll-up_312294094/41-bpr-nsc-hfiles-dc_mtgs_foll_up-90044-034.pdf"
"lead-470761549","1992-10-21","DC Meeting—Somalia October 21, 1992 14:00—15:00 Situation Room","National Security Council Deputies Committee Follow-Up File: DC Meeting—Somalia October 21, 1992 14:00—15:00 Situation Room","October 21, 1992","NSC/Deputies Committee follow-up file","Monetary Policy, Debt, and International Institutions","Boundary","Online file unit; item audit pending","25","25 PDF pages; withdrawal sheet identifies a 5-page paper on monetization of relief food","Mixed; document-level audit required","470761549","90044–037","locator","George H.W. Bush Library, Bush Presidential Records, National Security Council, H-Files, NSC/DC Meetings Follow-up Files, OA/ID 90044–037, DC Meeting—Somalia October 21, 1992 14:00—15:00 Situation Room.","Boundary review. The folder covers the military-to-civilian relief transition and includes a withdrawn paper on monetizing relief food. Review it with main meeting file NAID 470761420 and route the principal record against the Africa volume. Promote individual documents only after the heading, dateline, terminal marking, and release or withdrawal status are checked in the source images.","https://catalog.archives.gov/id/470761549","https://catalog.archives.gov/medialz/presidential-libraries/bush/gb-nsc/H-Files/NSC-DC_Mtgs_Foll-up_312294094/41-bpr-nsc-hfiles-dc_mtgs_foll_up-90044-037.pdf"
"lead-470761551","1992-11-05","DC—Iran Export Controls November 5, 1992 11:00—12:00 Situation Room","National Security Council Deputies Committee Follow-Up File: DC—Iran Export Controls November 5, 1992 11:00—12:00 Situation Room","November 5, 1992","NSC/Deputies Committee follow-up file","Strategic Trade, Technology, and Investment Controls","Core","Online file unit; item audit pending","23","23 PDF pages; document-level release and withdrawal audit pending","Mixed; document-level audit required","470761551","90044–039","locator","George H.W. Bush Library, Bush Presidential Records, National Security Council, H-Files, NSC/DC Meetings Follow-up Files, OA/ID 90044–039, DC—Iran Export Controls November 5, 1992 11:00—12:00 Situation Room.","Direct Volume XXX review. The withdrawal sheet identifies the follow-up memorandum, Bonn export-control telegram, defense rationale, and G-7 export-control initiative. Review it with main meeting files NAIDs 470761423 and 470761424. Promote individual documents only after the heading, dateline, terminal marking, and release or withdrawal status are checked in the source images.","https://catalog.archives.gov/id/470761551","https://catalog.archives.gov/medialz/presidential-libraries/bush/gb-nsc/H-Files/NSC-DC_Mtgs_Foll-up_312294094/41-bpr-nsc-hfiles-dc_mtgs_foll_up-90044-039.pdf"
"lead-470761552","1992-11-06","DC—Russia November 6, 1992 11:00—12:00 Situation Room","National Security Council Deputies Committee Follow-Up File: DC—Russia November 6, 1992 11:00—12:00 Situation Room","November 6, 1992","NSC/Deputies Committee follow-up file","Transition Economies and International Economic Strategy","Core","Online file unit; item audit pending","17","17 PDF pages; withdrawal sheet identifies a 7-page IMF paper and 9-page U.S. response paper","Mixed; document-level audit required","470761552","90044–040","locator","George H.W. Bush Library, Bush Presidential Records, National Security Council, H-Files, NSC/DC Meetings Follow-up Files, OA/ID 90044–040, DC—Russia November 6, 1992 11:00—12:00 Situation Room.","Direct Volume XXX review. The withdrawal sheet identifies papers on the IMF and Russian reform, the U.S. response to Russia, and a Hewett-Burns memorandum to Howe. Review it with main meeting file NAID 470761425. Promote individual documents only after the heading, dateline, terminal marking, and release or withdrawal status are checked in the source images.","https://catalog.archives.gov/id/470761552","https://catalog.archives.gov/medialz/presidential-libraries/bush/gb-nsc/H-Files/NSC-DC_Mtgs_Foll-up_312294094/41-bpr-nsc-hfiles-dc_mtgs_foll_up-90044-040.pdf"
"lead-470761567","1993-01-06","DC Meeting—Yugoslavia 1/6/93 4:00","National Security Council Deputies Committee Follow-Up File: DC Meeting—Yugoslavia 1/6/93 4:00","January 6, 1993","NSC/Deputies Committee follow-up file","Strategic Trade, Technology, and Investment Controls","Boundary","Online file unit; item audit pending","25","25 PDF pages; withdrawal sheet identifies a 3-page funding paper and related budget material","Mixed; document-level audit required","470761567","90045–014","locator","George H.W. Bush Library, Bush Presidential Records, National Security Council, H-Files, NSC/DC Meetings Follow-up Files, OA/ID 90045–014, DC Meeting—Yugoslavia 1/6/93 4:00.","Boundary review. The withdrawal sheet identifies papers on funding sanctions-enforcement assistance, budget estimates, technical-assistance requests, and new sanctions. The January 1993 date places this at the volume boundary. Promote individual documents only after the heading, dateline, terminal marking, and release or withdrawal status are checked in the source images.","https://catalog.archives.gov/id/470761567","https://catalog.archives.gov/medialz/presidential-libraries/bush/gb-nsc/H-Files/NSC-DC_Mtgs_Foll-up_312294094/41-bpr-nsc-hfiles-dc_mtgs_foll_up-90045-014.pdf"
"lead-470761568","1993-01-08","DC Meeting 1/8/93","National Security Council Deputies Committee Follow-Up File: DC Meeting 1/8/93","January 8, 1993","NSC/Deputies Committee follow-up file","Strategic Trade, Technology, and Investment Controls","Boundary","Online file unit; item audit pending","12","12 PDF pages; document-level release and withdrawal audit pending","Mixed; document-level audit required","470761568","90045–015","locator","George H.W. Bush Library, Bush Presidential Records, National Security Council, H-Files, NSC/DC Meetings Follow-up Files, OA/ID 90045–015, DC Meeting 1/8/93.","Boundary review. The released meeting notice identifies export-licensing issues involving missile proliferation and space-launch vehicles. The January 1993 date and security emphasis require cross-volume adjudication. Promote individual documents only after the heading, dateline, terminal marking, and release or withdrawal status are checked in the source images.","https://catalog.archives.gov/id/470761568","https://catalog.archives.gov/medialz/presidential-libraries/bush/gb-nsc/H-Files/NSC-DC_Mtgs_Foll-up_312294094/41-bpr-nsc-hfiles-dc_mtgs_foll_up-90045-015.pdf"
"lead-470761570","1993-01-14","DC Meeting—Yugoslavia 1/14/93 11:00","National Security Council Deputies Committee Follow-Up File: DC Meeting—Yugoslavia 1/14/93 11:00","January 14, 1993","NSC/Deputies Committee follow-up file","Strategic Trade, Technology, and Investment Controls","Boundary","Online file unit; item audit pending","10","10 PDF pages; withdrawal sheet identifies a 2-page Secret funding-options paper","Mixed; document-level audit required","470761570","90045–017","locator","George H.W. Bush Library, Bush Presidential Records, National Security Council, H-Files, NSC/DC Meetings Follow-up Files, OA/ID 90045–017, DC Meeting—Yugoslavia 1/14/93 11:00.","Boundary review. The withdrawal sheet identifies options for funding a State-proposed $1.8 million sanctions-enforcement add-on. The January 1993 date places this at the volume boundary. Promote individual documents only after the heading, dateline, terminal marking, and release or withdrawal status are checked in the source images.","https://catalog.archives.gov/id/470761570","https://catalog.archives.gov/medialz/presidential-libraries/bush/gb-nsc/H-Files/NSC-DC_Mtgs_Foll-up_312294094/41-bpr-nsc-hfiles-dc_mtgs_foll_up-90045-017.pdf"
