"naid","workingStartDate","workingEndDate","dateBasis","title","localId","chapter","routing","markerStatus","pdfBytes","catalogPdfBytes","pdfByteBasis","accessStatus","memosToPresident","memosToScowcroft","memorandaOfConversation","meetingRecords","withdrawalSheets","economicSignalTotal","economySignals","financeSignals","tradeSignals","assistanceSanctionsSignals","energySignals","treasurySignals","archivalLocator","catalogUrl","pdfUrl"
"470760885","1989-02-10","1989-02-10","Catalog coverage dates","NSC0001 - February 10, 1989 - Afghanistan","90000-001","Series context and cross-volume routing","Series context","verified","3207844","3207844","Catalog objectFileSize","Restricted - Possibly","0","0","0","0","7","24","0","6","5","0","5","8","George H.W. Bush Library, Bush Presidential Records, National Security Council, H-Files, NSC Meetings Files, OA/ID 90000–001, NSC0001—February 10, 1989—Afghanistan.","https://catalog.archives.gov/id/470760885","https://catalog.archives.gov/medialz/presidential-libraries/bush/gb-nsc/H-Files/NSC_Mtgs_312293887/41-bpr-nsc-hfiles-nsc_mtgs-1-90000-001.pdf"
"470760886","1989-02-21","1989-02-21","Catalog coverage dates","NSC0002 - February 21, 1989 - Covert Action Review","90000-002","Series context and cross-volume routing","Series context","verified","1785594","1785594","HTTP Content-Length","Restricted - Possibly","0","0","0","0","6","5","0","5","0","0","0","0","George H.W. Bush Library, Bush Presidential Records, National Security Council, H-Files, NSC Meetings Files, OA/ID 90000–002, NSC0002—February 21, 1989—Covert Action Review.","https://catalog.archives.gov/id/470760886","https://catalog.archives.gov/medialz/presidential-libraries/bush/gb-nsc/H-Files/NSC_Mtgs_312293887/41-bpr-nsc-hfiles-nsc_mtgs-2-90000-002.pdf"
"470760887","1989-03-14","1989-03-14","Catalog coverage dates","NSC0003 - March 14, 1989 - International Debt, Economics, International Finance","90000-003","Monetary Policy, Debt, and International Institutions","Volume XXX review","verified","17060912","17060912","HTTP Content-Length","Restricted - Possibly","6","2","0","0","51","334","67","220","11","2","5","29","George H.W. Bush Library, Bush Presidential Records, National Security Council, H-Files, NSC Meetings Files, OA/ID 90000–003, NSC0003—March 14, 1989—International Debt, Economics, International Finance.","https://catalog.archives.gov/id/470760887","https://catalog.archives.gov/medialz/presidential-libraries/bush/gb-nsc/H-Files/NSC_Mtgs_312293887/41-bpr-nsc-hfiles-nsc_mtgs-3-90000-003.pdf"
"470760888","1989-03-14","1989-03-14","Catalog coverage dates","NSC0004 - March 14, 1989 - Panama, Nicaragua, Afghanistan (File located @ LM)","90000-004","Series context and cross-volume routing","Series context","verified","393611","393611","HTTP Content-Length","Restricted - Possibly","0","0","0","0","0","0","0","0","0","0","0","0","George H.W. Bush Library, Bush Presidential Records, National Security Council, H-Files, NSC Meetings Files, OA/ID 90000–004, NSC0004—March 14, 1989—Panama, Nicaragua, Afghanistan (File located @ LM).","https://catalog.archives.gov/id/470760888","https://catalog.archives.gov/medialz/presidential-libraries/bush/gb-nsc/H-Files/NSC_Mtgs_312293887/41-bpr-nsc-hfiles-nsc_mtgs-4-90000-004.pdf"
"470760889","1989-03-15","1989-03-15","Catalog coverage dates","NSC0005 - March 15, 1989 - Fighter Support Experimental Project, Japan","90000-005","Strategic Trade, Technology, and Investment Controls","Boundary review","verified","2785647","2785647","Catalog objectFileSize","Restricted - Possibly","0","1","0","0","14","39","4","12","5","0","9","9","George H.W. Bush Library, Bush Presidential Records, National Security Council, H-Files, NSC Meetings Files, OA/ID 90000–005, NSC0005—March 15, 1989—Fighter Support Experimental Project, Japan.","https://catalog.archives.gov/id/470760889","https://catalog.archives.gov/medialz/presidential-libraries/bush/gb-nsc/H-Files/NSC_Mtgs_312293887/41-bpr-nsc-hfiles-nsc_mtgs-5-90000-005.pdf"
"470760890","1989-03-18","1989-03-18","Catalog coverage dates","NSC0006 - March 18, 1989 - Fighter Support Experimental Project, Japan","90000-006","Strategic Trade, Technology, and Investment Controls","Boundary review","verified","598713","598713","Catalog objectFileSize","Restricted - Possibly","0","0","0","0","3","2","0","2","0","0","0","0","George H.W. Bush Library, Bush Presidential Records, National Security Council, H-Files, NSC Meetings Files, OA/ID 90000–006, NSC0006—March 18, 1989—Fighter Support Experimental Project, Japan.","https://catalog.archives.gov/id/470760890","https://catalog.archives.gov/medialz/presidential-libraries/bush/gb-nsc/H-Files/NSC_Mtgs_312293887/41-bpr-nsc-hfiles-nsc_mtgs-6-90000-006.pdf"
"470760891","1989-03-29","1989-03-29","Catalog coverage dates","NSC0007 - March 29, 1989 - Middle East Peace Process","90000-007","Series context and cross-volume routing","Series context","verified","4007863","4007863","Catalog objectFileSize","Restricted - Possibly","1","2","0","4","7","20","0","6","4","1","4","5","George H.W. Bush Library, Bush Presidential Records, National Security Council, H-Files, NSC Meetings Files, OA/ID 90000–007, NSC0007—March 29, 1989—Middle East Peace Process.","https://catalog.archives.gov/id/470760891","https://catalog.archives.gov/medialz/presidential-libraries/bush/gb-nsc/H-Files/NSC_Mtgs_312293887/41-bpr-nsc-hfiles-nsc_mtgs-7-90000-007.pdf"
"470760892","1989-03-30","1989-03-30","Catalog coverage dates","NSC0008 - March 30, 1989 - Western Europe, Eastern Europe","90000-008","Transition Economies and International Economic Strategy","Volume XXX review","verified","2729536","2729536","Catalog objectFileSize","Restricted - Possibly","0","0","0","1","10","37","15","8","2","0","2","10","George H.W. Bush Library, Bush Presidential Records, National Security Council, H-Files, NSC Meetings Files, OA/ID 90000–008, NSC0008—March 30, 1989—Western Europe, Eastern Europe.","https://catalog.archives.gov/id/470760892","https://catalog.archives.gov/medialz/presidential-libraries/bush/gb-nsc/H-Files/NSC_Mtgs_312293887/41-bpr-nsc-hfiles-nsc_mtgs-8-90000-008.pdf"
"470760893","1989-04-04","1989-04-04","Catalog coverage dates","NSC0008a - April 04, 1989 - U.S. Relations with Western Europe and Eastern Europe","90000-009","Transition Economies and International Economic Strategy","Volume XXX review","verified","4849408","4849408","Catalog objectFileSize","Restricted - Possibly","3","2","0","1","6","90","36","13","22","7","2","10","George H.W. Bush Library, Bush Presidential Records, National Security Council, H-Files, NSC Meetings Files, OA/ID 90000–009, NSC0008a—April 04, 1989—U.S. Relations with Western Europe and Eastern Europe.","https://catalog.archives.gov/id/470760893","https://catalog.archives.gov/medialz/presidential-libraries/bush/gb-nsc/H-Files/NSC_Mtgs_312293887/41-bpr-nsc-hfiles-nsc_mtgs-8a-90000-009.pdf"
"470760894","1989-04-05","1989-04-05","Catalog coverage dates","NSC0009 - April 05, 1989 - Review of National Security Review 3 Regarding U.S. and USSR Relations","90000-010","Transition Economies and International Economic Strategy","Volume XXX review","verified","5202064","5202064","Catalog objectFileSize","Restricted - Possibly","4","4","0","1","6","90","21","8","39","8","8","6","George H.W. Bush Library, Bush Presidential Records, National Security Council, H-Files, NSC Meetings Files, OA/ID 90000–010, NSC0009—April 05, 1989—Review of National Security Review 3 Regarding U.S. and USSR Relations.","https://catalog.archives.gov/id/470760894","https://catalog.archives.gov/medialz/presidential-libraries/bush/gb-nsc/H-Files/NSC_Mtgs_312293887/41-bpr-nsc-hfiles-nsc_mtgs-9-90000-010.pdf"
"470760895","1989-04-14","1989-04-14","Catalog coverage dates","NSC0010 - April 14, 1989 - Review of Cambodia Policy","90000-011","Series context and cross-volume routing","Series context","verified","1855013","1855013","HTTP Content-Length","Restricted - Possibly","0","2","1","2","7","12","0","6","2","0","2","2","George H.W. Bush Library, Bush Presidential Records, National Security Council, H-Files, NSC Meetings Files, OA/ID 90000–011, NSC0010—April 14, 1989—Review of Cambodia Policy.","https://catalog.archives.gov/id/470760895","https://catalog.archives.gov/medialz/presidential-libraries/bush/gb-nsc/H-Files/NSC_Mtgs_312293887/41-bpr-nsc-hfiles-nsc_mtgs-10-90000-011.pdf"
"470760896","1989-04-18","1989-04-18","Catalog coverage dates","NSC0011 - April 18, 1989 - National Security Review 12 Section II Regarding Strategic Nuclear Deterrence [1]","90000-012","Series context and cross-volume routing","Series context","verified","3019465","3019465","HTTP Content-Length","Restricted - Possibly","0","0","0","0","8","7","0","7","0","0","0","0","George H.W. Bush Library, Bush Presidential Records, National Security Council, H-Files, NSC Meetings Files, OA/ID 90000–012, NSC0011—April 18, 1989—National Security Review 12 Section II Regarding Strategic Nuclear Deterrence [1].","https://catalog.archives.gov/id/470760896","https://catalog.archives.gov/medialz/presidential-libraries/bush/gb-nsc/H-Files/NSC_Mtgs_312293887/41-bpr-nsc-hfiles-nsc_mtgs-11_1-90000-012.pdf"
"470760897","1989-04-18","1989-04-18","Catalog coverage dates","NSC0011 - April 18, 1989 - National Security Review 12 Section II Regarding Strategic Nuclear Deterrence [2]","90000-013","Series context and cross-volume routing","Series context","verified","6221256","6221256","HTTP Content-Length","Restricted - Possibly","0","0","0","0","12","37","0","10","8","0","9","10","George H.W. Bush Library, Bush Presidential Records, National Security Council, H-Files, NSC Meetings Files, OA/ID 90000–013, NSC0011—April 18, 1989—National Security Review 12 Section II Regarding Strategic Nuclear Deterrence [2].","https://catalog.archives.gov/id/470760897","https://catalog.archives.gov/medialz/presidential-libraries/bush/gb-nsc/H-Files/NSC_Mtgs_312293887/41-bpr-nsc-hfiles-nsc_mtgs-11_2-90000-013.pdf"
"470760898","1989-04-28","1989-04-28","Catalog coverage dates","NSC0012 - April 28, 1989 - Panama [1]","90000-014","Series context and cross-volume routing","Series context","verified","3655655","3655655","Catalog objectFileSize","Restricted - Possibly","1","0","0","0","4","134","37","15","18","53","8","3","George H.W. Bush Library, Bush Presidential Records, National Security Council, H-Files, NSC Meetings Files, OA/ID 90000–014, NSC0012—April 28, 1989—Panama [1].","https://catalog.archives.gov/id/470760898","https://catalog.archives.gov/medialz/presidential-libraries/bush/gb-nsc/H-Files/NSC_Mtgs_312293887/41-bpr-nsc-hfiles-nsc_mtgs-12_1-90000-014.pdf"
"470760899","1989-04-28","1989-04-28","Catalog coverage dates","NSC0012 - April 28, 1989 - Panama [2]","90000-015","Series context and cross-volume routing","Series context","verified","20249891","8022981","HTTP Content-Length","Restricted - Possibly","0","1","0","0","7","56","18","10","10","16","1","1","George H.W. Bush Library, Bush Presidential Records, National Security Council, H-Files, NSC Meetings Files, OA/ID 90000–015, NSC0012—April 28, 1989—Panama [2].","https://catalog.archives.gov/id/470760899","https://catalog.archives.gov/medialz/presidential-libraries/bush/gb-nsc/H-Files/NSC_Mtgs_312293887/41-bpr-nsc-hfiles-nsc_mtgs-12_2-90000-015.pdf"
"470760900","1989-05-04","1989-05-04","Catalog coverage dates","NSC0013 - May 04, 1989 - Covert Action","90000-016","Series context and cross-volume routing","Series context","verified","18475397","18475396","HTTP Content-Length","Restricted - Possibly","0","0","0","1","32","71","0","26","3","5","21","16","George H.W. Bush Library, Bush Presidential Records, National Security Council, H-Files, NSC Meetings Files, OA/ID 90000–016, NSC0013—May 04, 1989—Covert Action.","https://catalog.archives.gov/id/470760900","https://catalog.archives.gov/medialz/presidential-libraries/bush/gb-nsc/H-Files/NSC_Mtgs_312293887/41-bpr-nsc-hfiles-nsc_mtgs-13-90000-016.pdf"
"470760901","1989-05-04","1989-05-04","Catalog coverage dates","NSC0014 - May 04, 1989 - Moscow Ministerial","90000-017","Series context and cross-volume routing","Series context","verified","4745018","4745018","HTTP Content-Length","Restricted - Possibly","0","2","0","1","2","11","8","1","0","0","1","1","George H.W. Bush Library, Bush Presidential Records, National Security Council, H-Files, NSC Meetings Files, OA/ID 90000–017, NSC0014—May 04, 1989—Moscow Ministerial.","https://catalog.archives.gov/id/470760901","https://catalog.archives.gov/medialz/presidential-libraries/bush/gb-nsc/H-Files/NSC_Mtgs_312293887/41-bpr-nsc-hfiles-nsc_mtgs-14-90000-017.pdf"
"470760902","1989-05-08","1989-05-08","Catalog coverage dates","NSC0015 - May 08, 1989 - Panama","90000-018","Series context and cross-volume routing","Series context","verified","9866510","9866510","HTTP Content-Length","Restricted - Possibly","0","2","0","3","18","132","33","24","18","32","8","17","George H.W. Bush Library, Bush Presidential Records, National Security Council, H-Files, NSC Meetings Files, OA/ID 90000–018, NSC0015—May 08, 1989—Panama.","https://catalog.archives.gov/id/470760902","https://catalog.archives.gov/medialz/presidential-libraries/bush/gb-nsc/H-Files/NSC_Mtgs_312293887/41-bpr-nsc-hfiles-nsc_mtgs-15-90000-018.pdf"
"470760903","1989-05-15","1989-05-15","Catalog coverage dates","NSC0016 - May 15, 1989 - Counter Narcotics in Peru","90000-019","Series context and cross-volume routing","Series context","verified","10547785","10547785","HTTP Content-Length","Restricted - Possibly","0","0","0","0","36","46","0","32","2","0","2","10","George H.W. Bush Library, Bush Presidential Records, National Security Council, H-Files, NSC Meetings Files, OA/ID 90000–019, NSC0016—May 15, 1989—Counter Narcotics in Peru.","https://catalog.archives.gov/id/470760903","https://catalog.archives.gov/medialz/presidential-libraries/bush/gb-nsc/H-Files/NSC_Mtgs_312293887/41-bpr-nsc-hfiles-nsc_mtgs-16-90000-019.pdf"
"470760904","1989-05-17","1989-05-17","Catalog coverage dates","NSC0017 - May 17, 1989 - National Security Review 12 - Sections II and III, US Defense Strategy for 1990","90001-001","Series context and cross-volume routing","Series context","verified","13596133","13596133","HTTP Content-Length","Restricted - Possibly","0","1","0","0","20","55","3","18","5","0","17","12","George H.W. Bush Library, Bush Presidential Records, National Security Council, H-Files, NSC Meetings Files, OA/ID 90001–001, NSC0017—May 17, 1989—National Security Review 12—Sections II and III, US Defense Strategy for 1990.","https://catalog.archives.gov/id/470760904","https://catalog.archives.gov/medialz/presidential-libraries/bush/gb-nsc/H-Files/NSC_Mtgs_312293887/41-bpr-nsc-hfiles-nsc_mtgs-17-90001-001.pdf"
"470760905","1989-05-23","1989-05-23","Catalog coverage dates","NSC0018 - May 23, 1989 - Angola [Empty]","90001-002","Series context and cross-volume routing","Series context","verified","369116","369116","Catalog objectFileSize","Restricted - Possibly","0","0","0","0","0","0","0","0","0","0","0","0","George H.W. Bush Library, Bush Presidential Records, National Security Council, H-Files, NSC Meetings Files, OA/ID 90001–002, NSC0018—May 23, 1989—Angola [Empty].","https://catalog.archives.gov/id/470760905","https://catalog.archives.gov/medialz/presidential-libraries/bush/gb-nsc/H-Files/NSC_Mtgs_312293887/41-bpr-nsc-hfiles-nsc_mtgs-18-90001-002.pdf"
"470760907","1989-05-25","1989-05-25","Catalog coverage dates","NSC0020 - May 25, 1989 - Counter Narcotics in Peru, Review of National Security Review 12 - Section IV Regarding Arms Control Implications of Defense Strategy [1]","90001-004","Series context and cross-volume routing","Series context","verified","8177953","8177953","HTTP Content-Length","Restricted - Possibly","0","0","0","4","27","37","0","24","3","0","3","7","George H.W. Bush Library, Bush Presidential Records, National Security Council, H-Files, NSC Meetings Files, OA/ID 90001–004, NSC0020—May 25, 1989—Counter Narcotics in Peru, Review of National Security Review 12—Section IV Regarding Arms Control Implications of Defense Strategy [1].","https://catalog.archives.gov/id/470760907","https://catalog.archives.gov/medialz/presidential-libraries/bush/gb-nsc/H-Files/NSC_Mtgs_312293887/41-bpr-nsc-hfiles-nsc_mtgs-20_1-90001-004.pdf"
"470760908","1989-05-25","1989-05-25","Catalog coverage dates","NSC0020 - May 25, 1989 - Counter Narcotics in Peru, Review of National Security Review 12 - Section IV Regarding Arms Control Implications of Defense Strategy [2]","90001-005","Series context and cross-volume routing","Series context","verified","5569878","5569878","HTTP Content-Length","Restricted - Possibly","0","0","0","0","15","29","0","13","2","0","8","6","George H.W. Bush Library, Bush Presidential Records, National Security Council, H-Files, NSC Meetings Files, OA/ID 90001–005, NSC0020—May 25, 1989—Counter Narcotics in Peru, Review of National Security Review 12—Section IV Regarding Arms Control Implications of Defense Strategy [2].","https://catalog.archives.gov/id/470760908","https://catalog.archives.gov/medialz/presidential-libraries/bush/gb-nsc/H-Files/NSC_Mtgs_312293887/41-bpr-nsc-hfiles-nsc_mtgs-20_2-90001-005.pdf"
"470760906","1989-05-26","1989-05-26","Catalog coverage dates","NSC0019 - May 26, 1989 - Covert Action (File located @ LM)","90001-003","Series context and cross-volume routing","Series context","verified","949171","949171","HTTP Content-Length","Restricted - Possibly","0","0","0","0","1","0","0","0","0","0","0","0","George H.W. Bush Library, Bush Presidential Records, National Security Council, H-Files, NSC Meetings Files, OA/ID 90001–003, NSC0019—May 26, 1989—Covert Action (File located @ LM).","https://catalog.archives.gov/id/470760906","https://catalog.archives.gov/medialz/presidential-libraries/bush/gb-nsc/H-Files/NSC_Mtgs_312293887/41-bpr-nsc-hfiles-nsc_mtgs-19-90001-003.pdf"
"470760909","1989-06-07","1989-06-07","Catalog coverage dates","NSC0021 - June 07, 1989 - Strategic Arms Reduction Talks, Defense Policy, Space Issues","90001-006","Series context and cross-volume routing","Series context","verified","8560492","8560492","HTTP Content-Length","Restricted - Possibly","0","0","0","0","21","34","0","19","4","0","6","5","George H.W. Bush Library, Bush Presidential Records, National Security Council, H-Files, NSC Meetings Files, OA/ID 90001–006, NSC0021—June 07, 1989—Strategic Arms Reduction Talks, Defense Policy, Space Issues.","https://catalog.archives.gov/id/470760909","https://catalog.archives.gov/medialz/presidential-libraries/bush/gb-nsc/H-Files/NSC_Mtgs_312293887/41-bpr-nsc-hfiles-nsc_mtgs-21-90001-006.pdf"
"470760910","1989-06-15","1989-06-15","Catalog coverage dates","NSC0022 - June 15, 1989 - Strategic Arms Reduction Talks, Arms Control","90001-007","Series context and cross-volume routing","Series context","verified","9664065","9664065","Catalog objectFileSize","Restricted - Possibly","0","0","0","0","42","61","0","38","4","0","10","9","George H.W. Bush Library, Bush Presidential Records, National Security Council, H-Files, NSC Meetings Files, OA/ID 90001–007, NSC0022—June 15, 1989—Strategic Arms Reduction Talks, Arms Control.","https://catalog.archives.gov/id/470760910","https://catalog.archives.gov/medialz/presidential-libraries/bush/gb-nsc/H-Files/NSC_Mtgs_312293887/41-bpr-nsc-hfiles-nsc_mtgs-22-90001-007.pdf"
"470760911","1989-06-23","1989-06-23","Catalog coverage dates","NSC0023 - June 23, 1989 - Persian Gulf [1]","90001-008","Series context and cross-volume routing","Series context","verified","14909013","14909013","HTTP Content-Length","Restricted - Possibly","0","1","0","6","7","129","32","8","15","6","60","8","George H.W. Bush Library, Bush Presidential Records, National Security Council, H-Files, NSC Meetings Files, OA/ID 90001–008, NSC0023—June 23, 1989—Persian Gulf [1].","https://catalog.archives.gov/id/470760911","https://catalog.archives.gov/medialz/presidential-libraries/bush/gb-nsc/H-Files/NSC_Mtgs_312293887/41-bpr-nsc-hfiles-nsc_mtgs-23_1-90001-008.pdf"
"470760912","1989-06-23","1989-06-23","Catalog coverage dates","NSC0023 - June 23, 1989 - Persian Gulf [2]","90001-009","Series context and cross-volume routing","Series context","verified","6343701","6343701","HTTP Content-Length","Restricted - Possibly","6","2","0","0","5","53","14","4","11","7","16","1","George H.W. Bush Library, Bush Presidential Records, National Security Council, H-Files, NSC Meetings Files, OA/ID 90001–009, NSC0023—June 23, 1989—Persian Gulf [2].","https://catalog.archives.gov/id/470760912","https://catalog.archives.gov/medialz/presidential-libraries/bush/gb-nsc/H-Files/NSC_Mtgs_312293887/41-bpr-nsc-hfiles-nsc_mtgs-23_2-90001-009.pdf"
"470760913","1989-06-25","1989-06-25","Catalog coverage dates","NSC0024 - July 25, 1989 - Covert Action Annual Review (File located @ LM)","90001-010","Series context and cross-volume routing","Series context","verified","2073600","2073600","HTTP Content-Length","Restricted - Possibly","0","0","0","0","1","0","0","0","0","0","0","0","George H.W. Bush Library, Bush Presidential Records, National Security Council, H-Files, NSC Meetings Files, OA/ID 90001–010, NSC0024—July 25, 1989—Covert Action Annual Review (File located @ LM).","https://catalog.archives.gov/id/470760913","https://catalog.archives.gov/medialz/presidential-libraries/bush/gb-nsc/H-Files/NSC_Mtgs_312293887/41-bpr-nsc-hfiles-nsc_mtgs-24-90001-010.pdf"
"470760915","1989-07-31","1989-07-31","Catalog coverage dates","NSC0025 - July 31, 1989 - Hostage Situation","90001-012","Series context and cross-volume routing","Series context","verified","2419252","2419252","HTTP Content-Length","Restricted - Possibly","0","0","0","4","4","6","0","3","0","0","2","1","George H.W. Bush Library, Bush Presidential Records, National Security Council, H-Files, NSC Meetings Files, OA/ID 90001–012, NSC0025—July 31, 1989—Hostage Situation.","https://catalog.archives.gov/id/470760915","https://catalog.archives.gov/medialz/presidential-libraries/bush/gb-nsc/H-Files/NSC_Mtgs_312293887/41-bpr-nsc-hfiles-nsc_mtgs-25-90001-012.pdf"
"470760916","1989-08-01","1989-08-02","Catalog coverage dates","[NSC0026] - [August 1-2, 1989] Hostage Situation [Meeting Folder Empty, See PA Limited Access File 9004018]","90001-013","Series context and cross-volume routing","Series context","verified","408855","408855","HTTP Content-Length","Restricted - Possibly","0","0","0","0","0","0","0","0","0","0","0","0","George H.W. Bush Library, Bush Presidential Records, National Security Council, H-Files, NSC Meetings Files, OA/ID 90001–013, [NSC0026]—[August 1-2, 1989] Hostage Situation [Meeting Folder Empty, See PA Limited Access File 9004018].","https://catalog.archives.gov/id/470760916","https://catalog.archives.gov/medialz/presidential-libraries/bush/gb-nsc/H-Files/NSC_Mtgs_312293887/41-bpr-nsc-hfiles-nsc_mtgs-26-90001-013.pdf"
"470760914","1989-08-02","1989-08-02","Catalog coverage dates","NSC0024a - August 02, 1989 - Covert Action Annual Review (File located @ LM)","90001-011","Series context and cross-volume routing","Series context","verified","954772","954772","HTTP Content-Length","Restricted - Possibly","0","0","0","0","0","0","0","0","0","0","0","0","George H.W. Bush Library, Bush Presidential Records, National Security Council, H-Files, NSC Meetings Files, OA/ID 90001–011, NSC0024a—August 02, 1989—Covert Action Annual Review (File located @ LM).","https://catalog.archives.gov/id/470760914","https://catalog.archives.gov/medialz/presidential-libraries/bush/gb-nsc/H-Files/NSC_Mtgs_312293887/41-bpr-nsc-hfiles-nsc_mtgs-24a-90001-011.pdf"
"470760917","1989-08-21","1989-08-21","Catalog coverage dates","NSC0027 - August 21, 1989 - International Drug Strategy Paper, Counter Narcotics (File located @ LM)","90001-014","Series context and cross-volume routing","Series context","verified","1004080","1004080","HTTP Content-Length","Restricted - Possibly","0","0","0","0","0","0","0","0","0","0","0","0","George H.W. Bush Library, Bush Presidential Records, National Security Council, H-Files, NSC Meetings Files, OA/ID 90001–014, NSC0027—August 21, 1989—International Drug Strategy Paper, Counter Narcotics (File located @ LM).","https://catalog.archives.gov/id/470760917","https://catalog.archives.gov/medialz/presidential-libraries/bush/gb-nsc/H-Files/NSC_Mtgs_312293887/41-bpr-nsc-hfiles-nsc_mtgs-27-90001-014.pdf"
"470760918","1989-09-11","1989-09-11","Catalog coverage dates","NSC0028 - September 11, 1989 - Savannah River Restarts, Tritium, Stockpiles, Nuclear Arms Control","90001-015","Series context and cross-volume routing","Series context","verified","7275858","7275858","HTTP Content-Length","Restricted - Possibly","0","0","0","0","15","32","0","13","4","0","8","7","George H.W. Bush Library, Bush Presidential Records, National Security Council, H-Files, NSC Meetings Files, OA/ID 90001–015, NSC0028—September 11, 1989—Savannah River Restarts, Tritium, Stockpiles, Nuclear Arms Control.","https://catalog.archives.gov/id/470760918","https://catalog.archives.gov/medialz/presidential-libraries/bush/gb-nsc/H-Files/NSC_Mtgs_312293887/41-bpr-nsc-hfiles-nsc_mtgs-28-90001-015.pdf"
"470760920","1989-09-14","1989-09-14","Catalog coverage dates","NSC0029 - September 14, 1989 - Chemical Weapons, Arms Control","90001-017","Series context and cross-volume routing","Series context","verified","4288132","4288132","HTTP Content-Length","Restricted - Possibly","0","0","0","0","12","15","0","10","0","0","2","3","George H.W. Bush Library, Bush Presidential Records, National Security Council, H-Files, NSC Meetings Files, OA/ID 90001–017, NSC0029—September 14, 1989—Chemical Weapons, Arms Control.","https://catalog.archives.gov/id/470760920","https://catalog.archives.gov/medialz/presidential-libraries/bush/gb-nsc/H-Files/NSC_Mtgs_312293887/41-bpr-nsc-hfiles-nsc_mtgs-29-90001-017.pdf"
"470760919","1989-09-27","1989-09-27","Catalog coverage dates","NSC0028a - September 27, 1989 - Nuclear Testing Deliberations, Arms Control, Verification","90001-016","Series context and cross-volume routing","Series context","verified","897756","897756","Catalog objectFileSize","Restricted - Possibly","0","0","0","0","4","3","0","3","0","0","0","0","George H.W. Bush Library, Bush Presidential Records, National Security Council, H-Files, NSC Meetings Files, OA/ID 90001–016, NSC0028a—September 27, 1989—Nuclear Testing Deliberations, Arms Control, Verification.","https://catalog.archives.gov/id/470760919","https://catalog.archives.gov/medialz/presidential-libraries/bush/gb-nsc/H-Files/NSC_Mtgs_312293887/41-bpr-nsc-hfiles-nsc_mtgs-28a-90001-016.pdf"
"470760921","1989-10-03","1989-10-10","Catalog coverage dates","NSC0030 - October 03, 1989 - Poland, Economic Assistance","90001-018","Transition Economies and International Economic Strategy","Volume XXX review","verified","32592165","32592164","HTTP Content-Length","Restricted - Possibly","3","0","0","0","4","720","338","214","90","55","8","15","George H.W. Bush Library, Bush Presidential Records, National Security Council, H-Files, NSC Meetings Files, OA/ID 90001–018, NSC0030—October 03, 1989—Poland, Economic Assistance.","https://catalog.archives.gov/id/470760921","https://catalog.archives.gov/medialz/presidential-libraries/bush/gb-nsc/H-Files/NSC_Mtgs_312293887/41-bpr-nsc-hfiles-nsc_mtgs-30-90001-018.pdf"
"470760922","1989-10-18","1989-10-18","Catalog coverage dates","NSC0031 - October 18, 1989 - Panama","90001-019","Series context and cross-volume routing","Series context","verified","10928925","1963276","HTTP Content-Length","Restricted - Possibly","0","0","0","5","4","4","0","3","0","0","0","1","George H.W. Bush Library, Bush Presidential Records, National Security Council, H-Files, NSC Meetings Files, OA/ID 90001–019, NSC0031—October 18, 1989—Panama.","https://catalog.archives.gov/id/470760922","https://catalog.archives.gov/medialz/presidential-libraries/bush/gb-nsc/H-Files/NSC_Mtgs_312293887/41-bpr-nsc-hfiles-nsc_mtgs-31-90001-019.pdf"
"470760924","1989-10-19","1989-10-19","Catalog coverage dates","NSC0032 - October 19, 1989 - Panama [1]","90001-021","Series context and cross-volume routing","Series context","verified","9056157","9056157","HTTP Content-Length","Restricted - Possibly","0","0","0","4","15","19","0","12","2","0","2","3","George H.W. Bush Library, Bush Presidential Records, National Security Council, H-Files, NSC Meetings Files, OA/ID 90001–021, NSC0032—October 19, 1989—Panama [1].","https://catalog.archives.gov/id/470760924","https://catalog.archives.gov/medialz/presidential-libraries/bush/gb-nsc/H-Files/NSC_Mtgs_312293887/41-bpr-nsc-hfiles-nsc_mtgs-32_1-90001-021.pdf"
"470760925","1989-10-19","1989-10-19","Catalog coverage dates","NSC0032 - October 19, 1989 - Panama [2]","90001-022","Series context and cross-volume routing","Series context","verified","11569512","11569512","HTTP Content-Length","Restricted - Possibly","0","2","0","0","18","55","4","15","12","0","12","12","George H.W. Bush Library, Bush Presidential Records, National Security Council, H-Files, NSC Meetings Files, OA/ID 90001–022, NSC0032—October 19, 1989—Panama [2].","https://catalog.archives.gov/id/470760925","https://catalog.archives.gov/medialz/presidential-libraries/bush/gb-nsc/H-Files/NSC_Mtgs_312293887/41-bpr-nsc-hfiles-nsc_mtgs-32_2-90001-022.pdf"
"470760923","1989-10-24","1989-10-24","Catalog coverage dates","NSC0031a - October 24, 1989 - Classified Subject (File located @ LM)","90001-020","Series context and cross-volume routing","Series context","verified","959098","959098","HTTP Content-Length","Restricted - Possibly","0","0","0","0","1","0","0","0","0","0","0","0","George H.W. Bush Library, Bush Presidential Records, National Security Council, H-Files, NSC Meetings Files, OA/ID 90001–020, NSC0031a—October 24, 1989—Classified Subject (File located @ LM).","https://catalog.archives.gov/id/470760923","https://catalog.archives.gov/medialz/presidential-libraries/bush/gb-nsc/H-Files/NSC_Mtgs_312293887/41-bpr-nsc-hfiles-nsc_mtgs-31a-90001-020.pdf"
"470760926","1989-11-30","1989-11-30","Catalog coverage dates","NSC0032a - November 30, 1989 - Malta Summit, USSR","90001-023","Transition Economies and International Economic Strategy","Volume XXX review","verified","3823526","3823526","Catalog objectFileSize","Restricted - Possibly","2","1","0","0","1","26","15","2","6","0","0","3","George H.W. Bush Library, Bush Presidential Records, National Security Council, H-Files, NSC Meetings Files, OA/ID 90001–023, NSC0032a—November 30, 1989—Malta Summit, USSR.","https://catalog.archives.gov/id/470760926","https://catalog.archives.gov/medialz/presidential-libraries/bush/gb-nsc/H-Files/NSC_Mtgs_312293887/41-bpr-nsc-hfiles-nsc_mtgs-32a-90001-023.pdf"
"470760927","1989-12-05","1989-12-05","Catalog coverage dates","NSC0033 - December 05, 1989 - Malta Follow Up, Arms Control, Summit","90001-024","Transition Economies and International Economic Strategy","Volume XXX review","verified","19456868","10465461","HTTP Content-Length","Restricted - Possibly","2","1","0","0","8","69","26","10","18","2","3","10","George H.W. Bush Library, Bush Presidential Records, National Security Council, H-Files, NSC Meetings Files, OA/ID 90001–024, NSC0033—December 05, 1989—Malta Follow Up, Arms Control, Summit.","https://catalog.archives.gov/id/470760927","https://catalog.archives.gov/medialz/presidential-libraries/bush/gb-nsc/H-Files/NSC_Mtgs_312293887/41-bpr-nsc-hfiles-nsc_mtgs-33-90001-024.pdf"
"470760928","1989-12-18","1989-12-18","Catalog coverage dates","NSC0034 - December 18, 1989 - Libya","90001-025","Series context and cross-volume routing","Series context","verified","12660835","12660835","HTTP Content-Length","Restricted - Possibly","0","0","0","6","29","53","0","26","8","3","8","8","George H.W. Bush Library, Bush Presidential Records, National Security Council, H-Files, NSC Meetings Files, OA/ID 90001–025, NSC0034—December 18, 1989—Libya.","https://catalog.archives.gov/id/470760928","https://catalog.archives.gov/medialz/presidential-libraries/bush/gb-nsc/H-Files/NSC_Mtgs_312293887/41-bpr-nsc-hfiles-nsc_mtgs-34-90001-025.pdf"
"470760929","1990-01-09","1990-01-09","Catalog coverage dates","NSC0034a - January 09, 1990 - Covert Action Program (File located @ LM)","90001-026","Series context and cross-volume routing","Series context","verified","1915504","1915504","HTTP Content-Length","Restricted - Possibly","0","0","0","2","5","5","0","4","0","1","0","0","George H.W. Bush Library, Bush Presidential Records, National Security Council, H-Files, NSC Meetings Files, OA/ID 90001–026, NSC0034a—January 09, 1990—Covert Action Program (File located @ LM).","https://catalog.archives.gov/id/470760929","https://catalog.archives.gov/medialz/presidential-libraries/bush/gb-nsc/H-Files/NSC_Mtgs_312293887/41-bpr-nsc-hfiles-nsc_mtgs-34a-90001-026.pdf"
"470760930","1990-01-09","1990-01-09","Catalog coverage dates","NSC0035 - January 09, 1990 - TV Marti, Broadcasting, Cuba (File located @ LM)","90001-027","Series context and cross-volume routing","Series context","verified","990063","990063","HTTP Content-Length","Restricted - Possibly","0","0","0","0","0","0","0","0","0","0","0","0","George H.W. Bush Library, Bush Presidential Records, National Security Council, H-Files, NSC Meetings Files, OA/ID 90001–027, NSC0035—January 09, 1990—TV Marti, Broadcasting, Cuba (File located @ LM).","https://catalog.archives.gov/id/470760930","https://catalog.archives.gov/medialz/presidential-libraries/bush/gb-nsc/H-Files/NSC_Mtgs_312293887/41-bpr-nsc-hfiles-nsc_mtgs-35-90001-027.pdf"
"470760931","1990-01-16","1990-01-16","Catalog coverage dates","NSC0035a - January 16, 1990 - Conventional Forces in Europe Initiative, Arms Control","90001-028","Series context and cross-volume routing","Series context","verified","2483642","2483642","HTTP Content-Length","Restricted - Possibly","0","0","0","2","1","0","0","0","0","0","0","0","George H.W. Bush Library, Bush Presidential Records, National Security Council, H-Files, NSC Meetings Files, OA/ID 90001–028, NSC0035a—January 16, 1990—Conventional Forces in Europe Initiative, Arms Control.","https://catalog.archives.gov/id/470760931","https://catalog.archives.gov/medialz/presidential-libraries/bush/gb-nsc/H-Files/NSC_Mtgs_312293887/41-bpr-nsc-hfiles-nsc_mtgs-35a-90001-028.pdf"
"470760932","1990-01-17","1990-01-17","Catalog coverage dates","NSC0036 - January 17, 1990 - Panama [1]","90001-029","Monetary Policy, Debt, and International Institutions","Boundary review","verified","11322130","11322130","HTTP Content-Length","Restricted - Possibly","0","1","0","0","7","250","82","55","45","42","2","24","George H.W. Bush Library, Bush Presidential Records, National Security Council, H-Files, NSC Meetings Files, OA/ID 90001–029, NSC0036—January 17, 1990—Panama [1].","https://catalog.archives.gov/id/470760932","https://catalog.archives.gov/medialz/presidential-libraries/bush/gb-nsc/H-Files/NSC_Mtgs_312293887/41-bpr-nsc-hfiles-nsc_mtgs-36_1-90001-029.pdf"
"470760933","1990-01-17","1990-01-17","Catalog coverage dates","NSC0036 - January 17, 1990 - Panama [2]","90001-030","Monetary Policy, Debt, and International Institutions","Boundary review","verified","9317524","9317524","Catalog objectFileSize","Restricted - Possibly","0","1","0","0","9","250","61","53","55","34","13","34","George H.W. Bush Library, Bush Presidential Records, National Security Council, H-Files, NSC Meetings Files, OA/ID 90001–030, NSC0036—January 17, 1990—Panama [2].","https://catalog.archives.gov/id/470760933","https://catalog.archives.gov/medialz/presidential-libraries/bush/gb-nsc/H-Files/NSC_Mtgs_312293887/41-bpr-nsc-hfiles-nsc_mtgs-36_2-90001-030.pdf"
"470760934","1990-01-17","1990-01-17","Catalog coverage dates","NSC0036 - January 17, 1990 - Panama [3]","90001-031","Monetary Policy, Debt, and International Institutions","Boundary review","verified","4523190","4523190","Catalog objectFileSize","Restricted - Possibly","0","0","0","0","11","42","2","17","8","1","3","11","George H.W. Bush Library, Bush Presidential Records, National Security Council, H-Files, NSC Meetings Files, OA/ID 90001–031, NSC0036—January 17, 1990—Panama [3].","https://catalog.archives.gov/id/470760934","https://catalog.archives.gov/medialz/presidential-libraries/bush/gb-nsc/H-Files/NSC_Mtgs_312293887/41-bpr-nsc-hfiles-nsc_mtgs-36_3-90001-031.pdf"
"470760935","1990-01-18","1990-01-18","Catalog coverage dates","NSC0037 - January 18, 1990 - International Economic Policy [1]","90001-032","Monetary Policy, Debt, and International Institutions","Volume XXX review","verified","7808934","7808934","Catalog objectFileSize","Restricted - Possibly","0","0","0","4","22","96","54","20","8","0","5","9","George H.W. Bush Library, Bush Presidential Records, National Security Council, H-Files, NSC Meetings Files, OA/ID 90001–032, NSC0037—January 18, 1990—International Economic Policy [1].","https://catalog.archives.gov/id/470760935","https://catalog.archives.gov/medialz/presidential-libraries/bush/gb-nsc/H-Files/NSC_Mtgs_312293887/41-bpr-nsc-hfiles-nsc_mtgs-37_1-90001-032.pdf"
"470760936","1990-01-18","1990-01-18","Catalog coverage dates","NSC0037 - January 18, 1990 - International Economic Policy [2]","90001-033","Monetary Policy, Debt, and International Institutions","Volume XXX review","verified","11243578","11243578","HTTP Content-Length","Restricted - Possibly","0","0","0","0","17","103","46","18","15","0","11","13","George H.W. Bush Library, Bush Presidential Records, National Security Council, H-Files, NSC Meetings Files, OA/ID 90001–033, NSC0037—January 18, 1990—International Economic Policy [2].","https://catalog.archives.gov/id/470760936","https://catalog.archives.gov/medialz/presidential-libraries/bush/gb-nsc/H-Files/NSC_Mtgs_312293887/41-bpr-nsc-hfiles-nsc_mtgs-37_2-90001-033.pdf"
"470760937","1990-01-22","1990-01-22","Catalog coverage dates","NSC0037a - January 22, 1990 - Conventional Forces in Europe Initiative, Arms Control, Germany Federal Republic","90001-034","Series context and cross-volume routing","Series context","verified","1411455","1411455","HTTP Content-Length","Restricted - Possibly","0","0","0","1","2","1","0","1","0","0","0","0","George H.W. Bush Library, Bush Presidential Records, National Security Council, H-Files, NSC Meetings Files, OA/ID 90001–034, NSC0037a—January 22, 1990—Conventional Forces in Europe Initiative, Arms Control, Germany Federal Republic.","https://catalog.archives.gov/id/470760937","https://catalog.archives.gov/medialz/presidential-libraries/bush/gb-nsc/H-Files/NSC_Mtgs_312293887/41-bpr-nsc-hfiles-nsc_mtgs-37a-90001-034.pdf"
"470760938","1990-02-01","1990-02-01","Catalog coverage dates","NSC0038 - February 01, 1990 - Arms Control Issues, Moscow Ministerial","90001-035","Series context and cross-volume routing","Series context","verified","2668455","2668455","HTTP Content-Length","Restricted - Possibly","0","0","0","2","5","4","0","4","0","0","0","0","George H.W. Bush Library, Bush Presidential Records, National Security Council, H-Files, NSC Meetings Files, OA/ID 90001–035, NSC0038—February 01, 1990—Arms Control Issues, Moscow Ministerial.","https://catalog.archives.gov/id/470760938","https://catalog.archives.gov/medialz/presidential-libraries/bush/gb-nsc/H-Files/NSC_Mtgs_312293887/41-bpr-nsc-hfiles-nsc_mtgs-38-90001-035.pdf"
"470760939","1990-02-09","1990-02-09","Catalog coverage dates","NSC0039 - February 09, 1990 - East Asia Strategy, National Security Review on Philippines Military Base Access [1]","90002-001","Monetary Policy, Debt, and International Institutions","Boundary review","verified","4857642","4857642","Catalog objectFileSize","Restricted - Possibly","0","0","0","4","9","20","0","8","4","0","4","4","George H.W. Bush Library, Bush Presidential Records, National Security Council, H-Files, NSC Meetings Files, OA/ID 90002–001, NSC0039—February 09, 1990—East Asia Strategy, National Security Review on Philippines Military Base Access [1].","https://catalog.archives.gov/id/470760939","https://catalog.archives.gov/medialz/presidential-libraries/bush/gb-nsc/H-Files/NSC_Mtgs_312293887/41-bpr-nsc-hfiles-nsc_mtgs-39_1-90002-001.pdf"
"470760940","1990-02-09","1990-02-09","Catalog coverage dates","NSC0039 - February 09, 1990 - East Asia Strategy, National Security Review on Philippines Military Base Access [2]","90002-002","Monetary Policy, Debt, and International Institutions","Boundary review","verified","7018251","7018251","Catalog objectFileSize","Restricted - Possibly","0","0","0","5","21","241","30","166","33","5","0","7","George H.W. Bush Library, Bush Presidential Records, National Security Council, H-Files, NSC Meetings Files, OA/ID 90002–002, NSC0039—February 09, 1990—East Asia Strategy, National Security Review on Philippines Military Base Access [2].","https://catalog.archives.gov/id/470760940","https://catalog.archives.gov/medialz/presidential-libraries/bush/gb-nsc/H-Files/NSC_Mtgs_312293887/41-bpr-nsc-hfiles-nsc_mtgs-39_2-90002-002.pdf"
"470760941","1990-02-09","1990-02-09","Catalog coverage dates","NSC0039 - February 09, 1990 - East Asia Strategy, National Security Review on Philippines Military Base Access [3]","90002-003","Monetary Policy, Debt, and International Institutions","Boundary review","verified","7847959","7847959","Catalog objectFileSize","Restricted - Possibly","0","0","0","5","14","245","30","159","37","5","4","10","George H.W. Bush Library, Bush Presidential Records, National Security Council, H-Files, NSC Meetings Files, OA/ID 90002–003, NSC0039—February 09, 1990—East Asia Strategy, National Security Review on Philippines Military Base Access [3].","https://catalog.archives.gov/id/470760941","https://catalog.archives.gov/medialz/presidential-libraries/bush/gb-nsc/H-Files/NSC_Mtgs_312293887/41-bpr-nsc-hfiles-nsc_mtgs-39_3-90002-003.pdf"
"470760942","1990-02-12","1990-02-12","Catalog coverage dates","NSC0040 - February 12, 1990 - Coordinating Committee for Multilateral Strategic Export Controls, Eastern Europe","90002-004","Strategic Trade, Technology, and Investment Controls","Volume XXX review","verified","10803517","10803517","HTTP Content-Length","Restricted - Possibly","0","0","0","4","31","100","1","28","44","0","13","14","George H.W. Bush Library, Bush Presidential Records, National Security Council, H-Files, NSC Meetings Files, OA/ID 90002–004, NSC0040—February 12, 1990—Coordinating Committee for Multilateral Strategic Export Controls, Eastern Europe.","https://catalog.archives.gov/id/470760942","https://catalog.archives.gov/medialz/presidential-libraries/bush/gb-nsc/H-Files/NSC_Mtgs_312293887/41-bpr-nsc-hfiles-nsc_mtgs-40-90002-004.pdf"
"470760943","1990-03-29","1990-03-29","Catalog coverage dates","NSC0041 - March 29, 1990 - Covert Action (File located @ LM)","90002-005","Series context and cross-volume routing","Series context","verified","994813","994813","HTTP Content-Length","Restricted - Possibly","0","0","0","0","2","3","0","1","0","0","0","2","George H.W. Bush Library, Bush Presidential Records, National Security Council, H-Files, NSC Meetings Files, OA/ID 90002–005, NSC0041—March 29, 1990—Covert Action (File located @ LM).","https://catalog.archives.gov/id/470760943","https://catalog.archives.gov/medialz/presidential-libraries/bush/gb-nsc/H-Files/NSC_Mtgs_312293887/41-bpr-nsc-hfiles-nsc_mtgs-41-90002-005.pdf"
"470760944","1990-03-29","1990-03-29","Catalog coverage dates","NSC0042 - March 29, 1990 - Fiber Optic Systems for the USSR","90002-006","Strategic Trade, Technology, and Investment Controls","Volume XXX review","verified","8142413","8142413","Catalog objectFileSize","Restricted - Possibly","0","0","0","2","27","41","0","24","3","0","5","9","George H.W. Bush Library, Bush Presidential Records, National Security Council, H-Files, NSC Meetings Files, OA/ID 90002–006, NSC0042—March 29, 1990—Fiber Optic Systems for the USSR.","https://catalog.archives.gov/id/470760944","https://catalog.archives.gov/medialz/presidential-libraries/bush/gb-nsc/H-Files/NSC_Mtgs_312293887/41-bpr-nsc-hfiles-nsc_mtgs-42-90002-006.pdf"
"470760945","1990-04-17","1990-04-17","Catalog coverage dates","NSC0043 - April 17, 1990 - Lithuania, USSR [1]","90002-007","Transition Economies and International Economic Strategy","Boundary review","verified","6514315","6514315","Catalog objectFileSize","Restricted - Possibly","3","1","0","4","3","72","35","2","14","9","8","4","George H.W. Bush Library, Bush Presidential Records, National Security Council, H-Files, NSC Meetings Files, OA/ID 90002–007, NSC0043—April 17, 1990—Lithuania, USSR [1].","https://catalog.archives.gov/id/470760945","https://catalog.archives.gov/medialz/presidential-libraries/bush/gb-nsc/H-Files/NSC_Mtgs_312293887/41-bpr-nsc-hfiles-nsc_mtgs-43_1-90002-007.pdf"
"470760946","1990-04-17","1990-04-17","Catalog coverage dates","NSC0043 - April 17, 1990 - Lithuania, USSR [2]","90002-008","Transition Economies and International Economic Strategy","Boundary review","verified","8824688","8824688","Catalog objectFileSize","Restricted - Possibly","1","1","0","0","8","191","79","9","25","23","55","0","George H.W. Bush Library, Bush Presidential Records, National Security Council, H-Files, NSC Meetings Files, OA/ID 90002–008, NSC0043—April 17, 1990—Lithuania, USSR [2].","https://catalog.archives.gov/id/470760946","https://catalog.archives.gov/medialz/presidential-libraries/bush/gb-nsc/H-Files/NSC_Mtgs_312293887/41-bpr-nsc-hfiles-nsc_mtgs-43_2-90002-008.pdf"
"470760947","1990-04-23","1990-04-23","Catalog coverage dates","NSC0043a - April 23, 1990 - Lithuania, USSR, Sanctions","90002-009","Transition Economies and International Economic Strategy","Boundary review","verified","2982387","2982387","Catalog objectFileSize","Restricted - Possibly","4","1","0","0","1","52","17","3","14","10","7","1","George H.W. Bush Library, Bush Presidential Records, National Security Council, H-Files, NSC Meetings Files, OA/ID 90002–009, NSC0043a—April 23, 1990—Lithuania, USSR, Sanctions.","https://catalog.archives.gov/id/470760947","https://catalog.archives.gov/medialz/presidential-libraries/bush/gb-nsc/H-Files/NSC_Mtgs_312293887/41-bpr-nsc-hfiles-nsc_mtgs-43a-90002-009.pdf"
"470760948","1990-04-30","1990-04-30","Catalog coverage dates","NSC0044 - April 30, 1990 - Cape York, Coordinating Committee for Multilateral Strategic Export Controls","90002-010","Strategic Trade, Technology, and Investment Controls","Volume XXX review","verified","9555727","9555727","Catalog objectFileSize","Restricted - Possibly","0","0","0","4","34","99","3","30","49","0","9","8","George H.W. Bush Library, Bush Presidential Records, National Security Council, H-Files, NSC Meetings Files, OA/ID 90002–010, NSC0044—April 30, 1990—Cape York, Coordinating Committee for Multilateral Strategic Export Controls.","https://catalog.archives.gov/id/470760948","https://catalog.archives.gov/medialz/presidential-libraries/bush/gb-nsc/H-Files/NSC_Mtgs_312293887/41-bpr-nsc-hfiles-nsc_mtgs-44-90002-010.pdf"
"470760949","1990-04-30","1990-04-30","Catalog coverage dates","NSC0045 - April 30, 1990 - Coordinating Committee for Multilateral Strategic Export Controls","90002-011","Strategic Trade, Technology, and Investment Controls","Volume XXX review","verified","11615795","11615795","HTTP Content-Length","Restricted - Possibly","0","0","0","0","23","97","2","20","49","0","14","12","George H.W. Bush Library, Bush Presidential Records, National Security Council, H-Files, NSC Meetings Files, OA/ID 90002–011, NSC0045—April 30, 1990—Coordinating Committee for Multilateral Strategic Export Controls.","https://catalog.archives.gov/id/470760949","https://catalog.archives.gov/medialz/presidential-libraries/bush/gb-nsc/H-Files/NSC_Mtgs_312293887/41-bpr-nsc-hfiles-nsc_mtgs-45-90002-011.pdf"
"470760950","1990-05-10","1990-05-10","Catalog coverage dates","NSC0046 - May 10, 1990 - Angola, Cambodia, Jordan","90002-012","Series context and cross-volume routing","Series context","verified","4129511","4129511","HTTP Content-Length","Restricted - Possibly","0","0","0","0","5","7","0","4","0","0","0","3","George H.W. Bush Library, Bush Presidential Records, National Security Council, H-Files, NSC Meetings Files, OA/ID 90002–012, NSC0046—May 10, 1990—Angola, Cambodia, Jordan.","https://catalog.archives.gov/id/470760950","https://catalog.archives.gov/medialz/presidential-libraries/bush/gb-nsc/H-Files/NSC_Mtgs_312293887/41-bpr-nsc-hfiles-nsc_mtgs-46-90002-012.pdf"
"470760951","1990-07-16","1990-07-16","Catalog coverage dates","NSC0047 - July 16, 1990 - Nuclear Matters","90002-013","Series context and cross-volume routing","Series context","verified","3100120","3100120","HTTP Content-Length","Restricted - Possibly","0","0","0","2","27","37","0","24","0","0","7","6","George H.W. Bush Library, Bush Presidential Records, National Security Council, H-Files, NSC Meetings Files, OA/ID 90002–013, NSC0047—July 16, 1990—Nuclear Matters.","https://catalog.archives.gov/id/470760951","https://catalog.archives.gov/medialz/presidential-libraries/bush/gb-nsc/H-Files/NSC_Mtgs_312293887/41-bpr-nsc-hfiles-nsc_mtgs-47-90002-013.pdf"
"470760952","1990-07-25","1990-07-25","Catalog coverage dates","NSC0048 - July 25, 1990 - Cape York, Space Policy, USSR","90002-014","Strategic Trade, Technology, and Investment Controls","Boundary review","verified","15485332","15485332","HTTP Content-Length","Restricted - Possibly","0","1","0","2","17","59","0","15","7","0","19","18","George H.W. Bush Library, Bush Presidential Records, National Security Council, H-Files, NSC Meetings Files, OA/ID 90002–014, NSC0048—July 25, 1990—Cape York, Space Policy, USSR.","https://catalog.archives.gov/id/470760952","https://catalog.archives.gov/medialz/presidential-libraries/bush/gb-nsc/H-Files/NSC_Mtgs_312293887/41-bpr-nsc-hfiles-nsc_mtgs-48-90002-014.pdf"
"470760953","1990-08-02","1990-08-02","Catalog coverage dates","NSC0049 - August 02, 1990 - Persian Gulf Crisis, Iraq, Kuwait","90002-015","Monetary Policy, Debt, and International Institutions","Boundary review","verified","2249050","2249050","Catalog objectFileSize","Restricted - Possibly","0","0","0","0","6","21","4","5","0","0","3","9","George H.W. Bush Library, Bush Presidential Records, National Security Council, H-Files, NSC Meetings Files, OA/ID 90002–015, NSC0049—August 02, 1990—Persian Gulf Crisis, Iraq, Kuwait.","https://catalog.archives.gov/id/470760953","https://catalog.archives.gov/medialz/presidential-libraries/bush/gb-nsc/H-Files/NSC_Mtgs_312293887/41-bpr-nsc-hfiles-nsc_mtgs-49-90002-015.pdf"
"470760954","1990-08-03","1990-08-03","Catalog coverage dates","NSC0049a - August 03, 1990 - Persian Gulf Crisis, Iraq, Kuwait","90002-016","Monetary Policy, Debt, and International Institutions","Boundary review","verified","4661694","4661694","Catalog objectFileSize","Restricted - Possibly","2","3","0","0","16","38","5","14","1","2","7","9","George H.W. Bush Library, Bush Presidential Records, National Security Council, H-Files, NSC Meetings Files, OA/ID 90002–016, NSC0049a—August 03, 1990—Persian Gulf Crisis, Iraq, Kuwait.","https://catalog.archives.gov/id/470760954","https://catalog.archives.gov/medialz/presidential-libraries/bush/gb-nsc/H-Files/NSC_Mtgs_312293887/41-bpr-nsc-hfiles-nsc_mtgs-49a-90002-016.pdf"
"470760955","1990-08-04","1990-08-04","Catalog coverage dates","NSC0050 - August 04, 1990 - Iraqi Invasion of Kuwait, Persian Gulf","90002-017","Monetary Policy, Debt, and International Institutions","Boundary review","verified","2625163","2625163","Catalog objectFileSize","Restricted - Possibly","0","0","0","3","2","13","4","1","1","3","2","2","George H.W. Bush Library, Bush Presidential Records, National Security Council, H-Files, NSC Meetings Files, OA/ID 90002–017, NSC0050—August 04, 1990—Iraqi Invasion of Kuwait, Persian Gulf.","https://catalog.archives.gov/id/470760955","https://catalog.archives.gov/medialz/presidential-libraries/bush/gb-nsc/H-Files/NSC_Mtgs_312293887/41-bpr-nsc-hfiles-nsc_mtgs-50-90002-017.pdf"
"470760956","1990-08-05","1990-08-05","Catalog coverage dates","NSC0051 - August 05, 1990 - Iraqi Invasion of Kuwait, Persian Gulf","90002-018","Series context and cross-volume routing","Series context","verified","1799624","1799624","Catalog objectFileSize","Restricted - Possibly","0","0","0","2","4","6","0","3","0","0","0","3","George H.W. Bush Library, Bush Presidential Records, National Security Council, H-Files, NSC Meetings Files, OA/ID 90002–018, NSC0051—August 05, 1990—Iraqi Invasion of Kuwait, Persian Gulf.","https://catalog.archives.gov/id/470760956","https://catalog.archives.gov/medialz/presidential-libraries/bush/gb-nsc/H-Files/NSC_Mtgs_312293887/41-bpr-nsc-hfiles-nsc_mtgs-51-90002-018.pdf"
"470760957","1990-08-06","1990-08-06","Catalog coverage dates","NSC0052 - August 06, 1990 - Iraqi Invasion of Kuwait, Persian Gulf","90002-019","Monetary Policy, Debt, and International Institutions","Boundary review","verified","4579797","4579797","Catalog objectFileSize","Restricted - Possibly","0","1","0","2","1","62","13","2","6","4","22","15","George H.W. Bush Library, Bush Presidential Records, National Security Council, H-Files, NSC Meetings Files, OA/ID 90002–019, NSC0052—August 06, 1990—Iraqi Invasion of Kuwait, Persian Gulf.","https://catalog.archives.gov/id/470760957","https://catalog.archives.gov/medialz/presidential-libraries/bush/gb-nsc/H-Files/NSC_Mtgs_312293887/41-bpr-nsc-hfiles-nsc_mtgs-52-90002-019.pdf"
"470760958","1990-08-15","1990-08-15","Catalog coverage dates","NSC0053 - August 15, 1990 - Iraqi Invasion of Kuwait, Persian Gulf","90002-020","Series context and cross-volume routing","Series context","verified","3025511","3025511","HTTP Content-Length","Restricted - Possibly","0","1","0","0","3","4","0","2","0","0","0","2","George H.W. Bush Library, Bush Presidential Records, National Security Council, H-Files, NSC Meetings Files, OA/ID 90002–020, NSC0053—August 15, 1990—Iraqi Invasion of Kuwait, Persian Gulf.","https://catalog.archives.gov/id/470760958","https://catalog.archives.gov/medialz/presidential-libraries/bush/gb-nsc/H-Files/NSC_Mtgs_312293887/41-bpr-nsc-hfiles-nsc_mtgs-53-90002-020.pdf"
"470760959","1990-08-29","1990-08-29","Catalog coverage dates","NSC0054 - August 29, 1990 - Persian Gulf Crisis, Economic Action Plan, Iraq [1]","90002-021","Monetary Policy, Debt, and International Institutions","Boundary review","verified","11045436","11045436","HTTP Content-Length","Restricted - Possibly","0","0","0","5","10","324","60","110","22","22","73","37","George H.W. Bush Library, Bush Presidential Records, National Security Council, H-Files, NSC Meetings Files, OA/ID 90002–021, NSC0054—August 29, 1990—Persian Gulf Crisis, Economic Action Plan, Iraq [1].","https://catalog.archives.gov/id/470760959","https://catalog.archives.gov/medialz/presidential-libraries/bush/gb-nsc/H-Files/NSC_Mtgs_312293887/41-bpr-nsc-hfiles-nsc_mtgs-54_1-90002-021.pdf"
"470760960","1990-08-29","1990-08-29","Catalog coverage dates","NSC0054 - August 29, 1990 - Persian Gulf Crisis, Economic Action Plan, Iraq [2]","90002-022","Monetary Policy, Debt, and International Institutions","Boundary review","verified","5660603","5660603","Catalog objectFileSize","Restricted - Possibly","3","1","0","0","1","215","47","71","24","25","37","11","George H.W. Bush Library, Bush Presidential Records, National Security Council, H-Files, NSC Meetings Files, OA/ID 90002–022, NSC0054—August 29, 1990—Persian Gulf Crisis, Economic Action Plan, Iraq [2].","https://catalog.archives.gov/id/470760960","https://catalog.archives.gov/medialz/presidential-libraries/bush/gb-nsc/H-Files/NSC_Mtgs_312293887/41-bpr-nsc-hfiles-nsc_mtgs-54_2-90002-022.pdf"
"470760961","1990-09-20","1990-09-20","Catalog coverage dates","NSC0055 - September 20, 1990 - Oil Supply, Energy, Persian Gulf [1]","90002-023","Monetary Policy, Debt, and International Institutions","Boundary review","verified","10102080","10102080","HTTP Content-Length","Restricted - Possibly","0","1","0","0","10","107","9","8","0","0","83","7","George H.W. Bush Library, Bush Presidential Records, National Security Council, H-Files, NSC Meetings Files, OA/ID 90002–023, NSC0055—September 20, 1990—Oil Supply, Energy, Persian Gulf [1].","https://catalog.archives.gov/id/470760961","https://catalog.archives.gov/medialz/presidential-libraries/bush/gb-nsc/H-Files/NSC_Mtgs_312293887/41-bpr-nsc-hfiles-nsc_mtgs-55_1-90002-023.pdf"
"470760962","1990-09-20","1990-09-20","Catalog coverage dates","NSC0055 - September 20, 1990 - Oil Supply, Energy, Persian Gulf [2]","90002-024","Monetary Policy, Debt, and International Institutions","Boundary review","verified","9358186","9358186","Catalog objectFileSize","Restricted - Possibly","7","3","0","0","11","283","6","9","0","0","264","4","George H.W. Bush Library, Bush Presidential Records, National Security Council, H-Files, NSC Meetings Files, OA/ID 90002–024, NSC0055—September 20, 1990—Oil Supply, Energy, Persian Gulf [2].","https://catalog.archives.gov/id/470760962","https://catalog.archives.gov/medialz/presidential-libraries/bush/gb-nsc/H-Files/NSC_Mtgs_312293887/41-bpr-nsc-hfiles-nsc_mtgs-55_2-90002-024.pdf"
"470760963","1990-10-09","1990-10-09","Catalog coverage dates","NSC0056 - October 09, 1990 - Nuclear Matters, Middle East and Gulf, Proliferation [1]","90002-025","Series context and cross-volume routing","Series context","verified","10442884","10442884","HTTP Content-Length","Restricted - Possibly","2","2","0","0","6","23","8","5","0","7","1","2","George H.W. Bush Library, Bush Presidential Records, National Security Council, H-Files, NSC Meetings Files, OA/ID 90002–025, NSC0056—October 09, 1990—Nuclear Matters, Middle East and Gulf, Proliferation [1].","https://catalog.archives.gov/id/470760963","https://catalog.archives.gov/medialz/presidential-libraries/bush/gb-nsc/H-Files/NSC_Mtgs_312293887/41-bpr-nsc-hfiles-nsc_mtgs-56_1-90002-025.pdf"
"470760964","1990-10-09","1990-10-09","Catalog coverage dates","NSC0056 - October 09, 1990 - Nuclear Matters, Middle East and Gulf, Proliferation [2]","90002-026","Series context and cross-volume routing","Series context","verified","5411298","5411298","Catalog objectFileSize","Restricted - Possibly","0","1","0","3","15","47","0","13","0","1","14","19","George H.W. Bush Library, Bush Presidential Records, National Security Council, H-Files, NSC Meetings Files, OA/ID 90002–026, NSC0056—October 09, 1990—Nuclear Matters, Middle East and Gulf, Proliferation [2].","https://catalog.archives.gov/id/470760964","https://catalog.archives.gov/medialz/presidential-libraries/bush/gb-nsc/H-Files/NSC_Mtgs_312293887/41-bpr-nsc-hfiles-nsc_mtgs-56_2-90002-026.pdf"
"470760965","1990-12-17","1990-12-17","Catalog coverage dates","NSC0057 - December 17, 1990 - Annual Review of Covert Action Programs (File located @ LM)","90002-027","Series context and cross-volume routing","Series context","verified","966539","966539","HTTP Content-Length","Restricted - Possibly","0","0","0","0","1","0","0","0","0","0","0","0","George H.W. Bush Library, Bush Presidential Records, National Security Council, H-Files, NSC Meetings Files, OA/ID 90002–027, NSC0057—December 17, 1990—Annual Review of Covert Action Programs (File located @ LM).","https://catalog.archives.gov/id/470760965","https://catalog.archives.gov/medialz/presidential-libraries/bush/gb-nsc/H-Files/NSC_Mtgs_312293887/41-bpr-nsc-hfiles-nsc_mtgs-57-90002-027.pdf"
"470760966","1991-06-06","1991-06-06","Catalog coverage dates","NSC0058 - June 06, 1991 - Strategic Arms Reduction Talks","90002-028","Series context and cross-volume routing","Series context","verified","8220753","8220753","HTTP Content-Length","Restricted - Possibly","0","1","0","0","19","25","0","17","0","0","1","7","George H.W. Bush Library, Bush Presidential Records, National Security Council, H-Files, NSC Meetings Files, OA/ID 90002–028, NSC0058—June 06, 1991—Strategic Arms Reduction Talks.","https://catalog.archives.gov/id/470760966","https://catalog.archives.gov/medialz/presidential-libraries/bush/gb-nsc/H-Files/NSC_Mtgs_312293887/41-bpr-nsc-hfiles-nsc_mtgs-58-90002-028.pdf"
"470760967","1991-10-18","1991-10-18","Catalog coverage dates","NSC0059 - October 18, 1991 - Pan Am 103, Terrorism","90002-029","Strategic Trade, Technology, and Investment Controls","Boundary review","verified","5398987","5398987","Catalog objectFileSize","Restricted - Possibly","4","1","0","2","29","136","26","35","12","41","17","5","George H.W. Bush Library, Bush Presidential Records, National Security Council, H-Files, NSC Meetings Files, OA/ID 90002–029, NSC0059—October 18, 1991—Pan Am 103, Terrorism.","https://catalog.archives.gov/id/470760967","https://catalog.archives.gov/medialz/presidential-libraries/bush/gb-nsc/H-Files/NSC_Mtgs_312293887/41-bpr-nsc-hfiles-nsc_mtgs-59-90002-029.pdf"
"470760968","1991-11-19","1991-11-19","Catalog coverage dates","NSC0060 - November 19, 1991 - Pan Am 103, Terrorism, Libya, Great Britain","90002-030","Series context and cross-volume routing","Series context","verified","6803053","6803053","HTTP Content-Length","Restricted - Possibly","0","0","0","0","23","44","0","20","0","8","0","16","George H.W. Bush Library, Bush Presidential Records, National Security Council, H-Files, NSC Meetings Files, OA/ID 90002–030, NSC0060—November 19, 1991—Pan Am 103, Terrorism, Libya, Great Britain.","https://catalog.archives.gov/id/470760968","https://catalog.archives.gov/medialz/presidential-libraries/bush/gb-nsc/H-Files/NSC_Mtgs_312293887/41-bpr-nsc-hfiles-nsc_mtgs-60-90002-030.pdf"
"470760969","1991-12-20","1991-12-20","Catalog coverage dates","NSC0061 - December 20, 1991 - Covert Action Programs, Intelligence","90002-031","Series context and cross-volume routing","Series context","verified","3082516","3082516","HTTP Content-Length","Restricted - Possibly","0","3","0","0","1","3","0","0","0","0","0","3","George H.W. Bush Library, Bush Presidential Records, National Security Council, H-Files, NSC Meetings Files, OA/ID 90002–031, NSC0061—December 20, 1991—Covert Action Programs, Intelligence.","https://catalog.archives.gov/id/470760969","https://catalog.archives.gov/medialz/presidential-libraries/bush/gb-nsc/H-Files/NSC_Mtgs_312293887/41-bpr-nsc-hfiles-nsc_mtgs-61-90002-031.pdf"
"470760970","1992-03-25","1992-03-25","Catalog coverage dates","NSC0062 - March 25, 1992 - Intelligence Capabilities/1992-2005","90002-032","Series context and cross-volume routing","Series context","verified","6367818","6367818","HTTP Content-Length","Restricted - Possibly","0","0","0","2","32","39","0","29","0","0","0","10","George H.W. Bush Library, Bush Presidential Records, National Security Council, H-Files, NSC Meetings Files, OA/ID 90002–032, NSC0062—March 25, 1992—Intelligence Capabilities/1992-2005.","https://catalog.archives.gov/id/470760970","https://catalog.archives.gov/medialz/presidential-libraries/bush/gb-nsc/H-Files/NSC_Mtgs_312293887/41-bpr-nsc-hfiles-nsc_mtgs-62-90002-032.pdf"
"470760971","1992-05-28","1992-05-28","Catalog coverage dates","NSC0063 - May 28, 1992 - Haiti","90002-033","Strategic Trade, Technology, and Investment Controls","Boundary review","verified","8570418","8570418","Catalog objectFileSize","Restricted - Possibly","3","2","0","17","23","23","0","21","0","0","2","0","George H.W. Bush Library, Bush Presidential Records, National Security Council, H-Files, NSC Meetings Files, OA/ID 90002–033, NSC0063—May 28, 1992—Haiti.","https://catalog.archives.gov/id/470760971","https://catalog.archives.gov/medialz/presidential-libraries/bush/gb-nsc/H-Files/NSC_Mtgs_312293887/41-bpr-nsc-hfiles-nsc_mtgs-63-90002-033.pdf"
"470760972","1992-06-10","1992-06-10","Catalog coverage dates","NSC0064 - June 10, 1992 - Nuclear Testing","90002-034","Series context and cross-volume routing","Series context","verified","7730295","7730295","HTTP Content-Length","Restricted - Possibly","0","0","0","4","32","35","0","28","0","0","7","0","George H.W. Bush Library, Bush Presidential Records, National Security Council, H-Files, NSC Meetings Files, OA/ID 90002–034, NSC0064—June 10, 1992—Nuclear Testing.","https://catalog.archives.gov/id/470760972","https://catalog.archives.gov/medialz/presidential-libraries/bush/gb-nsc/H-Files/NSC_Mtgs_312293887/41-bpr-nsc-hfiles-nsc_mtgs-64-90002-034.pdf"
"470760973","1992-12-03","1992-12-03","Catalog coverage dates","NSC0065 - December 03, 1992 - Somalia","90002-035","Series context and cross-volume routing","Series context","verified","1741753","1741753","Catalog objectFileSize","Restricted - Possibly","0","0","0","1","1","1","0","1","0","0","0","0","George H.W. Bush Library, Bush Presidential Records, National Security Council, H-Files, NSC Meetings Files, OA/ID 90002–035, NSC0065—December 03, 1992—Somalia.","https://catalog.archives.gov/id/470760973","https://catalog.archives.gov/medialz/presidential-libraries/bush/gb-nsc/H-Files/NSC_Mtgs_312293887/41-bpr-nsc-hfiles-nsc_mtgs-65-90002-035.pdf"
"470760974","1992-12-23","1992-12-23","Catalog coverage dates","NSC0066 - December 23, 1992 - Covert Action","90002-036","Series context and cross-volume routing","Series context","verified","1199826","1199826","HTTP Content-Length","Restricted - Possibly","0","0","0","2","10","9","0","9","0","0","0","0","George H.W. Bush Library, Bush Presidential Records, National Security Council, H-Files, NSC Meetings Files, OA/ID 90002–036, NSC0066—December 23, 1992—Covert Action.","https://catalog.archives.gov/id/470760974","https://catalog.archives.gov/medialz/presidential-libraries/bush/gb-nsc/H-Files/NSC_Mtgs_312293887/41-bpr-nsc-hfiles-nsc_mtgs-66-90002-036.pdf"
