"naid","workingStartDate","workingEndDate","dateBasis","title","localId","chapter","routing","markerStatus","hasOnlinePdf","pdfBytes","catalogPdfBytes","pdfByteBasis","accessStatus","memosToPresident","memosToScowcroft","memorandaOfConversation","meetingRecords","withdrawalSheets","economicSignalTotal","economySignals","financeSignals","tradeSignals","assistanceSanctionsSignals","energySignals","agricultureSignals","treasurySignals","archivalLocator","catalogUrl","pdfUrl"
"470761465","1990-02-27","1990-02-27","Catalog coverage dates","DC-[…] 2/27/90","90043-001","Series context and cross-volume routing","Series context","verified","true","4169739","4169739","HTTP Content-Length","Restricted - Possibly","0","0","0","0","6","8","0","5","0","0","0","0","3","George H.W. Bush Library, Bush Presidential Records, National Security Council, H-Files, NSC/DC Meetings Follow-up Files, OA/ID 90043–001, DC-[…] 2/27/90.","https://catalog.archives.gov/id/470761465","https://catalog.archives.gov/medialz/presidential-libraries/bush/gb-nsc/H-Files/NSC-DC_Mtgs_Foll-up_312294094/41-bpr-nsc-hfiles-dc_mtgs_foll_up-90043-001.pdf"
"470761466","1990-03-23","1990-03-23","Catalog coverage dates","DC-Lithuania, Situation Room 3/23/90 5:00 pm","90043-002","Series context and cross-volume routing","Series context","verified","true","980840","980840","HTTP Content-Length","Restricted - Possibly","0","0","0","0","5","5","0","4","0","0","0","0","1","George H.W. Bush Library, Bush Presidential Records, National Security Council, H-Files, NSC/DC Meetings Follow-up Files, OA/ID 90043–002, DC-Lithuania, Situation Room 3/23/90 5:00 pm.","https://catalog.archives.gov/id/470761466","https://catalog.archives.gov/medialz/presidential-libraries/bush/gb-nsc/H-Files/NSC-DC_Mtgs_Foll-up_312294094/41-bpr-nsc-hfiles-dc_mtgs_foll_up-90043-002.pdf"
"470761467","1990-03-28","1990-03-28","Catalog coverage dates","DC-SVTS-Lithuania 3/28/90 9:30 am","90043-003","Series context and cross-volume routing","Series context","verified","true","537624","537624","HTTP Content-Length","Restricted - Possibly","0","0","0","0","3","3","0","2","0","0","0","0","1","George H.W. Bush Library, Bush Presidential Records, National Security Council, H-Files, NSC/DC Meetings Follow-up Files, OA/ID 90043–003, DC-SVTS-Lithuania 3/28/90 9:30 am.","https://catalog.archives.gov/id/470761467","https://catalog.archives.gov/medialz/presidential-libraries/bush/gb-nsc/H-Files/NSC-DC_Mtgs_Foll-up_312294094/41-bpr-nsc-hfiles-dc_mtgs_foll_up-90043-003.pdf"
"470761468","1990-04-16","1990-04-16","Catalog coverage dates","DC-(SVTS) Lithuania 4/16/90 2:30 pm","90043-004","Series context and cross-volume routing","Series context","verified","true","452804","452804","HTTP Content-Length","Restricted - Possibly","0","0","0","0","2","1","0","1","0","0","0","0","0","George H.W. Bush Library, Bush Presidential Records, National Security Council, H-Files, NSC/DC Meetings Follow-up Files, OA/ID 90043–004, DC-(SVTS) Lithuania 4/16/90 2:30 pm.","https://catalog.archives.gov/id/470761468","https://catalog.archives.gov/medialz/presidential-libraries/bush/gb-nsc/H-Files/NSC-DC_Mtgs_Foll-up_312294094/41-bpr-nsc-hfiles-dc_mtgs_foll_up-90043-004.pdf"
"470761469","1990-04-17","1990-04-17","Catalog coverage dates","DC-Lithuania, Situation Room 4/17/90 9:30 am","90043-005","Series context and cross-volume routing","Series context","verified","true","547617","547617","Catalog objectFileSize","Restricted - Possibly","0","0","0","0","3","3","0","2","0","0","0","0","1","George H.W. Bush Library, Bush Presidential Records, National Security Council, H-Files, NSC/DC Meetings Follow-up Files, OA/ID 90043–005, DC-Lithuania, Situation Room 4/17/90 9:30 am.","https://catalog.archives.gov/id/470761469","https://catalog.archives.gov/medialz/presidential-libraries/bush/gb-nsc/H-Files/NSC-DC_Mtgs_Foll-up_312294094/41-bpr-nsc-hfiles-dc_mtgs_foll_up-90043-005.pdf"
"470761470","1990-04-18","1990-04-18","Catalog coverage dates","DC-Special Access, Situation Room 4/18/90 4:15 pm","90043-006","Series context and cross-volume routing","Series context","verified","true","656744","656744","HTTP Content-Length","Restricted - Possibly","0","0","0","0","3","2","0","2","0","0","0","0","0","George H.W. Bush Library, Bush Presidential Records, National Security Council, H-Files, NSC/DC Meetings Follow-up Files, OA/ID 90043–006, DC-Special Access, Situation Room 4/18/90 4:15 pm.","https://catalog.archives.gov/id/470761470","https://catalog.archives.gov/medialz/presidential-libraries/bush/gb-nsc/H-Files/NSC-DC_Mtgs_Foll-up_312294094/41-bpr-nsc-hfiles-dc_mtgs_foll_up-90043-006.pdf"
"470761471","1990-04-21","1990-04-21","Catalog coverage dates","DC-SVTS-Lithuania 4/21/90 10:30 am","90043-007","Series context and cross-volume routing","Series context","verified","true","1031008","1031008","HTTP Content-Length","Restricted - Possibly","0","0","0","0","3","3","0","2","0","0","0","0","1","George H.W. Bush Library, Bush Presidential Records, National Security Council, H-Files, NSC/DC Meetings Follow-up Files, OA/ID 90043–007, DC-SVTS-Lithuania 4/21/90 10:30 am.","https://catalog.archives.gov/id/470761471","https://catalog.archives.gov/medialz/presidential-libraries/bush/gb-nsc/H-Files/NSC-DC_Mtgs_Foll-up_312294094/41-bpr-nsc-hfiles-dc_mtgs_foll_up-90043-007.pdf"
"470761472","1990-04-23","1990-04-23","Catalog coverage dates","NSC-Lithuania, Cabinet Room 4/23/90 6:00 pm","90043-008","Series context and cross-volume routing","Series context","verified","true","709011","709011","HTTP Content-Length","Restricted - Possibly","0","0","0","0","5","17","0","4","2","0","0","3","8","George H.W. Bush Library, Bush Presidential Records, National Security Council, H-Files, NSC/DC Meetings Follow-up Files, OA/ID 90043–008, NSC-Lithuania, Cabinet Room 4/23/90 6:00 pm.","https://catalog.archives.gov/id/470761472","https://catalog.archives.gov/medialz/presidential-libraries/bush/gb-nsc/H-Files/NSC-DC_Mtgs_Foll-up_312294094/41-bpr-nsc-hfiles-dc_mtgs_foll_up-90043-008.pdf"
"470761473","1990-10-09","1990-10-09","Catalog coverage dates","DC-SVTS Meeting, 10/9/90","90043-009","Series context and cross-volume routing","Series context","verified","true","454172","454172","HTTP Content-Length","Restricted - Possibly","0","0","0","0","2","1","0","1","0","0","0","0","0","George H.W. Bush Library, Bush Presidential Records, National Security Council, H-Files, NSC/DC Meetings Follow-up Files, OA/ID 90043–009, DC-SVTS Meeting, 10/9/90.","https://catalog.archives.gov/id/470761473","https://catalog.archives.gov/medialz/presidential-libraries/bush/gb-nsc/H-Files/NSC-DC_Mtgs_Foll-up_312294094/41-bpr-nsc-hfiles-dc_mtgs_foll_up-90043-009.pdf"
"470761474","1990-11-26","1990-11-26","Catalog coverage dates","DC-Intelligence Auhorization Bill, Situation Room 11/26/90 1:00 pm","90043-010","Series context and cross-volume routing","Series context","verified","true","462224","462224","HTTP Content-Length","Restricted - Possibly","0","0","0","0","2","1","0","1","0","0","0","0","0","George H.W. Bush Library, Bush Presidential Records, National Security Council, H-Files, NSC/DC Meetings Follow-up Files, OA/ID 90043–010, DC-Intelligence Auhorization Bill, Situation Room 11/26/90 1:00 pm.","https://catalog.archives.gov/id/470761474","https://catalog.archives.gov/medialz/presidential-libraries/bush/gb-nsc/H-Files/NSC-DC_Mtgs_Foll-up_312294094/41-bpr-nsc-hfiles-dc_mtgs_foll_up-90043-010.pdf"
"470761475","1990-12-07","1990-12-07","Catalog coverage dates","DC-Intelligence Auhorization Bill, Situation Room 12/7/90 1:00 pm","90043-011","Series context and cross-volume routing","Series context","verified","true","765827","765827","Catalog objectFileSize","Restricted - Possibly","0","0","0","0","2","1","0","1","0","0","0","0","0","George H.W. Bush Library, Bush Presidential Records, National Security Council, H-Files, NSC/DC Meetings Follow-up Files, OA/ID 90043–011, DC-Intelligence Auhorization Bill, Situation Room 12/7/90 1:00 pm.","https://catalog.archives.gov/id/470761475","https://catalog.archives.gov/medialz/presidential-libraries/bush/gb-nsc/H-Files/NSC-DC_Mtgs_Foll-up_312294094/41-bpr-nsc-hfiles-dc_mtgs_foll_up-90043-011.pdf"
"470761476","1991-03-06","1991-03-06","Catalog coverage dates","DC-Soviet BW, Situation Room 3/6/91 1:00 pm","90043-012","Series context and cross-volume routing","Series context","verified","true","467158","467158","HTTP Content-Length","Restricted - Possibly","0","0","0","0","2","1","0","1","0","0","0","0","0","George H.W. Bush Library, Bush Presidential Records, National Security Council, H-Files, NSC/DC Meetings Follow-up Files, OA/ID 90043–012, DC-Soviet BW, Situation Room 3/6/91 1:00 pm.","https://catalog.archives.gov/id/470761476","https://catalog.archives.gov/medialz/presidential-libraries/bush/gb-nsc/H-Files/NSC-DC_Mtgs_Foll-up_312294094/41-bpr-nsc-hfiles-dc_mtgs_foll_up-90043-012.pdf"
"470761490","1991-03-25","1991-03-25","Catalog coverage dates","DC-Converntional Arms 3/25/91 2:00 PM","90043-026","Series context and cross-volume routing","Series context","verified","true","552599","552599","HTTP Content-Length","Restricted - Possibly","0","0","0","0","3","2","0","2","0","0","0","0","0","George H.W. Bush Library, Bush Presidential Records, National Security Council, H-Files, NSC/DC Meetings Follow-up Files, OA/ID 90043–026, DC-Converntional Arms 3/25/91 2:00 PM.","https://catalog.archives.gov/id/470761490","https://catalog.archives.gov/medialz/presidential-libraries/bush/gb-nsc/H-Files/NSC-DC_Mtgs_Foll-up_312294094/41-bpr-nsc-hfiles-dc_mtgs_foll_up-90043-026.pdf"
"470761477","1991-04-18","1991-04-18","Catalog coverage dates","DC-(SVTS) Iraq 4/18/91 9:30 AM","90043-013","Series context and cross-volume routing","Series context","verified","true","472799","472799","Catalog objectFileSize","Restricted - Possibly","0","0","0","0","2","2","0","1","0","0","0","0","1","George H.W. Bush Library, Bush Presidential Records, National Security Council, H-Files, NSC/DC Meetings Follow-up Files, OA/ID 90043–013, DC-(SVTS) Iraq 4/18/91 9:30 AM.","https://catalog.archives.gov/id/470761477","https://catalog.archives.gov/medialz/presidential-libraries/bush/gb-nsc/H-Files/NSC-DC_Mtgs_Foll-up_312294094/41-bpr-nsc-hfiles-dc_mtgs_foll_up-90043-013.pdf"
"470761478","1991-04-30","1991-04-30","Catalog coverage dates","NSC Meeting 4/30/91 1:30 PM","90043-014","Series context and cross-volume routing","Series context","verified","true","1170334","1170334","HTTP Content-Length","Restricted - Possibly","0","2","0","0","3","7","0","2","0","0","0","0","5","George H.W. Bush Library, Bush Presidential Records, National Security Council, H-Files, NSC/DC Meetings Follow-up Files, OA/ID 90043–014, NSC Meeting 4/30/91 1:30 PM.","https://catalog.archives.gov/id/470761478","https://catalog.archives.gov/medialz/presidential-libraries/bush/gb-nsc/H-Files/NSC-DC_Mtgs_Foll-up_312294094/41-bpr-nsc-hfiles-dc_mtgs_foll_up-90043-014.pdf"
"470761479","1991-06-04","1991-06-04","Catalog coverage dates","4:00-5:00 - Tuesday, 4 June 1991 Deputy Committee Meeting-Situation Room (Persian Gulf); 5:00-6:00-Kimmitt, Kerr, et.al.-Situation Room","90043-015","Series context and cross-volume routing","Series context","verified","true","410006","410006","HTTP Content-Length","Restricted - Possibly","0","0","0","0","0","1","0","0","0","0","0","0","1","George H.W. Bush Library, Bush Presidential Records, National Security Council, H-Files, NSC/DC Meetings Follow-up Files, OA/ID 90043–015, 4:00-5:00—Tuesday, 4 June 1991 Deputy Committee Meeting-Situation Room (Persian Gulf); 5:00-6:00-Kimmitt, Kerr, et.al.-Situation Room.","https://catalog.archives.gov/id/470761479","https://catalog.archives.gov/medialz/presidential-libraries/bush/gb-nsc/H-Files/NSC-DC_Mtgs_Foll-up_312294094/41-bpr-nsc-hfiles-dc_mtgs_foll_up-90043-015.pdf"
"470761480","1991-07-05","1991-07-05","Catalog coverage dates","NSC-Meeting Proliferation July 5, 1991 10:30 am","90043-016","Series context and cross-volume routing","Series context","verified","true","980046","980046","HTTP Content-Length","Restricted - Possibly","0","0","0","0","4","3","0","3","0","0","0","0","0","George H.W. Bush Library, Bush Presidential Records, National Security Council, H-Files, NSC/DC Meetings Follow-up Files, OA/ID 90043–016, NSC-Meeting Proliferation July 5, 1991 10:30 am.","https://catalog.archives.gov/id/470761480","https://catalog.archives.gov/medialz/presidential-libraries/bush/gb-nsc/H-Files/NSC-DC_Mtgs_Foll-up_312294094/41-bpr-nsc-hfiles-dc_mtgs_foll_up-90043-016.pdf"
"470761481","1991-08-19","1991-08-19","Catalog coverage dates","DC-Soviet Union 8/19/91 5:00 PM [Empty]","90043-017","Series context and cross-volume routing","Series context","verified","true","385568","385568","HTTP Content-Length","Restricted - Possibly","0","0","0","0","0","0","0","0","0","0","0","0","0","George H.W. Bush Library, Bush Presidential Records, National Security Council, H-Files, NSC/DC Meetings Follow-up Files, OA/ID 90043–017, DC-Soviet Union 8/19/91 5:00 PM [Empty].","https://catalog.archives.gov/id/470761481","https://catalog.archives.gov/medialz/presidential-libraries/bush/gb-nsc/H-Files/NSC-DC_Mtgs_Foll-up_312294094/41-bpr-nsc-hfiles-dc_mtgs_foll_up-90043-017.pdf"
"470761482","1991-08-21","1991-08-21","Catalog coverage dates","10:00-11:00-Wednesday, 21 August 1991 Deputy Committee Meeting-Situation Room (USSR)","90043-018","Series context and cross-volume routing","Series context","verified","true","392693","392693","HTTP Content-Length","Restricted - Possibly","0","0","0","0","0","1","0","0","0","0","0","0","1","George H.W. Bush Library, Bush Presidential Records, National Security Council, H-Files, NSC/DC Meetings Follow-up Files, OA/ID 90043–018, 10:00-11:00-Wednesday, 21 August 1991 Deputy Committee Meeting-Situation Room (USSR).","https://catalog.archives.gov/id/470761482","https://catalog.archives.gov/medialz/presidential-libraries/bush/gb-nsc/H-Files/NSC-DC_Mtgs_Foll-up_312294094/41-bpr-nsc-hfiles-dc_mtgs_foll_up-90043-018.pdf"
"470761483","1991-09-11","1991-09-11","Catalog coverage dates","DC-Small Group Meeting Iraq 9/11/91 9:00 am SVTS Room","90043-019","Series context and cross-volume routing","Series context","verified","true","565309","565309","HTTP Content-Length","Restricted - Possibly","0","0","0","0","4","3","0","3","0","0","0","0","0","George H.W. Bush Library, Bush Presidential Records, National Security Council, H-Files, NSC/DC Meetings Follow-up Files, OA/ID 90043–019, DC-Small Group Meeting Iraq 9/11/91 9:00 am SVTS Room.","https://catalog.archives.gov/id/470761483","https://catalog.archives.gov/medialz/presidential-libraries/bush/gb-nsc/H-Files/NSC-DC_Mtgs_Foll-up_312294094/41-bpr-nsc-hfiles-dc_mtgs_foll_up-90043-019.pdf"
"470761484","1991-09-27","1991-09-27","Meeting sheet in the official PDF","NSC Meeting-Nuclear Matters September 27 11:30 am Cabinet Room","90043-020","Series context and cross-volume routing","Series context","verified","true","759728","759728","HTTP Content-Length","Restricted - Possibly","0","0","0","0","5","6","0","4","0","0","2","0","0","George H.W. Bush Library, Bush Presidential Records, National Security Council, H-Files, NSC/DC Meetings Follow-up Files, OA/ID 90043–020, NSC Meeting-Nuclear Matters September 27 11:30 am Cabinet Room.","https://catalog.archives.gov/id/470761484","https://catalog.archives.gov/medialz/presidential-libraries/bush/gb-nsc/H-Files/NSC-DC_Mtgs_Foll-up_312294094/41-bpr-nsc-hfiles-dc_mtgs_foll_up-90043-020.pdf"
"470761485","1991-10-08","1991-10-08","Catalog coverage dates","DC Meeting 10/8/91 11:00 am Room 208 Pan Am 103","90043-021","Series context and cross-volume routing","Series context","verified","true","902086","902086","HTTP Content-Length","Restricted - Possibly","0","0","0","0","4","3","0","3","0","0","0","0","0","George H.W. Bush Library, Bush Presidential Records, National Security Council, H-Files, NSC/DC Meetings Follow-up Files, OA/ID 90043–021, DC Meeting 10/8/91 11:00 am Room 208 Pan Am 103.","https://catalog.archives.gov/id/470761485","https://catalog.archives.gov/medialz/presidential-libraries/bush/gb-nsc/H-Files/NSC-DC_Mtgs_Foll-up_312294094/41-bpr-nsc-hfiles-dc_mtgs_foll_up-90043-021.pdf"
"470761486","1991-10-11","1991-10-11","Catalog coverage dates","DC Meeting 10/11/91 3:00 Room 208 Pan Am 103","90043-022","Strategic Trade, Technology, and Investment Controls","Boundary review","verified","true","771136","771136","HTTP Content-Length","Restricted - Possibly","0","0","0","0","8","11","0","7","0","4","0","0","0","George H.W. Bush Library, Bush Presidential Records, National Security Council, H-Files, NSC/DC Meetings Follow-up Files, OA/ID 90043–022, DC Meeting 10/11/91 3:00 Room 208 Pan Am 103.","https://catalog.archives.gov/id/470761486","https://catalog.archives.gov/medialz/presidential-libraries/bush/gb-nsc/H-Files/NSC-DC_Mtgs_Foll-up_312294094/41-bpr-nsc-hfiles-dc_mtgs_foll_up-90043-022.pdf"
"470761487","1991-11-08","1991-11-08","Catalog coverage dates","DC Meeting 11/8/91 3:00 pm Room 208 Pan Am 103","90043-023","Series context and cross-volume routing","Series context","verified","true","648626","648626","HTTP Content-Length","Restricted - Possibly","0","0","0","0","4","3","0","3","0","0","0","0","0","George H.W. Bush Library, Bush Presidential Records, National Security Council, H-Files, NSC/DC Meetings Follow-up Files, OA/ID 90043–023, DC Meeting 11/8/91 3:00 pm Room 208 Pan Am 103.","https://catalog.archives.gov/id/470761487","https://catalog.archives.gov/medialz/presidential-libraries/bush/gb-nsc/H-Files/NSC-DC_Mtgs_Foll-up_312294094/41-bpr-nsc-hfiles-dc_mtgs_foll_up-90043-023.pdf"
"470761488","1991-12-12","1991-12-12","Catalog coverage dates","DC Meeting December 12, 1991 Iraaq (2 Part Meeting) Situation Room 10:00 a.m.","90043-024","Series context and cross-volume routing","Series context","verified","true","696378","696378","HTTP Content-Length","Restricted - Possibly","0","0","0","0","5","6","0","4","0","0","0","0","2","George H.W. Bush Library, Bush Presidential Records, National Security Council, H-Files, NSC/DC Meetings Follow-up Files, OA/ID 90043–024, DC Meeting December 12, 1991 Iraaq (2 Part Meeting) Situation Room 10:00 a.m..","https://catalog.archives.gov/id/470761488","https://catalog.archives.gov/medialz/presidential-libraries/bush/gb-nsc/H-Files/NSC-DC_Mtgs_Foll-up_312294094/41-bpr-nsc-hfiles-dc_mtgs_foll_up-90043-024.pdf"
"470761489","1991-12-30","1991-12-30","Catalog coverage dates","NSC Meeting Covert Action 12/20/91 9:45 am","90043-025","Series context and cross-volume routing","Series context","verified","true","483884","483884","HTTP Content-Length","Restricted - Possibly","0","0","0","0","2","2","0","1","0","0","0","0","1","George H.W. Bush Library, Bush Presidential Records, National Security Council, H-Files, NSC/DC Meetings Follow-up Files, OA/ID 90043–025, NSC Meeting Covert Action 12/20/91 9:45 am.","https://catalog.archives.gov/id/470761489","https://catalog.archives.gov/medialz/presidential-libraries/bush/gb-nsc/H-Files/NSC-DC_Mtgs_Foll-up_312294094/41-bpr-nsc-hfiles-dc_mtgs_foll_up-90043-025.pdf"
"470761491","1992-01-16","1992-01-16","Catalog coverage dates","DC Meeting-Yugoslavia 1/16/92 11:00 am Situation Room","90043-027","Series context and cross-volume routing","Series context","verified","true","616633","616633","HTTP Content-Length","Restricted - Possibly","0","0","0","0","4","3","0","3","0","0","0","0","0","George H.W. Bush Library, Bush Presidential Records, National Security Council, H-Files, NSC/DC Meetings Follow-up Files, OA/ID 90043–027, DC Meeting-Yugoslavia 1/16/92 11:00 am Situation Room.","https://catalog.archives.gov/id/470761491","https://catalog.archives.gov/medialz/presidential-libraries/bush/gb-nsc/H-Files/NSC-DC_Mtgs_Foll-up_312294094/41-bpr-nsc-hfiles-dc_mtgs_foll_up-90043-027.pdf"
"470761492","1992-01-27","1992-01-27","Catalog coverage dates","DC Meeting - Haiti 1/27/92 11:00 am Situation Room","90043-028","Series context and cross-volume routing","Series context","verified","true","776521","776521","HTTP Content-Length","Restricted - Possibly","0","0","0","0","6","5","0","5","0","0","0","0","0","George H.W. Bush Library, Bush Presidential Records, National Security Council, H-Files, NSC/DC Meetings Follow-up Files, OA/ID 90043–028, DC Meeting—Haiti 1/27/92 11:00 am Situation Room.","https://catalog.archives.gov/id/470761492","https://catalog.archives.gov/medialz/presidential-libraries/bush/gb-nsc/H-Files/NSC-DC_Mtgs_Foll-up_312294094/41-bpr-nsc-hfiles-dc_mtgs_foll_up-90043-028.pdf"
"470761493","1992-01-28","1992-01-28","Catalog coverage dates","DC Meeting - Haiti 1/28/92 2:45 p.m. Situation Room","90043-029","Series context and cross-volume routing","Series context","verified","true","707054","707054","HTTP Content-Length","Restricted - Possibly","0","0","0","0","5","4","0","4","0","0","0","0","0","George H.W. Bush Library, Bush Presidential Records, National Security Council, H-Files, NSC/DC Meetings Follow-up Files, OA/ID 90043–029, DC Meeting—Haiti 1/28/92 2:45 p.m. Situation Room.","https://catalog.archives.gov/id/470761493","https://catalog.archives.gov/medialz/presidential-libraries/bush/gb-nsc/H-Files/NSC-DC_Mtgs_Foll-up_312294094/41-bpr-nsc-hfiles-dc_mtgs_foll_up-90043-029.pdf"
"470761494","1992-01-29","1992-01-29","Catalog coverage dates","Small Group Meeting-Haiti Policy 1/29/92 11:00 am Situation Room","90043-030","Series context and cross-volume routing","Series context","verified","true","501680","501680","HTTP Content-Length","Restricted - Possibly","0","0","0","0","2","1","0","1","0","0","0","0","0","George H.W. Bush Library, Bush Presidential Records, National Security Council, H-Files, NSC/DC Meetings Follow-up Files, OA/ID 90043–030, Small Group Meeting-Haiti Policy 1/29/92 11:00 am Situation Room.","https://catalog.archives.gov/id/470761494","https://catalog.archives.gov/medialz/presidential-libraries/bush/gb-nsc/H-Files/NSC-DC_Mtgs_Foll-up_312294094/41-bpr-nsc-hfiles-dc_mtgs_foll_up-90043-030.pdf"
"470761495","1992-01-30","1992-01-30","Catalog coverage dates","DC Meeting-Haiti 1/30/92 11:00 am Situation Room","90043-031","Series context and cross-volume routing","Series context","verified","true","685227","685227","HTTP Content-Length","Restricted - Possibly","0","0","0","0","5","4","0","4","0","0","0","0","0","George H.W. Bush Library, Bush Presidential Records, National Security Council, H-Files, NSC/DC Meetings Follow-up Files, OA/ID 90043–031, DC Meeting-Haiti 1/30/92 11:00 am Situation Room.","https://catalog.archives.gov/id/470761495","https://catalog.archives.gov/medialz/presidential-libraries/bush/gb-nsc/H-Files/NSC-DC_Mtgs_Foll-up_312294094/41-bpr-nsc-hfiles-dc_mtgs_foll_up-90043-031.pdf"
"470761496","1992-01-31","1992-01-31","Catalog coverage dates","DC Meeting-Haiti 1/31/92 Noon Situation Room","90043-032","Series context and cross-volume routing","Series context","verified","true","415995","415995","HTTP Content-Length","Restricted - Possibly","0","0","0","0","0","0","0","0","0","0","0","0","0","George H.W. Bush Library, Bush Presidential Records, National Security Council, H-Files, NSC/DC Meetings Follow-up Files, OA/ID 90043–032, DC Meeting-Haiti 1/31/92 Noon Situation Room.","https://catalog.archives.gov/id/470761496","https://catalog.archives.gov/medialz/presidential-libraries/bush/gb-nsc/H-Files/NSC-DC_Mtgs_Foll-up_312294094/41-bpr-nsc-hfiles-dc_mtgs_foll_up-90043-032.pdf"
"470761497","1992-03-11","1992-03-11","Catalog coverage dates","DC Meeting-Iraq 3/11/92 4:30 - 5:30 Situation Room","90043-033","Monetary Policy, Debt, and International Institutions","Boundary review","verified","true","1237394","1237394","HTTP Content-Length","Restricted - Possibly","0","0","0","0","6","10","0","5","0","0","0","0","5","George H.W. Bush Library, Bush Presidential Records, National Security Council, H-Files, NSC/DC Meetings Follow-up Files, OA/ID 90043–033, DC Meeting-Iraq 3/11/92 4:30—5:30 Situation Room.","https://catalog.archives.gov/id/470761497","https://catalog.archives.gov/medialz/presidential-libraries/bush/gb-nsc/H-Files/NSC-DC_Mtgs_Foll-up_312294094/41-bpr-nsc-hfiles-dc_mtgs_foll_up-90043-033.pdf"
"470761498","1992-03-17","1992-03-17","Opening withdrawal sheet","DC Meeting-CIS Export of Technology/Proliferation","90043-034","Strategic Trade, Technology, and Investment Controls","Volume XXX review","verified","true","1784497","1784497","HTTP Content-Length","Restricted - Possibly","0","0","0","0","5","21","0","4","7","0","6","0","4","George H.W. Bush Library, Bush Presidential Records, National Security Council, H-Files, NSC/DC Meetings Follow-up Files, OA/ID 90043–034, DC Meeting-CIS Export of Technology/Proliferation.","https://catalog.archives.gov/id/470761498","https://catalog.archives.gov/medialz/presidential-libraries/bush/gb-nsc/H-Files/NSC-DC_Mtgs_Foll-up_312294094/41-bpr-nsc-hfiles-dc_mtgs_foll_up-90043-034.pdf"
"470761499","1992-03-20","1992-03-20","Catalog coverage dates","DC Meeting-Korea 3/20/92 3:00-4:00 Situation Room","90043-035","Series context and cross-volume routing","Series context","verified","true","1022682","1022682","HTTP Content-Length","Restricted - Possibly","0","0","0","0","15","13","0","13","0","0","0","0","0","George H.W. Bush Library, Bush Presidential Records, National Security Council, H-Files, NSC/DC Meetings Follow-up Files, OA/ID 90043–035, DC Meeting-Korea 3/20/92 3:00-4:00 Situation Room.","https://catalog.archives.gov/id/470761499","https://catalog.archives.gov/medialz/presidential-libraries/bush/gb-nsc/H-Files/NSC-DC_Mtgs_Foll-up_312294094/41-bpr-nsc-hfiles-dc_mtgs_foll_up-90043-035.pdf"
"470761500","1992-03-25","1992-03-25","Catalog coverage dates","DC-Proliferation 3/25/92 11:15-12:15 Situation Room","90043-036","Series context and cross-volume routing","Series context","verified","true","896131","896131","HTTP Content-Length","Restricted - Possibly","0","0","0","0","9","11","0","8","0","0","3","0","0","George H.W. Bush Library, Bush Presidential Records, National Security Council, H-Files, NSC/DC Meetings Follow-up Files, OA/ID 90043–036, DC-Proliferation 3/25/92 11:15-12:15 Situation Room.","https://catalog.archives.gov/id/470761500","https://catalog.archives.gov/medialz/presidential-libraries/bush/gb-nsc/H-Files/NSC-DC_Mtgs_Foll-up_312294094/41-bpr-nsc-hfiles-dc_mtgs_foll_up-90043-036.pdf"
"470761501","1992-03-25","1992-03-25","Catalog coverage dates","NSC Meeting NSR-29-Intelligence Priorities 3/25/92","90043-037","Series context and cross-volume routing","Series context","verified","true","1928196","1928196","HTTP Content-Length","Restricted - Possibly","0","1","0","0","18","41","0","16","0","0","4","2","19","George H.W. Bush Library, Bush Presidential Records, National Security Council, H-Files, NSC/DC Meetings Follow-up Files, OA/ID 90043–037, NSC Meeting NSR-29-Intelligence Priorities 3/25/92.","https://catalog.archives.gov/id/470761501","https://catalog.archives.gov/medialz/presidential-libraries/bush/gb-nsc/H-Files/NSC-DC_Mtgs_Foll-up_312294094/41-bpr-nsc-hfiles-dc_mtgs_foll_up-90043-037.pdf"
"470761502","1992-03-26","1992-03-26","Catalog coverage dates","DC Meeting-Machine Tools 3/26/92 11:00 a.m. Situation Room","90043-038","Trade Policy and Market Access","Volume XXX review","verified","true","1477527","1477527","HTTP Content-Length","Restricted - Possibly","0","0","0","0","7","18","4","6","2","0","0","0","6","George H.W. Bush Library, Bush Presidential Records, National Security Council, H-Files, NSC/DC Meetings Follow-up Files, OA/ID 90043–038, DC Meeting-Machine Tools 3/26/92 11:00 a.m. Situation Room.","https://catalog.archives.gov/id/470761502","https://catalog.archives.gov/medialz/presidential-libraries/bush/gb-nsc/H-Files/NSC-DC_Mtgs_Foll-up_312294094/41-bpr-nsc-hfiles-dc_mtgs_foll_up-90043-038.pdf"
"470761503","1992-04-01","1992-04-01","Catalog coverage dates","DC Meeting-Iraq and the Turkish Kurds 4/1/92 4:00-5:00 Situation Room","90043-039","Monetary Policy, Debt, and International Institutions","Boundary review","verified","true","993516","993516","HTTP Content-Length","Restricted - Possibly","0","0","0","0","9","11","0","8","2","0","1","0","0","George H.W. Bush Library, Bush Presidential Records, National Security Council, H-Files, NSC/DC Meetings Follow-up Files, OA/ID 90043–039, DC Meeting-Iraq and the Turkish Kurds 4/1/92 4:00-5:00 Situation Room.","https://catalog.archives.gov/id/470761503","https://catalog.archives.gov/medialz/presidential-libraries/bush/gb-nsc/H-Files/NSC-DC_Mtgs_Foll-up_312294094/41-bpr-nsc-hfiles-dc_mtgs_foll_up-90043-039.pdf"
"470761504","1992-04-08","1992-04-08","Catalog coverage dates","European Strategy Steering Group (ESSG) 4/8/92 11:00-12:00 Situation Room","90043-040","Series context and cross-volume routing","Series context","verified","true","817102","817102","HTTP Content-Length","Restricted - Possibly","0","0","0","0","8","7","0","7","0","0","0","0","0","George H.W. Bush Library, Bush Presidential Records, National Security Council, H-Files, NSC/DC Meetings Follow-up Files, OA/ID 90043–040, European Strategy Steering Group (ESSG) 4/8/92 11:00-12:00 Situation Room.","https://catalog.archives.gov/id/470761504","https://catalog.archives.gov/medialz/presidential-libraries/bush/gb-nsc/H-Files/NSC-DC_Mtgs_Foll-up_312294094/41-bpr-nsc-hfiles-dc_mtgs_foll_up-90043-040.pdf"
"470761505","1992-04-09","1992-04-09","Catalog coverage dates","DC Meeting-Export Controls 4/9/92 11:00-12:00 Situation Room","90043-041","Strategic Trade, Technology, and Investment Controls","Volume XXX review","verified","true","2013020","2013020","Catalog objectFileSize","Restricted - Possibly","0","0","0","2","12","58","0","10","43","0","5","0","0","George H.W. Bush Library, Bush Presidential Records, National Security Council, H-Files, NSC/DC Meetings Follow-up Files, OA/ID 90043–041, DC Meeting-Export Controls 4/9/92 11:00-12:00 Situation Room.","https://catalog.archives.gov/id/470761505","https://catalog.archives.gov/medialz/presidential-libraries/bush/gb-nsc/H-Files/NSC-DC_Mtgs_Foll-up_312294094/41-bpr-nsc-hfiles-dc_mtgs_foll_up-90043-041.pdf"
"470761506","1992-04-15","1992-04-15","Opening withdrawal sheet","Restricted DC Meeting-Drugs/International Drug Strategy 11:00-12:00","90043-042","Monetary Policy, Debt, and International Institutions","Boundary review","verified","true","2368559","2368559","HTTP Content-Length","Restricted - Possibly","0","0","0","2","12","10","0","10","0","0","0","0","0","George H.W. Bush Library, Bush Presidential Records, National Security Council, H-Files, NSC/DC Meetings Follow-up Files, OA/ID 90043–042, Restricted DC Meeting-Drugs/International Drug Strategy 11:00-12:00.","https://catalog.archives.gov/id/470761506","https://catalog.archives.gov/medialz/presidential-libraries/bush/gb-nsc/H-Files/NSC-DC_Mtgs_Foll-up_312294094/41-bpr-nsc-hfiles-dc_mtgs_foll_up-90043-042.pdf"
"470761507","1992-04-22","1992-04-22","Catalog coverage dates","DC Meeting-Follow-om Export Controls 4/22/92 3:00-4:00 Situation Room","90043-043","Strategic Trade, Technology, and Investment Controls","Volume XXX review","verified","true","2936966","2936966","HTTP Content-Length","Restricted - Possibly","0","0","0","0","28","147","9","25","104","0","9","0","0","George H.W. Bush Library, Bush Presidential Records, National Security Council, H-Files, NSC/DC Meetings Follow-up Files, OA/ID 90043–043, DC Meeting-Follow-om Export Controls 4/22/92 3:00-4:00 Situation Room.","https://catalog.archives.gov/id/470761507","https://catalog.archives.gov/medialz/presidential-libraries/bush/gb-nsc/H-Files/NSC-DC_Mtgs_Foll-up_312294094/41-bpr-nsc-hfiles-dc_mtgs_foll_up-90043-043.pdf"
"470761508","1992-04-23","1992-04-23","Catalog coverage dates","DC Meeting-Iraq 4/23/92 10:30-11:30 Situation Room","90043-044","Series context and cross-volume routing","Series context","verified","true","1684298","1684298","Catalog objectFileSize","Restricted - Possibly","0","0","0","0","13","11","0","11","0","0","0","0","0","George H.W. Bush Library, Bush Presidential Records, National Security Council, H-Files, NSC/DC Meetings Follow-up Files, OA/ID 90043–044, DC Meeting-Iraq 4/23/92 10:30-11:30 Situation Room.","https://catalog.archives.gov/id/470761508","https://catalog.archives.gov/medialz/presidential-libraries/bush/gb-nsc/H-Files/NSC-DC_Mtgs_Foll-up_312294094/41-bpr-nsc-hfiles-dc_mtgs_foll_up-90043-044.pdf"
"470761509","1992-04-24","1992-04-24","Catalog coverage dates","DC Meeting-Yugoslavia 4/24/92 3:00-4:00 Situation Room","90043-045","Series context and cross-volume routing","Series context","verified","true","1417285","1417285","HTTP Content-Length","Restricted - Possibly","0","0","0","0","15","15","0","13","0","0","0","0","2","George H.W. Bush Library, Bush Presidential Records, National Security Council, H-Files, NSC/DC Meetings Follow-up Files, OA/ID 90043–045, DC Meeting-Yugoslavia 4/24/92 3:00-4:00 Situation Room.","https://catalog.archives.gov/id/470761509","https://catalog.archives.gov/medialz/presidential-libraries/bush/gb-nsc/H-Files/NSC-DC_Mtgs_Foll-up_312294094/41-bpr-nsc-hfiles-dc_mtgs_foll_up-90043-045.pdf"
"470761510","1992-05-04","1992-05-04","Catalog coverage dates","DC Meeting-Counternarcotics May 4, 1992 11:00-12:00 Situation Room","90043-046","Monetary Policy, Debt, and International Institutions","Boundary review","verified","true","2970245","2970245","HTTP Content-Length","Restricted - Possibly","0","0","0","14","23","22","0","20","0","0","0","0","2","George H.W. Bush Library, Bush Presidential Records, National Security Council, H-Files, NSC/DC Meetings Follow-up Files, OA/ID 90043–046, DC Meeting-Counternarcotics May 4, 1992 11:00-12:00 Situation Room.","https://catalog.archives.gov/id/470761510","https://catalog.archives.gov/medialz/presidential-libraries/bush/gb-nsc/H-Files/NSC-DC_Mtgs_Foll-up_312294094/41-bpr-nsc-hfiles-dc_mtgs_foll_up-90043-046.pdf"
"470761511","1992-05-05","1992-05-05","Catalog coverage dates","DC Meeting-Nonproliferation 5/5/92 11:00-12:00 Situation Room","90043-047","Series context and cross-volume routing","Series context","verified","true","1096051","1096051","HTTP Content-Length","Restricted - Possibly","0","0","0","0","12","13","0","10","0","0","3","0","0","George H.W. Bush Library, Bush Presidential Records, National Security Council, H-Files, NSC/DC Meetings Follow-up Files, OA/ID 90043–047, DC Meeting-Nonproliferation 5/5/92 11:00-12:00 Situation Room.","https://catalog.archives.gov/id/470761511","https://catalog.archives.gov/medialz/presidential-libraries/bush/gb-nsc/H-Files/NSC-DC_Mtgs_Foll-up_312294094/41-bpr-nsc-hfiles-dc_mtgs_foll_up-90043-047.pdf"
"470761512","1992-05-13","1992-05-13","Catalog coverage dates","DC Meeting-Nuclear Reactor Saftey in Former Soviet Union May 13, 1992 4:00 Situation Room","90043-048","Transition Economies and International Economic Strategy","Volume XXX review","verified","true","2460245","2460245","HTTP Content-Length","Restricted - Possibly","0","0","0","0","22","29","0","19","0","0","5","0","5","George H.W. Bush Library, Bush Presidential Records, National Security Council, H-Files, NSC/DC Meetings Follow-up Files, OA/ID 90043–048, DC Meeting-Nuclear Reactor Saftey in Former Soviet Union May 13, 1992 4:00 Situation Room.","https://catalog.archives.gov/id/470761512","https://catalog.archives.gov/medialz/presidential-libraries/bush/gb-nsc/H-Files/NSC-DC_Mtgs_Foll-up_312294094/41-bpr-nsc-hfiles-dc_mtgs_foll_up-90043-048.pdf"
"470761513","1992-05-14","1992-05-14","Catalog coverage dates","DC Meeting - Haiti May 14, 1992 10:30 - 11:30 Situation Room","90044-001","Series context and cross-volume routing","Series context","verified","true","1295471","1295471","HTTP Content-Length","Restricted - Possibly","0","0","0","11","14","12","0","12","0","0","0","0","0","George H.W. Bush Library, Bush Presidential Records, National Security Council, H-Files, NSC/DC Meetings Follow-up Files, OA/ID 90044–001, DC Meeting—Haiti May 14, 1992 10:30—11:30 Situation Room.","https://catalog.archives.gov/id/470761513","https://catalog.archives.gov/medialz/presidential-libraries/bush/gb-nsc/H-Files/NSC-DC_Mtgs_Foll-up_312294094/41-bpr-nsc-hfiles-dc_mtgs_foll_up-90044-001.pdf"
"470761514","1992-05-14","1992-05-14","Catalog coverage dates","DC Meeting - Nuclear Testing 5/14/92 4:00 pm","90044-002","Series context and cross-volume routing","Series context","verified","true","400695","400695","Catalog objectFileSize","Restricted - Possibly","0","0","0","0","0","0","0","0","0","0","0","0","0","George H.W. Bush Library, Bush Presidential Records, National Security Council, H-Files, NSC/DC Meetings Follow-up Files, OA/ID 90044–002, DC Meeting—Nuclear Testing 5/14/92 4:00 pm.","https://catalog.archives.gov/id/470761514","https://catalog.archives.gov/medialz/presidential-libraries/bush/gb-nsc/H-Files/NSC-DC_Mtgs_Foll-up_312294094/41-bpr-nsc-hfiles-dc_mtgs_foll_up-90044-002.pdf"
"470761515","1992-05-18","1992-05-18","Catalog coverage dates","DC Meeting - Sensitive Issue May 18, 1992 11:00 - 12:00 Situation Room","90044-003","Series context and cross-volume routing","Series context","verified","true","568817","568817","HTTP Content-Length","Restricted - Possibly","0","0","0","0","4","5","0","3","0","0","2","0","0","George H.W. Bush Library, Bush Presidential Records, National Security Council, H-Files, NSC/DC Meetings Follow-up Files, OA/ID 90044–003, DC Meeting—Sensitive Issue May 18, 1992 11:00—12:00 Situation Room.","https://catalog.archives.gov/id/470761515","https://catalog.archives.gov/medialz/presidential-libraries/bush/gb-nsc/H-Files/NSC-DC_Mtgs_Foll-up_312294094/41-bpr-nsc-hfiles-dc_mtgs_foll_up-90044-003.pdf"
"470761516","1992-05-19","1992-05-19","Catalog coverage dates","DC - Haiti - Boat People May 19, 1992 15:30 - 16:30 Situation Room","90044-004","Series context and cross-volume routing","Series context","verified","true","1061332","1061332","HTTP Content-Length","Restricted - Possibly","0","0","0","0","9","8","0","8","0","0","0","0","0","George H.W. Bush Library, Bush Presidential Records, National Security Council, H-Files, NSC/DC Meetings Follow-up Files, OA/ID 90044–004, DC—Haiti—Boat People May 19, 1992 15:30—16:30 Situation Room.","https://catalog.archives.gov/id/470761516","https://catalog.archives.gov/medialz/presidential-libraries/bush/gb-nsc/H-Files/NSC-DC_Mtgs_Foll-up_312294094/41-bpr-nsc-hfiles-dc_mtgs_foll_up-90044-004.pdf"
"470761517","1992-05-21","1992-05-21","Catalog coverage dates","DC - Haiti May 21, 1992 17:00 - 18:00 Situation Room","90044-005","Series context and cross-volume routing","Series context","verified","true","571916","571916","HTTP Content-Length","Restricted - Possibly","0","0","0","0","4","3","0","3","0","0","0","0","0","George H.W. Bush Library, Bush Presidential Records, National Security Council, H-Files, NSC/DC Meetings Follow-up Files, OA/ID 90044–005, DC—Haiti May 21, 1992 17:00—18:00 Situation Room.","https://catalog.archives.gov/id/470761517","https://catalog.archives.gov/medialz/presidential-libraries/bush/gb-nsc/H-Files/NSC-DC_Mtgs_Foll-up_312294094/41-bpr-nsc-hfiles-dc_mtgs_foll_up-90044-005.pdf"
"470761519","1992-05-26","1992-05-26","Catalog coverage dates","DC Meeting - Drugs - Cancelled May 26, 1992 17:00 - 18:00 Situation Room","90044-007","Series context and cross-volume routing","Series context","verified","true","1977686","1977686","HTTP Content-Length","Restricted - Possibly","0","0","0","0","17","15","0","15","0","0","0","0","0","George H.W. Bush Library, Bush Presidential Records, National Security Council, H-Files, NSC/DC Meetings Follow-up Files, OA/ID 90044–007, DC Meeting—Drugs—Cancelled May 26, 1992 17:00—18:00 Situation Room.","https://catalog.archives.gov/id/470761519","https://catalog.archives.gov/medialz/presidential-libraries/bush/gb-nsc/H-Files/NSC-DC_Mtgs_Foll-up_312294094/41-bpr-nsc-hfiles-dc_mtgs_foll_up-90044-007.pdf"
"470761520","1992-05-27","1992-05-27","Catalog coverage dates","DC Meeting - Yugoslavia May 27, 1992 17:00 - 18:00 Situation Room","90044-008","Strategic Trade, Technology, and Investment Controls","Boundary review","verified","true","1164102","1164102","HTTP Content-Length","Restricted - Possibly","0","0","0","0","8","12","0","7","0","2","0","0","3","George H.W. Bush Library, Bush Presidential Records, National Security Council, H-Files, NSC/DC Meetings Follow-up Files, OA/ID 90044–008, DC Meeting—Yugoslavia May 27, 1992 17:00—18:00 Situation Room.","https://catalog.archives.gov/id/470761520","https://catalog.archives.gov/medialz/presidential-libraries/bush/gb-nsc/H-Files/NSC-DC_Mtgs_Foll-up_312294094/41-bpr-nsc-hfiles-dc_mtgs_foll_up-90044-008.pdf"
"470761518","1992-05-28","1992-05-28","Catalog coverage dates","NSC Meeting - Nuclear Testing 5/28/92","90044-006","Series context and cross-volume routing","Series context","verified","true","1657659","1657659","HTTP Content-Length","Restricted - Possibly","3","2","0","0","17","14","0","13","0","0","1","0","0","George H.W. Bush Library, Bush Presidential Records, National Security Council, H-Files, NSC/DC Meetings Follow-up Files, OA/ID 90044–006, NSC Meeting—Nuclear Testing 5/28/92.","https://catalog.archives.gov/id/470761518","https://catalog.archives.gov/medialz/presidential-libraries/bush/gb-nsc/H-Files/NSC-DC_Mtgs_Foll-up_312294094/41-bpr-nsc-hfiles-dc_mtgs_foll_up-90044-006.pdf"
"470761521","1992-06-01","1992-06-01","Catalog coverage dates","DC - Nonproliferation June 1, 1992 11:00 - 12:00 Situation Room","90044-009","Series context and cross-volume routing","Series context","verified","true","1338004","1338004","HTTP Content-Length","Restricted - Possibly","0","0","0","0","13","15","0","11","0","0","4","0","0","George H.W. Bush Library, Bush Presidential Records, National Security Council, H-Files, NSC/DC Meetings Follow-up Files, OA/ID 90044–009, DC—Nonproliferation June 1, 1992 11:00—12:00 Situation Room.","https://catalog.archives.gov/id/470761521","https://catalog.archives.gov/medialz/presidential-libraries/bush/gb-nsc/H-Files/NSC-DC_Mtgs_Foll-up_312294094/41-bpr-nsc-hfiles-dc_mtgs_foll_up-90044-009.pdf"
"470761522","1992-06-03","1992-06-03","Catalog coverage dates","DC - INMARSAT June 3, 1992 11:00 - 12:00 Room 208","90044-010","Strategic Trade, Technology, and Investment Controls","Volume XXX review","verified","true","2237956","2237956","HTTP Content-Length","Restricted - Possibly","0","0","0","0","15","22","0","13","1","0","4","0","4","George H.W. Bush Library, Bush Presidential Records, National Security Council, H-Files, NSC/DC Meetings Follow-up Files, OA/ID 90044–010, DC—INMARSAT June 3, 1992 11:00—12:00 Room 208.","https://catalog.archives.gov/id/470761522","https://catalog.archives.gov/medialz/presidential-libraries/bush/gb-nsc/H-Files/NSC-DC_Mtgs_Foll-up_312294094/41-bpr-nsc-hfiles-dc_mtgs_foll_up-90044-010.pdf"
"470761523","1992-06-04","1992-06-04","Catalog coverage dates","DC Meeting - Yugoslavia June 4, 1992 11:00 - 12:00 Situation Room","90044-011","Monetary Policy, Debt, and International Institutions","Boundary review","verified","true","856024","856024","HTTP Content-Length","Restricted - Possibly","0","0","0","0","8","9","0","7","0","0","0","0","2","George H.W. Bush Library, Bush Presidential Records, National Security Council, H-Files, NSC/DC Meetings Follow-up Files, OA/ID 90044–011, DC Meeting—Yugoslavia June 4, 1992 11:00—12:00 Situation Room.","https://catalog.archives.gov/id/470761523","https://catalog.archives.gov/medialz/presidential-libraries/bush/gb-nsc/H-Files/NSC-DC_Mtgs_Foll-up_312294094/41-bpr-nsc-hfiles-dc_mtgs_foll_up-90044-011.pdf"
"470761524","1992-06-10","1992-06-10","Catalog coverage dates","NSC - Nuclear Testing June 10, 1992 10:00 - 11:00","90044-012","Series context and cross-volume routing","Series context","verified","true","1588621","1588621","HTTP Content-Length","Restricted - Possibly","0","0","0","1","12","18","0","10","0","0","8","0","0","George H.W. Bush Library, Bush Presidential Records, National Security Council, H-Files, NSC/DC Meetings Follow-up Files, OA/ID 90044–012, NSC—Nuclear Testing June 10, 1992 10:00—11:00.","https://catalog.archives.gov/id/470761524","https://catalog.archives.gov/medialz/presidential-libraries/bush/gb-nsc/H-Files/NSC-DC_Mtgs_Foll-up_312294094/41-bpr-nsc-hfiles-dc_mtgs_foll_up-90044-012.pdf"
"470761525","1992-06-15","1992-06-15","Catalog coverage dates","DC - Counternarcotics June 15, 1992 15:00 - 16:00 Situation Room","90044-013","Series context and cross-volume routing","Series context","verified","true","2645681","2645681","HTTP Content-Length","Restricted - Possibly","0","0","0","0","16","21","0","12","0","0","0","0","9","George H.W. Bush Library, Bush Presidential Records, National Security Council, H-Files, NSC/DC Meetings Follow-up Files, OA/ID 90044–013, DC—Counternarcotics June 15, 1992 15:00—16:00 Situation Room.","https://catalog.archives.gov/id/470761525","https://catalog.archives.gov/medialz/presidential-libraries/bush/gb-nsc/H-Files/NSC-DC_Mtgs_Foll-up_312294094/41-bpr-nsc-hfiles-dc_mtgs_foll_up-90044-013.pdf"
"470761526","1992-06-17","1992-06-17","Opening withdrawal sheet corrects the folder date","DC Meeting - Yugoslavia June 16, 1992 16:00 - 17:00 Situation Room","90044-014","Monetary Policy, Debt, and International Institutions","Boundary review","verified","true","897483","897483","HTTP Content-Length","Restricted - Possibly","0","0","0","0","9","8","0","8","0","0","0","0","0","George H.W. Bush Library, Bush Presidential Records, National Security Council, H-Files, NSC/DC Meetings Follow-up Files, OA/ID 90044–014, DC Meeting—Yugoslavia June 16, 1992 16:00—17:00 Situation Room.","https://catalog.archives.gov/id/470761526","https://catalog.archives.gov/medialz/presidential-libraries/bush/gb-nsc/H-Files/NSC-DC_Mtgs_Foll-up_312294094/41-bpr-nsc-hfiles-dc_mtgs_foll_up-90044-014.pdf"
"470761527","1992-06-24","1992-06-24","Catalog coverage dates","DC Meeting - Yugoslavia June 24, 1992 15:00 - 16:00 Situation Room","90044-015","Monetary Policy, Debt, and International Institutions","Boundary review","verified","true","869490","869490","HTTP Content-Length","Restricted - Possibly","0","0","0","0","9","12","0","8","0","0","0","0","4","George H.W. Bush Library, Bush Presidential Records, National Security Council, H-Files, NSC/DC Meetings Follow-up Files, OA/ID 90044–015, DC Meeting—Yugoslavia June 24, 1992 15:00—16:00 Situation Room.","https://catalog.archives.gov/id/470761527","https://catalog.archives.gov/medialz/presidential-libraries/bush/gb-nsc/H-Files/NSC-DC_Mtgs_Foll-up_312294094/41-bpr-nsc-hfiles-dc_mtgs_foll_up-90044-015.pdf"
"470761528","1992-06-30","1992-06-30","Catalog coverage dates","DC Meeting - Yugoslavia June 30, 1992 10:00 - 11:00 Situation Room","90044-016","Series context and cross-volume routing","Series context","verified","true","663903","663903","Catalog objectFileSize","Restricted - Possibly","0","0","0","0","5","7","0","4","0","0","0","0","3","George H.W. Bush Library, Bush Presidential Records, National Security Council, H-Files, NSC/DC Meetings Follow-up Files, OA/ID 90044–016, DC Meeting—Yugoslavia June 30, 1992 10:00—11:00 Situation Room.","https://catalog.archives.gov/id/470761528","https://catalog.archives.gov/medialz/presidential-libraries/bush/gb-nsc/H-Files/NSC-DC_Mtgs_Foll-up_312294094/41-bpr-nsc-hfiles-dc_mtgs_foll_up-90044-016.pdf"
"470761529","1992-07-01","1992-07-01","Catalog coverage dates","DC - Iraq July 1, 1992 15:00 - 16:00 Situation Room","90044-017","Strategic Trade, Technology, and Investment Controls","Boundary review","verified","true","657419","657419","HTTP Content-Length","Restricted - Possibly","0","0","0","0","5","6","0","4","0","2","0","0","0","George H.W. Bush Library, Bush Presidential Records, National Security Council, H-Files, NSC/DC Meetings Follow-up Files, OA/ID 90044–017, DC—Iraq July 1, 1992 15:00—16:00 Situation Room.","https://catalog.archives.gov/id/470761529","https://catalog.archives.gov/medialz/presidential-libraries/bush/gb-nsc/H-Files/NSC-DC_Mtgs_Foll-up_312294094/41-bpr-nsc-hfiles-dc_mtgs_foll_up-90044-017.pdf"
"470761530","1992-07-09","1992-07-09","Catalog coverage dates","DC - Counternarcotics July 9, 1992 11:00 - 12:00","90044-018","Series context and cross-volume routing","Series context","verified","true","1235436","1235436","HTTP Content-Length","Restricted - Possibly","0","0","0","0","9","12","0","8","0","0","0","0","4","George H.W. Bush Library, Bush Presidential Records, National Security Council, H-Files, NSC/DC Meetings Follow-up Files, OA/ID 90044–018, DC—Counternarcotics July 9, 1992 11:00—12:00.","https://catalog.archives.gov/id/470761530","https://catalog.archives.gov/medialz/presidential-libraries/bush/gb-nsc/H-Files/NSC-DC_Mtgs_Foll-up_312294094/41-bpr-nsc-hfiles-dc_mtgs_foll_up-90044-018.pdf"
"470761531","1992-07-10","1992-07-10","Catalog coverage dates","DC - NATO/Yugoslavia July 10, 1992 15:00 - 16:00 Situation Room","90044-019","Series context and cross-volume routing","Series context","verified","true","600396","600396","HTTP Content-Length","Restricted - Possibly","0","0","0","0","4","3","0","3","0","0","0","0","0","George H.W. Bush Library, Bush Presidential Records, National Security Council, H-Files, NSC/DC Meetings Follow-up Files, OA/ID 90044–019, DC—NATO/Yugoslavia July 10, 1992 15:00—16:00 Situation Room.","https://catalog.archives.gov/id/470761531","https://catalog.archives.gov/medialz/presidential-libraries/bush/gb-nsc/H-Files/NSC-DC_Mtgs_Foll-up_312294094/41-bpr-nsc-hfiles-dc_mtgs_foll_up-90044-019.pdf"
"470761532","1992-07-16","1992-07-16","Catalog coverage dates","DC - Counternarcotics -- Colombia July 16, 1992 11:00 - 12:00 Situation Room","90044-020","Monetary Policy, Debt, and International Institutions","Boundary review","verified","true","1510771","1510771","HTTP Content-Length","Restricted - Possibly","0","0","0","0","18","22","0","16","0","0","0","0","6","George H.W. Bush Library, Bush Presidential Records, National Security Council, H-Files, NSC/DC Meetings Follow-up Files, OA/ID 90044–020, DC—Counternarcotics -- Colombia July 16, 1992 11:00—12:00 Situation Room.","https://catalog.archives.gov/id/470761532","https://catalog.archives.gov/medialz/presidential-libraries/bush/gb-nsc/H-Files/NSC-DC_Mtgs_Foll-up_312294094/41-bpr-nsc-hfiles-dc_mtgs_foll_up-90044-020.pdf"
"470761533","1992-07-16","1992-07-16","Opening withdrawal sheet corrects the folder date","DC Meeting - Yugoslavia July 17, 1992 3:00 - 4:00 Situation Room","90044-021","Monetary Policy, Debt, and International Institutions","Boundary review","verified","true","896354","896354","HTTP Content-Length","Restricted - Possibly","0","0","0","0","8","9","1","7","0","1","0","0","0","George H.W. Bush Library, Bush Presidential Records, National Security Council, H-Files, NSC/DC Meetings Follow-up Files, OA/ID 90044–021, DC Meeting—Yugoslavia July 17, 1992 3:00—4:00 Situation Room.","https://catalog.archives.gov/id/470761533","https://catalog.archives.gov/medialz/presidential-libraries/bush/gb-nsc/H-Files/NSC-DC_Mtgs_Foll-up_312294094/41-bpr-nsc-hfiles-dc_mtgs_foll_up-90044-021.pdf"
"470761534","1992-08-04","1992-08-04","Catalog coverage dates","DC - Iraq August 4, 1992 11:00 - 12:00 Situation Room","90044-022","Series context and cross-volume routing","Series context","verified","true","598604","598604","HTTP Content-Length","Restricted - Possibly","0","0","0","0","4","3","0","3","0","0","0","0","0","George H.W. Bush Library, Bush Presidential Records, National Security Council, H-Files, NSC/DC Meetings Follow-up Files, OA/ID 90044–022, DC—Iraq August 4, 1992 11:00—12:00 Situation Room.","https://catalog.archives.gov/id/470761534","https://catalog.archives.gov/medialz/presidential-libraries/bush/gb-nsc/H-Files/NSC-DC_Mtgs_Foll-up_312294094/41-bpr-nsc-hfiles-dc_mtgs_foll_up-90044-022.pdf"
"470761535","1992-08-08","1992-08-08","Catalog coverage dates","DC - Iraq August 8, 1992 10:00 - 11:00 Situation Room","90044-023","Series context and cross-volume routing","Series context","verified","true","588771","588771","HTTP Content-Length","Restricted - Possibly","0","0","0","0","4","3","0","3","0","0","0","0","0","George H.W. Bush Library, Bush Presidential Records, National Security Council, H-Files, NSC/DC Meetings Follow-up Files, OA/ID 90044–023, DC—Iraq August 8, 1992 10:00—11:00 Situation Room.","https://catalog.archives.gov/id/470761535","https://catalog.archives.gov/medialz/presidential-libraries/bush/gb-nsc/H-Files/NSC-DC_Mtgs_Foll-up_312294094/41-bpr-nsc-hfiles-dc_mtgs_foll_up-90044-023.pdf"
"470761536","1992-08-14","1992-08-14","Catalog coverage dates","DC - Somalia August 14, 1992 14:00 - 15:00 Situation Room","90044-024","Series context and cross-volume routing","Series context","verified","true","1098602","1098602","Catalog objectFileSize","Restricted - Possibly","0","0","0","3","10","9","0","9","0","0","0","0","0","George H.W. Bush Library, Bush Presidential Records, National Security Council, H-Files, NSC/DC Meetings Follow-up Files, OA/ID 90044–024, DC—Somalia August 14, 1992 14:00—15:00 Situation Room.","https://catalog.archives.gov/id/470761536","https://catalog.archives.gov/medialz/presidential-libraries/bush/gb-nsc/H-Files/NSC-DC_Mtgs_Foll-up_312294094/41-bpr-nsc-hfiles-dc_mtgs_foll_up-90044-024.pdf"
"470761537","1992-08-20","1992-08-20","Catalog coverage dates","DC - Somalia August 20, 1992 15:00 - 16:00 Situation Room","90044-025","Series context and cross-volume routing","Series context","verified","true","937865","937865","HTTP Content-Length","Restricted - Possibly","0","0","0","2","8","7","0","7","0","0","0","0","0","George H.W. Bush Library, Bush Presidential Records, National Security Council, H-Files, NSC/DC Meetings Follow-up Files, OA/ID 90044–025, DC—Somalia August 20, 1992 15:00—16:00 Situation Room.","https://catalog.archives.gov/id/470761537","https://catalog.archives.gov/medialz/presidential-libraries/bush/gb-nsc/H-Files/NSC-DC_Mtgs_Foll-up_312294094/41-bpr-nsc-hfiles-dc_mtgs_foll_up-90044-025.pdf"
"470761538","1992-09-04","1992-09-04","Catalog coverage dates","DC Meeting - Somalia September 4, 1992 16:00 - 17:00 Situation Room","90044-026","Monetary Policy, Debt, and International Institutions","Boundary review","verified","true","1478991","1478991","HTTP Content-Length","Restricted - Possibly","0","0","0","1","15","13","0","13","0","0","0","0","0","George H.W. Bush Library, Bush Presidential Records, National Security Council, H-Files, NSC/DC Meetings Follow-up Files, OA/ID 90044–026, DC Meeting—Somalia September 4, 1992 16:00—17:00 Situation Room.","https://catalog.archives.gov/id/470761538","https://catalog.archives.gov/medialz/presidential-libraries/bush/gb-nsc/H-Files/NSC-DC_Mtgs_Foll-up_312294094/41-bpr-nsc-hfiles-dc_mtgs_foll_up-90044-026.pdf"
"470761539","1992-09-09","1992-09-09","Catalog coverage dates","DC Meeting - Yugoslavia September 9, 1992 15:00 - 16:00 Situation Room","90044-027","Series context and cross-volume routing","Series context","verified","true","1795179","1795179","HTTP Content-Length","Restricted - Possibly","0","0","0","0","11","16","0","10","0","0","0","0","6","George H.W. Bush Library, Bush Presidential Records, National Security Council, H-Files, NSC/DC Meetings Follow-up Files, OA/ID 90044–027, DC Meeting—Yugoslavia September 9, 1992 15:00—16:00 Situation Room.","https://catalog.archives.gov/id/470761539","https://catalog.archives.gov/medialz/presidential-libraries/bush/gb-nsc/H-Files/NSC-DC_Mtgs_Foll-up_312294094/41-bpr-nsc-hfiles-dc_mtgs_foll_up-90044-027.pdf"
"470761540","1992-09-11","1992-09-11","Catalog coverage dates","DC Meeting - Yugoslavia September 11, 1992 16:00 - 17:00 Situation Room","90044-028","Strategic Trade, Technology, and Investment Controls","Boundary review","verified","true","1620638","1620638","HTTP Content-Length","Restricted - Possibly","0","0","0","0","7","19","4","7","0","4","0","0","4","George H.W. Bush Library, Bush Presidential Records, National Security Council, H-Files, NSC/DC Meetings Follow-up Files, OA/ID 90044–028, DC Meeting—Yugoslavia September 11, 1992 16:00—17:00 Situation Room.","https://catalog.archives.gov/id/470761540","https://catalog.archives.gov/medialz/presidential-libraries/bush/gb-nsc/H-Files/NSC-DC_Mtgs_Foll-up_312294094/41-bpr-nsc-hfiles-dc_mtgs_foll_up-90044-028.pdf"
"470761541","1992-09-17","1992-09-17","Catalog coverage dates","DC Meeting - Yugoslavia September 17, 1992 16:00 - 17:00 Situation Room","90044-029","Series context and cross-volume routing","Series context","verified","true","1623171","1623171","HTTP Content-Length","Restricted - Possibly","0","0","0","9","9","13","0","8","0","0","0","0","5","George H.W. Bush Library, Bush Presidential Records, National Security Council, H-Files, NSC/DC Meetings Follow-up Files, OA/ID 90044–029, DC Meeting—Yugoslavia September 17, 1992 16:00—17:00 Situation Room.","https://catalog.archives.gov/id/470761541","https://catalog.archives.gov/medialz/presidential-libraries/bush/gb-nsc/H-Files/NSC-DC_Mtgs_Foll-up_312294094/41-bpr-nsc-hfiles-dc_mtgs_foll_up-90044-029.pdf"
"470761542","1992-09-23","1992-09-23","Catalog coverage dates","DC Meeting - Yugoslavia September 23, 1992 15:00 - 16:00 Situation Room","90044-030","Series context and cross-volume routing","Series context","verified","true","1765286","1765286","HTTP Content-Length","Restricted - Possibly","0","0","0","0","7","10","0","6","0","0","0","0","4","George H.W. Bush Library, Bush Presidential Records, National Security Council, H-Files, NSC/DC Meetings Follow-up Files, OA/ID 90044–030, DC Meeting—Yugoslavia September 23, 1992 15:00—16:00 Situation Room.","https://catalog.archives.gov/id/470761542","https://catalog.archives.gov/medialz/presidential-libraries/bush/gb-nsc/H-Files/NSC-DC_Mtgs_Foll-up_312294094/41-bpr-nsc-hfiles-dc_mtgs_foll_up-90044-030.pdf"
"470761543","1992-09-28","1992-09-28","Catalog coverage dates","DC Meeting - Somalia September 28, 1992 11:00 - 12:00 Situation Room","90044-031","Monetary Policy, Debt, and International Institutions","Boundary review","verified","true","2148019","2148019","HTTP Content-Length","Restricted - Possibly","0","0","0","2","9","8","0","8","0","0","0","0","0","George H.W. Bush Library, Bush Presidential Records, National Security Council, H-Files, NSC/DC Meetings Follow-up Files, OA/ID 90044–031, DC Meeting—Somalia September 28, 1992 11:00—12:00 Situation Room.","https://catalog.archives.gov/id/470761543","https://catalog.archives.gov/medialz/presidential-libraries/bush/gb-nsc/H-Files/NSC-DC_Mtgs_Foll-up_312294094/41-bpr-nsc-hfiles-dc_mtgs_foll_up-90044-031.pdf"
"470761544","1992-10-01","1992-10-01","Catalog coverage dates","DC Meeting - Yugoslavia October 1, 1992 2:00 - 3:00 Situation Room","90044-032","Strategic Trade, Technology, and Investment Controls","Boundary review","verified","true","2197009","2197009","HTTP Content-Length","Restricted - Possibly","0","0","0","0","15","30","0","13","0","11","0","0","6","George H.W. Bush Library, Bush Presidential Records, National Security Council, H-Files, NSC/DC Meetings Follow-up Files, OA/ID 90044–032, DC Meeting—Yugoslavia October 1, 1992 2:00—3:00 Situation Room.","https://catalog.archives.gov/id/470761544","https://catalog.archives.gov/medialz/presidential-libraries/bush/gb-nsc/H-Files/NSC-DC_Mtgs_Foll-up_312294094/41-bpr-nsc-hfiles-dc_mtgs_foll_up-90044-032.pdf"
"470761545","1992-10-05","1992-10-05","Catalog coverage dates","DC - […] October 5, 1992 16:00 - 17:00 Situation Room","90044-033","Series context and cross-volume routing","Series context","verified","true","568794","568794","Catalog objectFileSize","Restricted - Possibly","0","0","0","0","3","6","0","3","0","0","0","0","3","George H.W. Bush Library, Bush Presidential Records, National Security Council, H-Files, NSC/DC Meetings Follow-up Files, OA/ID 90044–033, DC—[…] October 5, 1992 16:00—17:00 Situation Room.","https://catalog.archives.gov/id/470761545","https://catalog.archives.gov/medialz/presidential-libraries/bush/gb-nsc/H-Files/NSC-DC_Mtgs_Foll-up_312294094/41-bpr-nsc-hfiles-dc_mtgs_foll_up-90044-033.pdf"
"470761546","1992-10-07","1992-10-07","Catalog coverage dates","DC Meeting - Yugoslavia October 7, 1992 16:30 - 17:30 Situation Room","90044-034","Monetary Policy, Debt, and International Institutions","Boundary review","verified","true","1141347","1141347","HTTP Content-Length","Restricted - Possibly","0","0","0","0","7","10","0","6","0","0","0","0","4","George H.W. Bush Library, Bush Presidential Records, National Security Council, H-Files, NSC/DC Meetings Follow-up Files, OA/ID 90044–034, DC Meeting—Yugoslavia October 7, 1992 16:30—17:30 Situation Room.","https://catalog.archives.gov/id/470761546","https://catalog.archives.gov/medialz/presidential-libraries/bush/gb-nsc/H-Files/NSC-DC_Mtgs_Foll-up_312294094/41-bpr-nsc-hfiles-dc_mtgs_foll_up-90044-034.pdf"
"470761547","1992-10-14","1992-10-14","Catalog coverage dates","DC - Georgia October 14, 1992 11:00 - 12:00 Situation Room","90044-035","Series context and cross-volume routing","Series context","verified","true","1150657","1150657","HTTP Content-Length","Restricted - Possibly","0","0","0","0","7","10","0","6","0","0","0","0","4","George H.W. Bush Library, Bush Presidential Records, National Security Council, H-Files, NSC/DC Meetings Follow-up Files, OA/ID 90044–035, DC—Georgia October 14, 1992 11:00—12:00 Situation Room.","https://catalog.archives.gov/id/470761547","https://catalog.archives.gov/medialz/presidential-libraries/bush/gb-nsc/H-Files/NSC-DC_Mtgs_Foll-up_312294094/41-bpr-nsc-hfiles-dc_mtgs_foll_up-90044-035.pdf"
"470761548","1992-10-16","1992-10-16","Catalog coverage dates","DC Meeting - Yugoslavia  - Croatia & Kosovo October 16, 1992 11:00 - 12:00 Situation Room","90044-036","Series context and cross-volume routing","Series context","verified","true","1725080","1725080","HTTP Content-Length","Restricted - Possibly","0","0","0","12","12","15","0","10","0","0","0","0","5","George H.W. Bush Library, Bush Presidential Records, National Security Council, H-Files, NSC/DC Meetings Follow-up Files, OA/ID 90044–036, DC Meeting—Yugoslavia —Croatia & Kosovo October 16, 1992 11:00—12:00 Situation Room.","https://catalog.archives.gov/id/470761548","https://catalog.archives.gov/medialz/presidential-libraries/bush/gb-nsc/H-Files/NSC-DC_Mtgs_Foll-up_312294094/41-bpr-nsc-hfiles-dc_mtgs_foll_up-90044-036.pdf"
"470761549","1992-10-21","1992-10-21","Catalog coverage dates","DC Meeting - Somalia October 21, 1992 14:00 - 15:00 Situation Room","90044-037","Monetary Policy, Debt, and International Institutions","Boundary review","verified","true","2339878","2339878","HTTP Content-Length","Restricted - Possibly","0","0","0","0","15","13","0","13","0","0","0","0","0","George H.W. Bush Library, Bush Presidential Records, National Security Council, H-Files, NSC/DC Meetings Follow-up Files, OA/ID 90044–037, DC Meeting—Somalia October 21, 1992 14:00—15:00 Situation Room.","https://catalog.archives.gov/id/470761549","https://catalog.archives.gov/medialz/presidential-libraries/bush/gb-nsc/H-Files/NSC-DC_Mtgs_Foll-up_312294094/41-bpr-nsc-hfiles-dc_mtgs_foll_up-90044-037.pdf"
"470761550","1992-11-01","1992-11-01","Catalog coverage dates","DC - Angola November 1, 1992 1:00 - 2:00 Situation Room","90044-038","Series context and cross-volume routing","Series context","verified","true","515008","515008","HTTP Content-Length","Restricted - Possibly","0","0","0","0","3","2","0","2","0","0","0","0","0","George H.W. Bush Library, Bush Presidential Records, National Security Council, H-Files, NSC/DC Meetings Follow-up Files, OA/ID 90044–038, DC—Angola November 1, 1992 1:00—2:00 Situation Room.","https://catalog.archives.gov/id/470761550","https://catalog.archives.gov/medialz/presidential-libraries/bush/gb-nsc/H-Files/NSC-DC_Mtgs_Foll-up_312294094/41-bpr-nsc-hfiles-dc_mtgs_foll_up-90044-038.pdf"
"470761551","1992-11-05","1992-11-05","Catalog coverage dates","DC - Iran Export Controls November 5, 1992 11:00 - 12:00 Situation Room","90044-039","Strategic Trade, Technology, and Investment Controls","Volume XXX review","verified","true","2159230","2159230","HTTP Content-Length","Restricted - Possibly","0","0","0","0","13","43","0","11","29","0","3","0","0","George H.W. Bush Library, Bush Presidential Records, National Security Council, H-Files, NSC/DC Meetings Follow-up Files, OA/ID 90044–039, DC—Iran Export Controls November 5, 1992 11:00—12:00 Situation Room.","https://catalog.archives.gov/id/470761551","https://catalog.archives.gov/medialz/presidential-libraries/bush/gb-nsc/H-Files/NSC-DC_Mtgs_Foll-up_312294094/41-bpr-nsc-hfiles-dc_mtgs_foll_up-90044-039.pdf"
"470761552","1992-11-06","1992-11-06","Catalog coverage dates","DC - Russia November 6, 1992 11:00 - 12:00 Situation Room","90044-040","Transition Economies and International Economic Strategy","Volume XXX review","verified","true","868600","868600","HTTP Content-Length","Restricted - Possibly","0","0","0","0","8","25","0","10","6","0","0","3","6","George H.W. Bush Library, Bush Presidential Records, National Security Council, H-Files, NSC/DC Meetings Follow-up Files, OA/ID 90044–040, DC—Russia November 6, 1992 11:00—12:00 Situation Room.","https://catalog.archives.gov/id/470761552","https://catalog.archives.gov/medialz/presidential-libraries/bush/gb-nsc/H-Files/NSC-DC_Mtgs_Foll-up_312294094/41-bpr-nsc-hfiles-dc_mtgs_foll_up-90044-040.pdf"
"470761553","1992-11-19","1992-11-19","Catalog coverage dates","DC - Counternarcotics - Cancelled November 19, 1992 3:00 - 4:00 Situation Room","90044-041","Series context and cross-volume routing","Series context","verified","true","1604444","1604444","HTTP Content-Length","Restricted - Possibly","0","0","0","0","7","9","0","6","0","0","0","0","3","George H.W. Bush Library, Bush Presidential Records, National Security Council, H-Files, NSC/DC Meetings Follow-up Files, OA/ID 90044–041, DC—Counternarcotics—Cancelled November 19, 1992 3:00—4:00 Situation Room.","https://catalog.archives.gov/id/470761553","https://catalog.archives.gov/medialz/presidential-libraries/bush/gb-nsc/H-Files/NSC-DC_Mtgs_Foll-up_312294094/41-bpr-nsc-hfiles-dc_mtgs_foll_up-90044-041.pdf"
"470761554","1992-11-20","1992-11-20","Catalog coverage dates","DC - Somalia November 20, 1992 11:00 - 12:00 Situation Room","90045-001","Series context and cross-volume routing","Series context","verified","true","1303387","1303387","Catalog objectFileSize","Restricted - Possibly","0","0","0","0","9","8","0","8","0","0","0","0","0","George H.W. Bush Library, Bush Presidential Records, National Security Council, H-Files, NSC/DC Meetings Follow-up Files, OA/ID 90045–001, DC—Somalia November 20, 1992 11:00—12:00 Situation Room.","https://catalog.archives.gov/id/470761554","https://catalog.archives.gov/medialz/presidential-libraries/bush/gb-nsc/H-Files/NSC-DC_Mtgs_Foll-up_312294094/41-bpr-nsc-hfiles-dc_mtgs_foll_up-90045-001.pdf"
"470761555","1992-12-02","1992-12-02","Catalog coverage dates","Deputies Committee - Somalia 12/2/92 5:00 pm","90045-002","Series context and cross-volume routing","Series context","verified","true","1483760","1483760","HTTP Content-Length","Restricted - Possibly","0","0","0","7","7","6","0","6","0","0","0","0","0","George H.W. Bush Library, Bush Presidential Records, National Security Council, H-Files, NSC/DC Meetings Follow-up Files, OA/ID 90045–002, Deputies Committee—Somalia 12/2/92 5:00 pm.","https://catalog.archives.gov/id/470761555","https://catalog.archives.gov/medialz/presidential-libraries/bush/gb-nsc/H-Files/NSC-DC_Mtgs_Foll-up_312294094/41-bpr-nsc-hfiles-dc_mtgs_foll_up-90045-002.pdf"
"470761556","1992-12-08","1992-12-08","Catalog coverage dates","DC Meeting - Somalia 12/8/92 11:00 am","90045-003","Series context and cross-volume routing","Series context","verified","true","1013510","1013510","Catalog objectFileSize","Restricted - Possibly","0","0","0","0","5","4","0","4","0","0","0","0","0","George H.W. Bush Library, Bush Presidential Records, National Security Council, H-Files, NSC/DC Meetings Follow-up Files, OA/ID 90045–003, DC Meeting—Somalia 12/8/92 11:00 am.","https://catalog.archives.gov/id/470761556","https://catalog.archives.gov/medialz/presidential-libraries/bush/gb-nsc/H-Files/NSC-DC_Mtgs_Foll-up_312294094/41-bpr-nsc-hfiles-dc_mtgs_foll_up-90045-003.pdf"
"470761557","1992-12-11","1992-12-11","Catalog coverage dates","DC Meeting - Somalia 12/11/92 11:00 am","90045-004","Series context and cross-volume routing","Series context","verified","true","1125391","1125391","HTTP Content-Length","Restricted - Possibly","0","0","0","0","6","5","0","5","0","0","0","0","0","George H.W. Bush Library, Bush Presidential Records, National Security Council, H-Files, NSC/DC Meetings Follow-up Files, OA/ID 90045–004, DC Meeting—Somalia 12/11/92 11:00 am.","https://catalog.archives.gov/id/470761557","https://catalog.archives.gov/medialz/presidential-libraries/bush/gb-nsc/H-Files/NSC-DC_Mtgs_Foll-up_312294094/41-bpr-nsc-hfiles-dc_mtgs_foll_up-90045-004.pdf"
"470761558","1992-12-15","1992-12-15","Catalog coverage dates","DC Meeting - Somalia 12/15/92 11:00 am","90045-005","Series context and cross-volume routing","Series context","verified","true","1066531","1066531","HTTP Content-Length","Restricted - Possibly","0","0","0","0","6","5","0","5","0","0","0","0","0","George H.W. Bush Library, Bush Presidential Records, National Security Council, H-Files, NSC/DC Meetings Follow-up Files, OA/ID 90045–005, DC Meeting—Somalia 12/15/92 11:00 am.","https://catalog.archives.gov/id/470761558","https://catalog.archives.gov/medialz/presidential-libraries/bush/gb-nsc/H-Files/NSC-DC_Mtgs_Foll-up_312294094/41-bpr-nsc-hfiles-dc_mtgs_foll_up-90045-005.pdf"
"470761559","1992-12-17","1992-12-17","Catalog coverage dates","DC - Annual Review of Covert Actions 12/17/92 3:30","90045-006","Series context and cross-volume routing","Series context","verified","true","891152","891152","HTTP Content-Length","Restricted - Possibly","0","0","0","0","4","5","0","3","0","0","0","0","2","George H.W. Bush Library, Bush Presidential Records, National Security Council, H-Files, NSC/DC Meetings Follow-up Files, OA/ID 90045–006, DC—Annual Review of Covert Actions 12/17/92 3:30.","https://catalog.archives.gov/id/470761559","https://catalog.archives.gov/medialz/presidential-libraries/bush/gb-nsc/H-Files/NSC-DC_Mtgs_Foll-up_312294094/41-bpr-nsc-hfiles-dc_mtgs_foll_up-90045-006.pdf"
"470761560","1992-12-19","1992-12-19","Catalog coverage dates","Deputies Committee (SVTS) Somalia 12/19/92 10:00","90045-007","Series context and cross-volume routing","Series context","verified","true","459693","459693","HTTP Content-Length","Restricted - Possibly","0","0","0","0","2","1","0","1","0","0","0","0","0","George H.W. Bush Library, Bush Presidential Records, National Security Council, H-Files, NSC/DC Meetings Follow-up Files, OA/ID 90045–007, Deputies Committee (SVTS) Somalia 12/19/92 10:00.","https://catalog.archives.gov/id/470761560","https://catalog.archives.gov/medialz/presidential-libraries/bush/gb-nsc/H-Files/NSC-DC_Mtgs_Foll-up_312294094/41-bpr-nsc-hfiles-dc_mtgs_foll_up-90045-007.pdf"
"470761561","1992-12-22","1992-12-22","Catalog coverage dates","DC Meeting - Korea 12/22/92 11:00 am","90045-008","Series context and cross-volume routing","Series context","verified","true","1185542","1185542","Catalog objectFileSize","Restricted - Possibly","0","0","0","1","11","10","0","10","0","0","0","0","0","George H.W. Bush Library, Bush Presidential Records, National Security Council, H-Files, NSC/DC Meetings Follow-up Files, OA/ID 90045–008, DC Meeting—Korea 12/22/92 11:00 am.","https://catalog.archives.gov/id/470761561","https://catalog.archives.gov/medialz/presidential-libraries/bush/gb-nsc/H-Files/NSC-DC_Mtgs_Foll-up_312294094/41-bpr-nsc-hfiles-dc_mtgs_foll_up-90045-008.pdf"
"470761562","1992-12-23","1992-12-23","Opening withdrawal sheet","NSC Meeting - Annual Review of Covert Action Programs","90045-009","Series context and cross-volume routing","Series context","verified","true","544334","544334","Catalog objectFileSize","Restricted - Possibly","0","0","0","0","3","2","0","2","0","0","0","0","0","George H.W. Bush Library, Bush Presidential Records, National Security Council, H-Files, NSC/DC Meetings Follow-up Files, OA/ID 90045–009, NSC Meeting—Annual Review of Covert Action Programs.","https://catalog.archives.gov/id/470761562","https://catalog.archives.gov/medialz/presidential-libraries/bush/gb-nsc/H-Files/NSC-DC_Mtgs_Foll-up_312294094/41-bpr-nsc-hfiles-dc_mtgs_foll_up-90045-009.pdf"
"470761563","1992-12-23","1992-12-23","Catalog coverage dates","DC Meeting - Somalia 12/23/92 2:00","90045-010","Series context and cross-volume routing","Series context","verified","true","1397879","1397879","HTTP Content-Length","Restricted - Possibly","0","0","0","2","6","5","0","5","0","0","0","0","0","George H.W. Bush Library, Bush Presidential Records, National Security Council, H-Files, NSC/DC Meetings Follow-up Files, OA/ID 90045–010, DC Meeting—Somalia 12/23/92 2:00.","https://catalog.archives.gov/id/470761563","https://catalog.archives.gov/medialz/presidential-libraries/bush/gb-nsc/H-Files/NSC-DC_Mtgs_Foll-up_312294094/41-bpr-nsc-hfiles-dc_mtgs_foll_up-90045-010.pdf"
"470761564","1992-12-29","1992-12-29","Catalog coverage dates","DC Meeting - Relay Station 12/29/92 11:00","90045-011","Series context and cross-volume routing","Series context","verified","true","943279","943279","Catalog objectFileSize","Restricted - Possibly","0","0","0","0","8","7","0","7","0","0","0","0","0","George H.W. Bush Library, Bush Presidential Records, National Security Council, H-Files, NSC/DC Meetings Follow-up Files, OA/ID 90045–011, DC Meeting—Relay Station 12/29/92 11:00.","https://catalog.archives.gov/id/470761564","https://catalog.archives.gov/medialz/presidential-libraries/bush/gb-nsc/H-Files/NSC-DC_Mtgs_Foll-up_312294094/41-bpr-nsc-hfiles-dc_mtgs_foll_up-90045-011.pdf"
"470761565","1992-12-30","1992-12-30","Catalog coverage dates","DC Meeting - Somalia 12/30/92 2:00","90045-012","Series context and cross-volume routing","Series context","verified","true","1038889","1038889","HTTP Content-Length","Restricted - Possibly","0","0","0","0","5","4","0","4","0","0","0","0","0","George H.W. Bush Library, Bush Presidential Records, National Security Council, H-Files, NSC/DC Meetings Follow-up Files, OA/ID 90045–012, DC Meeting—Somalia 12/30/92 2:00.","https://catalog.archives.gov/id/470761565","https://catalog.archives.gov/medialz/presidential-libraries/bush/gb-nsc/H-Files/NSC-DC_Mtgs_Foll-up_312294094/41-bpr-nsc-hfiles-dc_mtgs_foll_up-90045-012.pdf"
"470761566","1993-01-05","1993-01-05","Meeting sheet corrects the folder year","DC Meeting - Somalia 1/5/92 11:00","90045-013","Series context and cross-volume routing","Series context","verified","true","530790","530790","HTTP Content-Length","Restricted - Possibly","0","0","0","0","3","2","0","2","0","0","0","0","0","George H.W. Bush Library, Bush Presidential Records, National Security Council, H-Files, NSC/DC Meetings Follow-up Files, OA/ID 90045–013, DC Meeting—Somalia 1/5/92 11:00.","https://catalog.archives.gov/id/470761566","https://catalog.archives.gov/medialz/presidential-libraries/bush/gb-nsc/H-Files/NSC-DC_Mtgs_Foll-up_312294094/41-bpr-nsc-hfiles-dc_mtgs_foll_up-90045-013.pdf"
"470761567","1993-01-06","1993-01-06","Catalog coverage dates","DC Meeting - Yugoslavia 1/6/93 4:00","90045-014","Strategic Trade, Technology, and Investment Controls","Boundary review","verified","true","1769181","1769181","HTTP Content-Length","Restricted - Possibly","0","0","0","0","14","23","0","12","0","6","0","0","5","George H.W. Bush Library, Bush Presidential Records, National Security Council, H-Files, NSC/DC Meetings Follow-up Files, OA/ID 90045–014, DC Meeting—Yugoslavia 1/6/93 4:00.","https://catalog.archives.gov/id/470761567","https://catalog.archives.gov/medialz/presidential-libraries/bush/gb-nsc/H-Files/NSC-DC_Mtgs_Foll-up_312294094/41-bpr-nsc-hfiles-dc_mtgs_foll_up-90045-014.pdf"
"470761568","1993-01-08","1993-01-08","Catalog coverage dates","DC Meeting 1/8/93","90045-015","Strategic Trade, Technology, and Investment Controls","Boundary review","verified","true","1017412","1017412","HTTP Content-Length","Restricted - Possibly","0","0","0","0","6","8","0","5","2","1","0","0","0","George H.W. Bush Library, Bush Presidential Records, National Security Council, H-Files, NSC/DC Meetings Follow-up Files, OA/ID 90045–015, DC Meeting 1/8/93.","https://catalog.archives.gov/id/470761568","https://catalog.archives.gov/medialz/presidential-libraries/bush/gb-nsc/H-Files/NSC-DC_Mtgs_Foll-up_312294094/41-bpr-nsc-hfiles-dc_mtgs_foll_up-90045-015.pdf"
"470761569","1993-01-12","1993-01-12","Catalog coverage dates","DC Meeting - Somalia 1/12/93 4:30 Situation Room","90045-016","Series context and cross-volume routing","Series context","verified","true","663608","663608","HTTP Content-Length","Restricted - Possibly","0","0","0","0","5","4","0","4","0","0","0","0","0","George H.W. Bush Library, Bush Presidential Records, National Security Council, H-Files, NSC/DC Meetings Follow-up Files, OA/ID 90045–016, DC Meeting—Somalia 1/12/93 4:30 Situation Room.","https://catalog.archives.gov/id/470761569","https://catalog.archives.gov/medialz/presidential-libraries/bush/gb-nsc/H-Files/NSC-DC_Mtgs_Foll-up_312294094/41-bpr-nsc-hfiles-dc_mtgs_foll_up-90045-016.pdf"
"470761570","1993-01-14","1993-01-14","Catalog coverage dates","DC Meeting - Yugoslavia 1/14/93 11:00","90045-017","Strategic Trade, Technology, and Investment Controls","Boundary review","verified","true","716334","716334","HTTP Content-Length","Restricted - Possibly","0","0","0","0","7","10","0","6","0","2","0","0","2","George H.W. Bush Library, Bush Presidential Records, National Security Council, H-Files, NSC/DC Meetings Follow-up Files, OA/ID 90045–017, DC Meeting—Yugoslavia 1/14/93 11:00.","https://catalog.archives.gov/id/470761570","https://catalog.archives.gov/medialz/presidential-libraries/bush/gb-nsc/H-Files/NSC-DC_Mtgs_Foll-up_312294094/41-bpr-nsc-hfiles-dc_mtgs_foll_up-90045-017.pdf"
"470761571","9999-12-31","9999-12-31","Date not established","Room Reservation Forms","90045-018","Series context and cross-volume routing","Series context","verified","true","470527","470527","HTTP Content-Length","Restricted - Possibly","0","0","0","0","0","0","0","0","0","0","0","0","0","George H.W. Bush Library, Bush Presidential Records, National Security Council, H-Files, NSC/DC Meetings Follow-up Files, OA/ID 90045–018, Room Reservation Forms.","https://catalog.archives.gov/id/470761571","https://catalog.archives.gov/medialz/presidential-libraries/bush/gb-nsc/H-Files/NSC-DC_Mtgs_Foll-up_312294094/41-bpr-nsc-hfiles-dc_mtgs_foll_up-90045-018.pdf"
"470761572","9999-12-31","9999-12-31","Date not established","DC Meetings - Bush [1]","90045-019","Series context and cross-volume routing","Series context","verified","true","8784102","8784102","HTTP Content-Length","Restricted - Possibly","0","0","0","33","21","30","0","19","6","0","5","0","0","George H.W. Bush Library, Bush Presidential Records, National Security Council, H-Files, NSC/DC Meetings Follow-up Files, OA/ID 90045–019, DC Meetings—Bush [1].","https://catalog.archives.gov/id/470761572","https://catalog.archives.gov/medialz/presidential-libraries/bush/gb-nsc/H-Files/NSC-DC_Mtgs_Foll-up_312294094/41-bpr-nsc-hfiles-dc_mtgs_foll_up-90045-019.pdf"
"470761573","9999-12-31","9999-12-31","Date not established","DC Meetings - Bush [2]","90045-020","Series context and cross-volume routing","Series context","verified","true","16776103","16776103","HTTP Content-Length","Restricted - Possibly","0","0","0","39","23","34","0","20","0","0","14","0","0","George H.W. Bush Library, Bush Presidential Records, National Security Council, H-Files, NSC/DC Meetings Follow-up Files, OA/ID 90045–020, DC Meetings—Bush [2].","https://catalog.archives.gov/id/470761573","https://catalog.archives.gov/medialz/presidential-libraries/bush/gb-nsc/H-Files/NSC-DC_Mtgs_Foll-up_312294094/41-bpr-nsc-hfiles-dc_mtgs_foll_up-90045-020.pdf"
"470761574","9999-12-31","9999-12-31","Date not established","DC Meetings - Bush [3]","90045-021","Series context and cross-volume routing","Series context","verified","true","20865562","20865562","HTTP Content-Length","Restricted - Possibly","0","0","0","12","4","3","0","3","0","0","0","0","0","George H.W. Bush Library, Bush Presidential Records, National Security Council, H-Files, NSC/DC Meetings Follow-up Files, OA/ID 90045–021, DC Meetings—Bush [3].","https://catalog.archives.gov/id/470761574","https://catalog.archives.gov/medialz/presidential-libraries/bush/gb-nsc/H-Files/NSC-DC_Mtgs_Foll-up_312294094/41-bpr-nsc-hfiles-dc_mtgs_foll_up-90045-021.pdf"
"470761575","9999-12-31","9999-12-31","Date not established","DC Meetings - Bush [4]","90045-022","Series context and cross-volume routing","Series context","verified","true","16247432","16247432","HTTP Content-Length","Restricted - Possibly","0","0","0","26","0","0","0","0","0","0","0","0","0","George H.W. Bush Library, Bush Presidential Records, National Security Council, H-Files, NSC/DC Meetings Follow-up Files, OA/ID 90045–022, DC Meetings—Bush [4].","https://catalog.archives.gov/id/470761575","https://catalog.archives.gov/medialz/presidential-libraries/bush/gb-nsc/H-Files/NSC-DC_Mtgs_Foll-up_312294094/41-bpr-nsc-hfiles-dc_mtgs_foll_up-90045-022.pdf"
"470761576","9999-12-31","9999-12-31","Date not established","DC Meetings - Bush [5]","90045-023","Series context and cross-volume routing","Series context","verified","true","12600165","12600165","HTTP Content-Length","Restricted - Possibly","0","0","0","7","6","16","0","5","7","0","0","0","4","George H.W. Bush Library, Bush Presidential Records, National Security Council, H-Files, NSC/DC Meetings Follow-up Files, OA/ID 90045–023, DC Meetings—Bush [5].","https://catalog.archives.gov/id/470761576","https://catalog.archives.gov/medialz/presidential-libraries/bush/gb-nsc/H-Files/NSC-DC_Mtgs_Foll-up_312294094/41-bpr-nsc-hfiles-dc_mtgs_foll_up-90045-023.pdf"
