"id","date","title","heading","dateline","type","chapter","selection","releaseStatus","pageCount","withheldPages","extentLabel","classification","naid","localId","sourceNoteStatus","archivalLocator","notes","catalogUrl","pdfUrl"
"lead-470760887","1989-03-14","NSC0003—March 14, 1989—International Debt, Economics, International Finance","National Security Council Meeting File: NSC0003—March 14, 1989—International Debt, Economics, International Finance","March 14, 1989","NSC meeting file","Monetary Policy, Debt, and International Institutions","Core","Partly released","102","","102 PDF pages; document-level release and withdrawal audit pending","Mixed; document-level audit required","470760887","90000–003","locator","George H.W. Bush Library, Bush Presidential Records, National Security Council, H-Files, NSC Meetings Files, OA/ID 90000–003, NSC0003—March 14, 1989—International Debt, Economics, International Finance.","Direct Volume XXX review. The file includes an 8-page Secret NSC meeting record identified on the withdrawal/citation sheet, together with agenda, briefing, and follow-up material. Promote individual documents only after source-image review.","https://catalog.archives.gov/id/470760887","https://catalog.archives.gov/medialz/presidential-libraries/bush/gb-nsc/H-Files/NSC_Mtgs_312293887/41-bpr-nsc-hfiles-nsc_mtgs-3-90000-003.pdf"
"lead-470760889","1989-03-15","NSC0005—March 15, 1989—Fighter Support Experimental Project, Japan","National Security Council Meeting File: NSC0005—March 15, 1989—Fighter Support Experimental Project, Japan","March 15, 1989","NSC meeting file","Strategic Trade, Technology, and Investment Controls","Boundary","Partly released","45","","45 PDF pages; document-level release and withdrawal audit pending","Mixed; document-level audit required","470760889","90000–005","locator","George H.W. Bush Library, Bush Presidential Records, National Security Council, H-Files, NSC Meetings Files, OA/ID 90000–005, NSC0005—March 15, 1989—Fighter Support Experimental Project, Japan.","Boundary review. The file concerns the FSX project and includes minutes, draft minutes, an agenda, talking points, and a memorandum from Karl Jackson to Brent Scowcroft. Its primary placement may be a Japan or security volume, but the technology-transfer and industrial-policy record warrants Volume XXX review.","https://catalog.archives.gov/id/470760889","https://catalog.archives.gov/medialz/presidential-libraries/bush/gb-nsc/H-Files/NSC_Mtgs_312293887/41-bpr-nsc-hfiles-nsc_mtgs-5-90000-005.pdf"
"lead-470760890","1989-03-18","NSC0006—March 18, 1989—Fighter Support Experimental Project, Japan","National Security Council Meeting File: NSC0006—March 18, 1989—Fighter Support Experimental Project, Japan","March 18, 1989","NSC meeting file","Strategic Trade, Technology, and Investment Controls","Boundary","Partly released","7","","7 PDF pages; document-level release and withdrawal audit pending","Mixed; document-level audit required","470760890","90000–006","locator","George H.W. Bush Library, Bush Presidential Records, National Security Council, H-Files, NSC Meetings Files, OA/ID 90000–006, NSC0006—March 18, 1989—Fighter Support Experimental Project, Japan.","Boundary review. The file contains a memorandum for the record and NSC meeting minutes on the FSX project. Adjudicate against the Japan and security volumes before inclusion.","https://catalog.archives.gov/id/470760890","https://catalog.archives.gov/medialz/presidential-libraries/bush/gb-nsc/H-Files/NSC_Mtgs_312293887/41-bpr-nsc-hfiles-nsc_mtgs-6-90000-006.pdf"
"lead-470760892","1989-03-30","NSC0008—March 30, 1989—Western Europe, Eastern Europe","National Security Council Meeting File: NSC0008—March 30, 1989—Western Europe, Eastern Europe","March 30, 1989","NSC meeting file","Transition Economies and International Economic Strategy","Core","Partly released","40","","40 PDF pages; document-level release and withdrawal audit pending","Mixed; document-level audit required","470760892","90000–008","locator","George H.W. Bush Library, Bush Presidential Records, National Security Council, H-Files, NSC Meetings Files, OA/ID 90000–008, NSC0008—March 30, 1989—Western Europe, Eastern Europe.","Direct Volume XXX review. This meeting-preparation file includes a Secret outline, agendas, presidential talking points, and a March 28 memorandum from Philip Zelikow to Brent Scowcroft. NARA OCR identifies EC trade disputes, Polish and Hungarian debt, and Western economic assistance. Compare with the April 4 meeting file and deduplicate repeated briefing material.","https://catalog.archives.gov/id/470760892","https://catalog.archives.gov/medialz/presidential-libraries/bush/gb-nsc/H-Files/NSC_Mtgs_312293887/41-bpr-nsc-hfiles-nsc_mtgs-8-90000-008.pdf"
"lead-470760893","1989-04-04","NSC0008a—April 04, 1989—U.S. Relations with Western Europe and Eastern Europe","National Security Council Meeting File: NSC0008a—April 04, 1989—U.S. Relations with Western Europe and Eastern Europe","April 4, 1989","NSC meeting file","Transition Economies and International Economic Strategy","Core","Partly released","59","","59 PDF pages; document-level release and withdrawal audit pending","Mixed; document-level audit required","470760893","90000–009","locator","George H.W. Bush Library, Bush Presidential Records, National Security Council, H-Files, NSC Meetings Files, OA/ID 90000–009, NSC0008a—April 04, 1989—U.S. Relations with Western Europe and Eastern Europe.","Direct Volume XXX review. The opening inventory identifies a 10-page Top Secret NSC meeting record on relations with Western and Eastern Europe. The packet addresses European integration, U.S.-EC trade disputes, debt, and assistance and refers to a Deputies Committee review of the economic aspects of U.S.-West European relations.","https://catalog.archives.gov/id/470760893","https://catalog.archives.gov/medialz/presidential-libraries/bush/gb-nsc/H-Files/NSC_Mtgs_312293887/41-bpr-nsc-hfiles-nsc_mtgs-8a-90000-009.pdf"
"lead-470760894","1989-04-05","NSC0009—April 05, 1989—Review of National Security Review 3 Regarding U.S. and USSR Relations","National Security Council Meeting File: NSC0009—April 05, 1989—Review of National Security Review 3 Regarding U.S. and USSR Relations","April 5, 1989","NSC meeting file","Transition Economies and International Economic Strategy","Core","Partly released","74","","74 PDF pages; document-level release and withdrawal audit pending","Mixed; document-level audit required","470760894","90000–010","locator","George H.W. Bush Library, Bush Presidential Records, National Security Council, H-Files, NSC Meetings Files, OA/ID 90000–010, NSC0009—April 05, 1989—Review of National Security Review 3 Regarding U.S. and USSR Relations.","Direct Volume XXX review. The file identifies an 8-page Top Secret NSC meeting record and the 31-page Secret NSR 3 report. The discussion explicitly covers U.S.-Soviet trade, export credits, COCOM, GATT, and IMF questions. Compare with NSR 3 copies in the Tim Deal files, including NARA Catalog ID 452050608, before creating document-level entries.","https://catalog.archives.gov/id/470760894","https://catalog.archives.gov/medialz/presidential-libraries/bush/gb-nsc/H-Files/NSC_Mtgs_312293887/41-bpr-nsc-hfiles-nsc_mtgs-9-90000-010.pdf"
"lead-470760921","1989-10-03","NSC0030—October 03, 1989—Poland, Economic Assistance","National Security Council Meeting File: NSC0030—October 03, 1989—Poland, Economic Assistance","October 3, 1989","NSC meeting file","Transition Economies and International Economic Strategy","Core","Partly released","134","69","134 PDF pages; withdrawal sheets identify 69 Secret pages withheld","Mixed; document-level audit required","470760921","90001–018","locator","George H.W. Bush Library, Bush Presidential Records, National Security Council, H-Files, NSC Meetings Files, OA/ID 90001–018, NSC0030—October 03, 1989—Poland, Economic Assistance.","Direct Volume XXX review. This supersedes the earlier standalone locator for the same NAID. The existing 22-item withdrawal ledger is retained; released and duplicate copies still require document-level adjudication.","https://catalog.archives.gov/id/470760921","https://catalog.archives.gov/medialz/presidential-libraries/bush/gb-nsc/H-Files/NSC_Mtgs_312293887/41-bpr-nsc-hfiles-nsc_mtgs-30-90001-018.pdf"
"lead-470760926","1989-11-30","NSC0032a—November 30, 1989—Malta Summit, USSR","National Security Council Meeting File: NSC0032a—November 30, 1989—Malta Summit, USSR","November 30, 1989","NSC meeting file","Transition Economies and International Economic Strategy","Core","Partly released","22","","22 PDF pages; document-level release and withdrawal audit pending","Mixed; document-level audit required","470760926","90001–023","locator","George H.W. Bush Library, Bush Presidential Records, National Security Council, H-Files, NSC Meetings Files, OA/ID 90001–023, NSC0032a—November 30, 1989—Malta Summit, USSR.","Direct Volume XXX review. The file contains two Secret memoranda from Brent Scowcroft to the President and presidential talking points for the Malta discussion. Its economic section addresses a trade agreement, private investment, joint ventures, technical assistance, market reform, and possible IMF or World Bank membership.","https://catalog.archives.gov/id/470760926","https://catalog.archives.gov/medialz/presidential-libraries/bush/gb-nsc/H-Files/NSC_Mtgs_312293887/41-bpr-nsc-hfiles-nsc_mtgs-32a-90001-023.pdf"
"lead-470760927","1989-12-05","NSC0033—December 05, 1989—Malta Follow Up, Arms Control, Summit","National Security Council Meeting File: NSC0033—December 05, 1989—Malta Follow Up, Arms Control, Summit","December 5, 1989","NSC meeting file","Transition Economies and International Economic Strategy","Core","Partly released","55","","55 PDF pages; document-level release and withdrawal audit pending","Mixed; document-level audit required","470760927","90001–024","locator","George H.W. Bush Library, Bush Presidential Records, National Security Council, H-Files, NSC Meetings Files, OA/ID 90001–024, NSC0033—December 05, 1989—Malta Follow Up, Arms Control, Summit.","Direct Volume XXX review. The Malta follow-up packet begins with a handwritten note on economic points and includes Secret and Confidential NSC meeting material. NARA OCR identifies trade-agreement negotiations, a bilateral investment treaty, technical economic cooperation, finance and agriculture projects, and export credits and guarantees.","https://catalog.archives.gov/id/470760927","https://catalog.archives.gov/medialz/presidential-libraries/bush/gb-nsc/H-Files/NSC_Mtgs_312293887/41-bpr-nsc-hfiles-nsc_mtgs-33-90001-024.pdf"
"lead-470760932","1990-01-17","NSC0036—January 17, 1990—Panama [1]","National Security Council Meeting File: NSC0036—January 17, 1990—Panama [1]","January 17, 1990","NSC meeting file","Monetary Policy, Debt, and International Institutions","Boundary","Partly released","77","","77 PDF pages; document-level release and withdrawal audit pending","Mixed; document-level audit required","470760932","90001–029","locator","George H.W. Bush Library, Bush Presidential Records, National Security Council, H-Files, NSC Meetings Files, OA/ID 90001–029, NSC0036—January 17, 1990—Panama [1].","Boundary review. The first Panama packet includes a 14-page economic recovery report, President Endara's request for assistance, and material on arrears to international financial institutions, loans, guarantees, export opportunities, and aid. The Latin America volume may control placement, but the recovery and financing record warrants Volume XXX review.","https://catalog.archives.gov/id/470760932","https://catalog.archives.gov/medialz/presidential-libraries/bush/gb-nsc/H-Files/NSC_Mtgs_312293887/41-bpr-nsc-hfiles-nsc_mtgs-36_1-90001-029.pdf"
"lead-470760933","1990-01-17","NSC0036—January 17, 1990—Panama [2]","National Security Council Meeting File: NSC0036—January 17, 1990—Panama [2]","January 17, 1990","NSC meeting file","Monetary Policy, Debt, and International Institutions","Boundary","Partly released","71","","71 PDF pages; document-level release and withdrawal audit pending","Mixed; document-level audit required","470760933","90001–030","locator","George H.W. Bush Library, Bush Presidential Records, National Security Council, H-Files, NSC Meetings Files, OA/ID 90001–030, NSC0036—January 17, 1990—Panama [2].","Boundary review. The second Panama packet repeats the economic recovery report and related policy papers, correspondence, and meeting material. Compare with parts 1 and 3 and deduplicate the repeated report and cables at the intellectual-document level.","https://catalog.archives.gov/id/470760933","https://catalog.archives.gov/medialz/presidential-libraries/bush/gb-nsc/H-Files/NSC_Mtgs_312293887/41-bpr-nsc-hfiles-nsc_mtgs-36_2-90001-030.pdf"
"lead-470760934","1990-01-17","NSC0036—January 17, 1990—Panama [3]","National Security Council Meeting File: NSC0036—January 17, 1990—Panama [3]","January 17, 1990","NSC meeting file","Monetary Policy, Debt, and International Institutions","Boundary","Partly released","35","","35 PDF pages; document-level release and withdrawal audit pending","Mixed; document-level audit required","470760934","90001–031","locator","George H.W. Bush Library, Bush Presidential Records, National Security Council, H-Files, NSC Meetings Files, OA/ID 90001–031, NSC0036—January 17, 1990—Panama [3].","Boundary review. The third Panama packet centers on the OMB recovery paper and its interagency circulation. Review with parts 1 and 2; retain only distinct decision records or materially different versions.","https://catalog.archives.gov/id/470760934","https://catalog.archives.gov/medialz/presidential-libraries/bush/gb-nsc/H-Files/NSC_Mtgs_312293887/41-bpr-nsc-hfiles-nsc_mtgs-36_3-90001-031.pdf"
"lead-470760935","1990-01-18","NSC0037—January 18, 1990—International Economic Policy [1]","National Security Council Meeting File: NSC0037—January 18, 1990—International Economic Policy [1]","January 18, 1990","NSC meeting file","Monetary Policy, Debt, and International Institutions","Core","Partly released","44","","44 PDF pages; document-level release and withdrawal audit pending","Mixed; document-level audit required","470760935","90001–032","locator","George H.W. Bush Library, Bush Presidential Records, National Security Council, H-Files, NSC Meetings Files, OA/ID 90001–032, NSC0037—January 18, 1990—International Economic Policy [1].","Direct Volume XXX review. The first part identifies an 8-page Secret NSC meeting record, a January 17 memorandum from Nicholas Brady to the President, and a policy report. Some material appears to be a parallel copy of records in Michael J. Boskin's NSC Meeting Files, including NARA Catalog ID 492062327; deduplicate at the intellectual-document level.","https://catalog.archives.gov/id/470760935","https://catalog.archives.gov/medialz/presidential-libraries/bush/gb-nsc/H-Files/NSC_Mtgs_312293887/41-bpr-nsc-hfiles-nsc_mtgs-37_1-90001-032.pdf"
"lead-470760936","1990-01-18","NSC0037—January 18, 1990—International Economic Policy [2]","National Security Council Meeting File: NSC0037—January 18, 1990—International Economic Policy [2]","January 18, 1990","NSC meeting file","Monetary Policy, Debt, and International Institutions","Core","Partly released","43","","43 PDF pages; document-level release and withdrawal audit pending","Mixed; document-level audit required","470760936","90001–033","locator","George H.W. Bush Library, Bush Presidential Records, National Security Council, H-Files, NSC Meetings Files, OA/ID 90001–033, NSC0037—January 18, 1990—International Economic Policy [2].","Direct Volume XXX review. The second part continues the January 18 international-economic-policy meeting file. Compare every item with the Boskin NSC Meeting Files before creating document-level entries.","https://catalog.archives.gov/id/470760936","https://catalog.archives.gov/medialz/presidential-libraries/bush/gb-nsc/H-Files/NSC_Mtgs_312293887/41-bpr-nsc-hfiles-nsc_mtgs-37_2-90001-033.pdf"
"lead-470760939","1990-02-09","NSC0039—February 09, 1990—East Asia Strategy, National Security Review on Philippines Military Base Access [1]","National Security Council Meeting File: NSC0039—February 09, 1990—East Asia Strategy, National Security Review on Philippines Military Base Access [1]","February 9, 1990","NSC meeting file","Monetary Policy, Debt, and International Institutions","Boundary","Partly released","24","","24 PDF pages; document-level release and withdrawal audit pending","Mixed; document-level audit required","470760939","90002–001","locator","George H.W. Bush Library, Bush Presidential Records, National Security Council, H-Files, NSC Meetings Files, OA/ID 90002–001, NSC0039—February 09, 1990—East Asia Strategy, National Security Review on Philippines Military Base Access [1].","Boundary review. The first East Asia packet identifies an 8-page Secret NSC meeting record and supporting strategy papers. Parts 2 and 3 contain explicit debt-reduction, assistance, and trade-compensation options tied to Philippine base access; adjudicate the packet against the East Asia and security volumes.","https://catalog.archives.gov/id/470760939","https://catalog.archives.gov/medialz/presidential-libraries/bush/gb-nsc/H-Files/NSC_Mtgs_312293887/41-bpr-nsc-hfiles-nsc_mtgs-39_1-90002-001.pdf"
"lead-470760940","1990-02-09","NSC0039—February 09, 1990—East Asia Strategy, National Security Review on Philippines Military Base Access [2]","National Security Council Meeting File: NSC0039—February 09, 1990—East Asia Strategy, National Security Review on Philippines Military Base Access [2]","February 9, 1990","NSC meeting file","Monetary Policy, Debt, and International Institutions","Boundary","Partly released","58","","58 PDF pages; document-level release and withdrawal audit pending","Mixed; document-level audit required","470760940","90002–002","locator","George H.W. Bush Library, Bush Presidential Records, National Security Council, H-Files, NSC Meetings Files, OA/ID 90002–002, NSC0039—February 09, 1990—East Asia Strategy, National Security Review on Philippines Military Base Access [2].","Boundary review. The second East Asia packet includes options for debt reduction, Japanese financial participation, long-term assistance, and non-traditional trade compensation. Review item by item for records that illuminate U.S. debt strategy rather than only the base negotiation.","https://catalog.archives.gov/id/470760940","https://catalog.archives.gov/medialz/presidential-libraries/bush/gb-nsc/H-Files/NSC_Mtgs_312293887/41-bpr-nsc-hfiles-nsc_mtgs-39_2-90002-002.pdf"
"lead-470760941","1990-02-09","NSC0039—February 09, 1990—East Asia Strategy, National Security Review on Philippines Military Base Access [3]","National Security Council Meeting File: NSC0039—February 09, 1990—East Asia Strategy, National Security Review on Philippines Military Base Access [3]","February 9, 1990","NSC meeting file","Monetary Policy, Debt, and International Institutions","Boundary","Partly released","55","","55 PDF pages; document-level release and withdrawal audit pending","Mixed; document-level audit required","470760941","90002–003","locator","George H.W. Bush Library, Bush Presidential Records, National Security Council, H-Files, NSC Meetings Files, OA/ID 90002–003, NSC0039—February 09, 1990—East Asia Strategy, National Security Review on Philippines Military Base Access [3].","Boundary review. The third East Asia packet repeats many part 2 papers and adds interagency records. Deduplicate debt-reduction and compensation options across all three parts before promoting any document.","https://catalog.archives.gov/id/470760941","https://catalog.archives.gov/medialz/presidential-libraries/bush/gb-nsc/H-Files/NSC_Mtgs_312293887/41-bpr-nsc-hfiles-nsc_mtgs-39_3-90002-003.pdf"
"lead-470760942","1990-02-12","NSC0040—February 12, 1990—Coordinating Committee for Multilateral Strategic Export Controls, Eastern Europe","National Security Council Meeting File: NSC0040—February 12, 1990—Coordinating Committee for Multilateral Strategic Export Controls, Eastern Europe","February 12, 1990","NSC meeting file","Strategic Trade, Technology, and Investment Controls","Core","Partly released","69","","69 PDF pages; document-level release and withdrawal audit pending","Mixed; document-level audit required","470760942","90002–004","locator","George H.W. Bush Library, Bush Presidential Records, National Security Council, H-Files, NSC Meetings Files, OA/ID 90002–004, NSC0040—February 12, 1990—Coordinating Committee for Multilateral Strategic Export Controls, Eastern Europe.","Direct Volume XXX review. The file identifies a 5-page Secret NSC meeting record, duplicate copies, and background material on COCOM policy toward Eastern Europe. Compare with NSR-22 and later directive files before selection.","https://catalog.archives.gov/id/470760942","https://catalog.archives.gov/medialz/presidential-libraries/bush/gb-nsc/H-Files/NSC_Mtgs_312293887/41-bpr-nsc-hfiles-nsc_mtgs-40-90002-004.pdf"
"lead-470760944","1990-03-29","NSC0042—March 29, 1990—Fiber Optic Systems for the USSR","National Security Council Meeting File: NSC0042—March 29, 1990—Fiber Optic Systems for the USSR","March 29, 1990","NSC meeting file","Strategic Trade, Technology, and Investment Controls","Core","Partly released","57","","57 PDF pages; document-level release and withdrawal audit pending","Mixed; document-level audit required","470760944","90002–006","locator","George H.W. Bush Library, Bush Presidential Records, National Security Council, H-Files, NSC Meetings Files, OA/ID 90002–006, NSC0042—March 29, 1990—Fiber Optic Systems for the USSR.","Direct Volume XXX review. This supersedes the earlier standalone locator for the same NAID. The file identifies a 6-page Secret NSC meeting record and related preparation and follow-up material.","https://catalog.archives.gov/id/470760944","https://catalog.archives.gov/medialz/presidential-libraries/bush/gb-nsc/H-Files/NSC_Mtgs_312293887/41-bpr-nsc-hfiles-nsc_mtgs-42-90002-006.pdf"
"lead-470760945","1990-04-17","NSC0043—April 17, 1990—Lithuania, USSR [1]","National Security Council Meeting File: NSC0043—April 17, 1990—Lithuania, USSR [1]","April 17, 1990","NSC meeting file","Transition Economies and International Economic Strategy","Boundary","Partly released","32","","32 PDF pages; document-level release and withdrawal audit pending","Mixed; document-level audit required","470760945","90002–007","locator","George H.W. Bush Library, Bush Presidential Records, National Security Council, H-Files, NSC Meetings Files, OA/ID 90002–007, NSC0043—April 17, 1990—Lithuania, USSR [1].","Boundary review. The first Lithuania packet identifies a 7-page Secret NSC meeting record and presidential briefing material. The meeting weighs suspension of the trade, tax, investment, and technical-cooperation agenda and possible energy assistance to Lithuania. Primary placement likely lies in a Soviet or regional volume.","https://catalog.archives.gov/id/470760945","https://catalog.archives.gov/medialz/presidential-libraries/bush/gb-nsc/H-Files/NSC_Mtgs_312293887/41-bpr-nsc-hfiles-nsc_mtgs-43_1-90002-007.pdf"
"lead-470760946","1990-04-17","NSC0043—April 17, 1990—Lithuania, USSR [2]","National Security Council Meeting File: NSC0043—April 17, 1990—Lithuania, USSR [2]","April 17, 1990","NSC meeting file","Transition Economies and International Economic Strategy","Boundary","Partly released","57","","57 PDF pages; document-level release and withdrawal audit pending","Mixed; document-level audit required","470760946","90002–008","locator","George H.W. Bush Library, Bush Presidential Records, National Security Council, H-Files, NSC Meetings Files, OA/ID 90002–008, NSC0043—April 17, 1990—Lithuania, USSR [2].","Boundary review. The second Lithuania packet contains economic-options analysis, energy reporting, and material on possible oil deliveries and suspension of the bilateral economic agenda. Review with part 1 and the April 23 sanctions packet, removing repeated talking points and options papers.","https://catalog.archives.gov/id/470760946","https://catalog.archives.gov/medialz/presidential-libraries/bush/gb-nsc/H-Files/NSC_Mtgs_312293887/41-bpr-nsc-hfiles-nsc_mtgs-43_2-90002-008.pdf"
"lead-470760947","1990-04-23","NSC0043a—April 23, 1990—Lithuania, USSR, Sanctions","National Security Council Meeting File: NSC0043a—April 23, 1990—Lithuania, USSR, Sanctions","April 23, 1990","NSC meeting file","Transition Economies and International Economic Strategy","Boundary","Partly released","15","","15 PDF pages; document-level release and withdrawal audit pending","Mixed; document-level audit required","470760947","90002–009","locator","George H.W. Bush Library, Bush Presidential Records, National Security Council, H-Files, NSC Meetings Files, OA/ID 90002–009, NSC0043a—April 23, 1990—Lithuania, USSR, Sanctions.","Boundary review. The file includes presidential talking points and a memorandum to Brent Scowcroft concerning Lithuania and possible sanctions. Economic-instrument content may support selection, but primary placement likely lies in a regional or Soviet volume.","https://catalog.archives.gov/id/470760947","https://catalog.archives.gov/medialz/presidential-libraries/bush/gb-nsc/H-Files/NSC_Mtgs_312293887/41-bpr-nsc-hfiles-nsc_mtgs-43a-90002-009.pdf"
"lead-470760948","1990-04-30","NSC0044—April 30, 1990—Cape York, Coordinating Committee for Multilateral Strategic Export Controls","National Security Council Meeting File: NSC0044—April 30, 1990—Cape York, Coordinating Committee for Multilateral Strategic Export Controls","April 30, 1990","NSC meeting file","Strategic Trade, Technology, and Investment Controls","Core","Partly released","72","","72 PDF pages; document-level release and withdrawal audit pending","Mixed; document-level audit required","470760948","90002–010","locator","George H.W. Bush Library, Bush Presidential Records, National Security Council, H-Files, NSC Meetings Files, OA/ID 90002–010, NSC0044—April 30, 1990—Cape York, Coordinating Committee for Multilateral Strategic Export Controls.","Direct Volume XXX review. The file identifies a 5-page Secret NSC meeting record and follow-up material on Cape York and COCOM. Review alongside NSC0045 and the related directive record.","https://catalog.archives.gov/id/470760948","https://catalog.archives.gov/medialz/presidential-libraries/bush/gb-nsc/H-Files/NSC_Mtgs_312293887/41-bpr-nsc-hfiles-nsc_mtgs-44-90002-010.pdf"
"lead-470760949","1990-04-30","NSC0045—April 30, 1990—Coordinating Committee for Multilateral Strategic Export Controls","National Security Council Meeting File: NSC0045—April 30, 1990—Coordinating Committee for Multilateral Strategic Export Controls","April 30, 1990","NSC meeting file","Strategic Trade, Technology, and Investment Controls","Core","Partly released","73","","73 PDF pages; document-level release and withdrawal audit pending","Mixed; document-level audit required","470760949","90002–011","locator","George H.W. Bush Library, Bush Presidential Records, National Security Council, H-Files, NSC Meetings Files, OA/ID 90002–011, NSC0045—April 30, 1990—Coordinating Committee for Multilateral Strategic Export Controls.","Direct Volume XXX review. The file contains COCOM notification, agenda and background papers, presidential talking points, and additional briefing points. Check for overlap with NSC0044 and NSD-39.","https://catalog.archives.gov/id/470760949","https://catalog.archives.gov/medialz/presidential-libraries/bush/gb-nsc/H-Files/NSC_Mtgs_312293887/41-bpr-nsc-hfiles-nsc_mtgs-45-90002-011.pdf"
"lead-470760952","1990-07-25","NSC0048—July 25, 1990—Cape York, Space Policy, USSR","National Security Council Meeting File: NSC0048—July 25, 1990—Cape York, Space Policy, USSR","July 25, 1990","NSC meeting file","Strategic Trade, Technology, and Investment Controls","Boundary","Partly released","85","","85 PDF pages; document-level release and withdrawal audit pending","Mixed; document-level audit required","470760952","90002–014","locator","George H.W. Bush Library, Bush Presidential Records, National Security Council, H-Files, NSC Meetings Files, OA/ID 90002–014, NSC0048—July 25, 1990—Cape York, Space Policy, USSR.","Boundary review. The file identifies a 10-page NSC meeting record and agency positions on Cape York, space policy, and the Soviet Union. Retain for strategic-trade review while adjudicating the principal space-policy placement.","https://catalog.archives.gov/id/470760952","https://catalog.archives.gov/medialz/presidential-libraries/bush/gb-nsc/H-Files/NSC_Mtgs_312293887/41-bpr-nsc-hfiles-nsc_mtgs-48-90002-014.pdf"
"lead-470760953","1990-08-02","NSC0049—August 02, 1990—Persian Gulf Crisis, Iraq, Kuwait","National Security Council Meeting File: NSC0049—August 02, 1990—Persian Gulf Crisis, Iraq, Kuwait","August 2, 1990","NSC meeting file","Monetary Policy, Debt, and International Institutions","Boundary","Partly released","15","","15 PDF pages; document-level release and withdrawal audit pending","Mixed; document-level audit required","470760953","90002–015","locator","George H.W. Bush Library, Bush Presidential Records, National Security Council, H-Files, NSC Meetings Files, OA/ID 90002–015, NSC0049—August 02, 1990—Persian Gulf Crisis, Iraq, Kuwait.","Boundary review. The August 2 agenda assigns Secretary Brady the economic initiatives and calls for diplomatic, economic, and military next steps. The online file is short and may not preserve a complete meeting record, but its economic component should remain visible for Gulf-volume adjudication.","https://catalog.archives.gov/id/470760953","https://catalog.archives.gov/medialz/presidential-libraries/bush/gb-nsc/H-Files/NSC_Mtgs_312293887/41-bpr-nsc-hfiles-nsc_mtgs-49-90002-015.pdf"
"lead-470760954","1990-08-03","NSC0049a—August 03, 1990—Persian Gulf Crisis, Iraq, Kuwait","National Security Council Meeting File: NSC0049a—August 03, 1990—Persian Gulf Crisis, Iraq, Kuwait","August 3, 1990","NSC meeting file","Monetary Policy, Debt, and International Institutions","Boundary","Partly released","38","","38 PDF pages; document-level release and withdrawal audit pending","Mixed; document-level audit required","470760954","90002–016","locator","George H.W. Bush Library, Bush Presidential Records, National Security Council, H-Files, NSC Meetings Files, OA/ID 90002–016, NSC0049a—August 03, 1990—Persian Gulf Crisis, Iraq, Kuwait.","Boundary review. The file identifies a 12-page Secret NSC meeting record and presidential briefing material. NARA OCR describes economic and energy options, export controls, and sanctions; primary placement likely lies in the Gulf volume.","https://catalog.archives.gov/id/470760954","https://catalog.archives.gov/medialz/presidential-libraries/bush/gb-nsc/H-Files/NSC_Mtgs_312293887/41-bpr-nsc-hfiles-nsc_mtgs-49a-90002-016.pdf"
"lead-470760955","1990-08-04","NSC0050—August 04, 1990—Iraqi Invasion of Kuwait, Persian Gulf","National Security Council Meeting File: NSC0050—August 04, 1990—Iraqi Invasion of Kuwait, Persian Gulf","August 4, 1990","NSC meeting file","Monetary Policy, Debt, and International Institutions","Boundary","Partly released","16","","16 PDF pages; document-level release and withdrawal audit pending","Mixed; document-level audit required","470760955","90002–017","locator","George H.W. Bush Library, Bush Presidential Records, National Security Council, H-Files, NSC Meetings Files, OA/ID 90002–017, NSC0050—August 04, 1990—Iraqi Invasion of Kuwait, Persian Gulf.","Boundary review. The file contains an 8-page Secret NSC meeting record discussing Iraq's export capacity, sanctions enforcement, and oil. Retain as a compact cross-volume lead.","https://catalog.archives.gov/id/470760955","https://catalog.archives.gov/medialz/presidential-libraries/bush/gb-nsc/H-Files/NSC_Mtgs_312293887/41-bpr-nsc-hfiles-nsc_mtgs-50-90002-017.pdf"
"lead-470760957","1990-08-06","NSC0052—August 06, 1990—Iraqi Invasion of Kuwait, Persian Gulf","National Security Council Meeting File: NSC0052—August 06, 1990—Iraqi Invasion of Kuwait, Persian Gulf","August 6, 1990","NSC meeting file","Monetary Policy, Debt, and International Institutions","Boundary","Partly released","20","","20 PDF pages; document-level release and withdrawal audit pending","Mixed; document-level audit required","470760957","90002–019","locator","George H.W. Bush Library, Bush Presidential Records, National Security Council, H-Files, NSC Meetings Files, OA/ID 90002–019, NSC0052—August 06, 1990—Iraqi Invasion of Kuwait, Persian Gulf.","Boundary review. The file identifies a 7-page Secret NSC meeting record with discussion by Nicholas Brady and Michael Boskin of oil prices, financial markets, inflation, GNP, import costs, sanctions, and strategic petroleum options. This is the strongest early Gulf-crisis economic meeting lead.","https://catalog.archives.gov/id/470760957","https://catalog.archives.gov/medialz/presidential-libraries/bush/gb-nsc/H-Files/NSC_Mtgs_312293887/41-bpr-nsc-hfiles-nsc_mtgs-52-90002-019.pdf"
"lead-470760959","1990-08-29","NSC0054—August 29, 1990—Persian Gulf Crisis, Economic Action Plan, Iraq [1]","National Security Council Meeting File: NSC0054—August 29, 1990—Persian Gulf Crisis, Economic Action Plan, Iraq [1]","August 29, 1990","NSC meeting file","Monetary Policy, Debt, and International Institutions","Boundary","Partly released","71","","71 PDF pages; document-level release and withdrawal audit pending","Mixed; document-level audit required","470760959","90002–021","locator","George H.W. Bush Library, Bush Presidential Records, National Security Council, H-Files, NSC Meetings Files, OA/ID 90002–021, NSC0054—August 29, 1990—Persian Gulf Crisis, Economic Action Plan, Iraq [1].","Boundary review. The first part includes records of the August 29 NSC discussion of economic action in the Persian Gulf crisis. Primary placement likely lies in the Gulf volume, but sanctions and burden-sharing content may warrant a Volume XXX document or cross-reference.","https://catalog.archives.gov/id/470760959","https://catalog.archives.gov/medialz/presidential-libraries/bush/gb-nsc/H-Files/NSC_Mtgs_312293887/41-bpr-nsc-hfiles-nsc_mtgs-54_1-90002-021.pdf"
"lead-470760960","1990-08-29","NSC0054—August 29, 1990—Persian Gulf Crisis, Economic Action Plan, Iraq [2]","National Security Council Meeting File: NSC0054—August 29, 1990—Persian Gulf Crisis, Economic Action Plan, Iraq [2]","August 29, 1990","NSC meeting file","Monetary Policy, Debt, and International Institutions","Boundary","Partly released","41","","41 PDF pages; document-level release and withdrawal audit pending","Mixed; document-level audit required","470760960","90002–022","locator","George H.W. Bush Library, Bush Presidential Records, National Security Council, H-Files, NSC Meetings Files, OA/ID 90002–022, NSC0054—August 29, 1990—Persian Gulf Crisis, Economic Action Plan, Iraq [2].","Boundary review. The second part contains Gulf economic-action background material and a memorandum involving Brent Scowcroft. Review with part 1 and deduplicate repeated briefing papers.","https://catalog.archives.gov/id/470760960","https://catalog.archives.gov/medialz/presidential-libraries/bush/gb-nsc/H-Files/NSC_Mtgs_312293887/41-bpr-nsc-hfiles-nsc_mtgs-54_2-90002-022.pdf"
"lead-470760961","1990-09-20","NSC0055—September 20, 1990—Oil Supply, Energy, Persian Gulf [1]","National Security Council Meeting File: NSC0055—September 20, 1990—Oil Supply, Energy, Persian Gulf [1]","September 20, 1990","NSC meeting file","Monetary Policy, Debt, and International Institutions","Boundary","Partly released","47","","47 PDF pages; document-level release and withdrawal audit pending","Mixed; document-level audit required","470760961","90002–023","locator","George H.W. Bush Library, Bush Presidential Records, National Security Council, H-Files, NSC Meetings Files, OA/ID 90002–023, NSC0055—September 20, 1990—Oil Supply, Energy, Persian Gulf [1].","Boundary review. The first part includes a September 20 meeting record, talking points, a proposed Deputies Committee meeting, and a memorandum from Robert Gates. Its energy-market content is pertinent, although the Gulf crisis may control placement.","https://catalog.archives.gov/id/470760961","https://catalog.archives.gov/medialz/presidential-libraries/bush/gb-nsc/H-Files/NSC_Mtgs_312293887/41-bpr-nsc-hfiles-nsc_mtgs-55_1-90002-023.pdf"
"lead-470760962","1990-09-20","NSC0055—September 20, 1990—Oil Supply, Energy, Persian Gulf [2]","National Security Council Meeting File: NSC0055—September 20, 1990—Oil Supply, Energy, Persian Gulf [2]","September 20, 1990","NSC meeting file","Monetary Policy, Debt, and International Institutions","Boundary","Partly released","62","","62 PDF pages; document-level release and withdrawal audit pending","Mixed; document-level audit required","470760962","90002–024","locator","George H.W. Bush Library, Bush Presidential Records, National Security Council, H-Files, NSC Meetings Files, OA/ID 90002–024, NSC0055—September 20, 1990—Oil Supply, Energy, Persian Gulf [2].","Boundary review. The second part includes presidential briefing material and memoranda involving Brent Scowcroft and John Sununu. Review with part 1 and route any selected records against the Gulf volume.","https://catalog.archives.gov/id/470760962","https://catalog.archives.gov/medialz/presidential-libraries/bush/gb-nsc/H-Files/NSC_Mtgs_312293887/41-bpr-nsc-hfiles-nsc_mtgs-55_2-90002-024.pdf"
"lead-470760967","1991-10-18","NSC0059—October 18, 1991—Pan Am 103, Terrorism","National Security Council Meeting File: NSC0059—October 18, 1991—Pan Am 103, Terrorism","October 18, 1991","NSC meeting file","Strategic Trade, Technology, and Investment Controls","Boundary","Partly released","75","","75 PDF pages; document-level release and withdrawal audit pending","Mixed; document-level audit required","470760967","90002–029","locator","George H.W. Bush Library, Bush Presidential Records, National Security Council, H-Files, NSC Meetings Files, OA/ID 90002–029, NSC0059—October 18, 1991—Pan Am 103, Terrorism.","Boundary review. The file identifies a 14-page Top Secret NSC meeting record and separate papers on current and possible sanctions against Libya, including oil and financial measures. The packet also contains older unrelated material, so document boundaries and provenance must be checked especially carefully.","https://catalog.archives.gov/id/470760967","https://catalog.archives.gov/medialz/presidential-libraries/bush/gb-nsc/H-Files/NSC_Mtgs_312293887/41-bpr-nsc-hfiles-nsc_mtgs-59-90002-029.pdf"
"lead-470760971","1992-05-28","NSC0063—May 28, 1992—Haiti","National Security Council Meeting File: NSC0063—May 28, 1992—Haiti","May 28, 1992","NSC meeting file","Strategic Trade, Technology, and Investment Controls","Boundary","Partly released","64","","64 PDF pages; document-level release and withdrawal audit pending","Mixed; document-level audit required","470760971","90002–033","locator","George H.W. Bush Library, Bush Presidential Records, National Security Council, H-Files, NSC Meetings Files, OA/ID 90002–033, NSC0063—May 28, 1992—Haiti.","Boundary review. The file identifies an 11-page Secret NSC meeting record, an options paper, and a report on oil resupply after the Haitian coup. Review for sanctions-policy content while routing the principal record to the appropriate regional volume.","https://catalog.archives.gov/id/470760971","https://catalog.archives.gov/medialz/presidential-libraries/bush/gb-nsc/H-Files/NSC_Mtgs_312293887/41-bpr-nsc-hfiles-nsc_mtgs-63-90002-033.pdf"
