"naid","workingStartDate","workingEndDate","dateBasis","title","localId","chapter","routing","markerStatus","markerFolderId","catalogFolderId","markerIdNote","hasOnlinePdf","pdfPages","pdfBytes","catalogPdfBytes","pdfByteBasis","accessStatus","memosToPresident","memosToScowcroft","memorandaOfConversation","meetingRecords","withdrawalSheets","economicSignalTotal","economySignals","financeSignals","tradeSignals","assistanceSanctionsSignals","energySignals","agricultureSignals","treasurySignals","archivalLocator","catalogUrl","pdfUrl"
"446396810","1989-01-29","1989-01-29","Catalog coverage dates","NSD-1 - January 29, 1989 - Organization of the National Security Council System (File located @ LM)","90003-001","Series context and cross-volume routing","Series context","verified","90003-001","90003-001","","true","1","426767","426767","Catalog objectFileSize","Restricted - Possibly","0","0","0","0","0","0","0","0","0","0","0","0","0","George H.W. Bush Library, Bush Presidential Records, National Security Council, H-Files, NSD Files, OA/ID 90003–001, NSD–1—January 29, 1989—Organization of the National Security Council System (File located @ LM).","https://catalog.archives.gov/id/446396810","https://catalog.archives.gov/medialz/presidential-libraries/bush/gb-nsc/H-Files/NSDs_313189290/41-bpr-nsc-hfiles-nsd-1-90003-001.pdf"
"446396813","1989-02-13","1989-02-13","Catalog coverage dates","NSD-3 - February 13, 1989 - U.S. Policy toward Afghanistan (File located @ LM)","90003-004","Transition Economies and International Economic Strategy","Boundary review","verified","90003-004","90003-004","","true","52","13573594","13573594","HTTP Content-Length","Restricted - Possibly","0","0","0","0","23","61","1","20","9","3","9","9","10","George H.W. Bush Library, Bush Presidential Records, National Security Council, H-Files, NSD Files, OA/ID 90003–004, NSD–3—February 13, 1989—U.S. Policy toward Afghanistan (File located @ LM).","https://catalog.archives.gov/id/446396813","https://catalog.archives.gov/medialz/presidential-libraries/bush/gb-nsc/H-Files/NSDs_313189290/41-bpr-nsc-hfiles-nsd-3-90003-004.pdf"
"446396814","1989-02-22","1989-02-22","Catalog coverage dates","NSD-4 - February 22, 1989 - U.S. Policy toward 7 May 1989 Elections in Panama (File located @ LM)","90003-005","Series context and cross-volume routing","Series context","verified","90003-005","90003-005","","true","29","8321834","8321834","Catalog objectFileSize","Restricted - Possibly","0","0","0","0","13","46","0","12","9","1","8","8","8","George H.W. Bush Library, Bush Presidential Records, National Security Council, H-Files, NSD Files, OA/ID 90003–005, NSD–4—February 22, 1989—U.S. Policy toward 7 May 1989 Elections in Panama (File located @ LM).","https://catalog.archives.gov/id/446396814","https://catalog.archives.gov/medialz/presidential-libraries/bush/gb-nsc/H-Files/NSDs_313189290/41-bpr-nsc-hfiles-nsd-4-90003-005.pdf"
"446396815","1989-03-18","1989-03-18","Catalog coverage dates","NSD-5 - March 18, 1989 - Legislation to Authorize the Transfer of Funds to the Agency for International Development (AID) for Humanitarian Assistance to Afghanistan (File located @ LM)","90003-006","Transition Economies and International Economic Strategy","Boundary review","verified","90003-006","90003-006","","true","43","8877539","8877539","Catalog objectFileSize","Restricted - Possibly","0","0","0","0","18","64","2","16","10","2","10","10","14","George H.W. Bush Library, Bush Presidential Records, National Security Council, H-Files, NSD Files, OA/ID 90003–006, NSD–5—March 18, 1989—Legislation to Authorize the Transfer of Funds to the Agency for International Development (AID) for Humanitarian Assistance to Afghanistan (File located @ LM).","https://catalog.archives.gov/id/446396815","https://catalog.archives.gov/medialz/presidential-libraries/bush/gb-nsc/H-Files/NSDs_313189290/41-bpr-nsc-hfiles-nsd-5-90003-006.pdf"
"446396816","1989-03-22","1989-03-22","Catalog coverage dates","NSD-6 - March 22, 1989 - Security for U.S. Government Personnel in Panama","90003-007","Series context and cross-volume routing","Series context","verified","90003-007","90003-007","","true","34","8818468","8818468","Catalog objectFileSize","Restricted - Possibly","4","2","0","0","10","39","1","8","7","0","7","7","9","George H.W. Bush Library, Bush Presidential Records, National Security Council, H-Files, NSD Files, OA/ID 90003–007, NSD–6—March 22, 1989—Security for U.S. Government Personnel in Panama.","https://catalog.archives.gov/id/446396816","https://catalog.archives.gov/medialz/presidential-libraries/bush/gb-nsc/H-Files/NSDs_313189290/41-bpr-nsc-hfiles-nsd-6-90003-007.pdf"
"446396817","1989-04-12","1989-04-12","Catalog coverage dates","NSD-7 - April 12, 1989 - Nuclear Weapons Deployment Authorization for FY 1989 and FY 1990","90003-008","Series context and cross-volume routing","Series context","verified","90003-008","90003-008","","true","40","7190239","7190239","Catalog objectFileSize","Restricted - Possibly","0","0","0","0","23","41","1","20","5","0","5","5","5","George H.W. Bush Library, Bush Presidential Records, National Security Council, H-Files, NSD Files, OA/ID 90003–008, NSD–7—April 12, 1989—Nuclear Weapons Deployment Authorization for FY 1989 and FY 1990.","https://catalog.archives.gov/id/446396817","https://catalog.archives.gov/medialz/presidential-libraries/bush/gb-nsc/H-Files/NSDs_313189290/41-bpr-nsc-hfiles-nsd-7-90003-008.pdf"
"446396818","1989-05-01","1989-05-01","Catalog coverage dates","NSD-8 - May 01, 1989 - U.S. Policy toward Nicaragua and Nicaraguan Resistance [1]","90003-009","Trade Policy and Market Access","Boundary review","verified","90003-009","90003-009","","true","6","2944487","2944487","Catalog objectFileSize","Restricted - Possibly","0","0","0","0","0","8","3","0","2","2","0","0","1","George H.W. Bush Library, Bush Presidential Records, National Security Council, H-Files, NSD Files, OA/ID 90003–009, NSD–8—May 1, 1989—U.S. Policy toward Nicaragua and Nicaraguan Resistance [1].","https://catalog.archives.gov/id/446396818","https://catalog.archives.gov/medialz/presidential-libraries/bush/gb-nsc/H-Files/NSDs_313189290/41-bpr-nsc-hfiles-nsd-8_1-90003-009.pdf"
"446396819","1989-05-01","1989-05-01","Catalog coverage dates","NSD-8 - May 01, 1989 - U.S. Policy toward Nicaragua and Nicaraguan Resistance [2]","90003-010","Trade Policy and Market Access","Boundary review","verified","90003-010","90003-010","","true","51","12944618","12944618","HTTP Content-Length","Restricted - Possibly","2","1","0","0","16","59","4","14","11","2","9","9","10","George H.W. Bush Library, Bush Presidential Records, National Security Council, H-Files, NSD Files, OA/ID 90003–010, NSD–8—May 1, 1989—U.S. Policy toward Nicaragua and Nicaraguan Resistance [2].","https://catalog.archives.gov/id/446396819","https://catalog.archives.gov/medialz/presidential-libraries/bush/gb-nsc/H-Files/NSDs_313189290/41-bpr-nsc-hfiles-nsd-8_2-90003-010.pdf"
"446396822","1989-05-07","1989-05-07","Catalog coverage dates","NSD-10 - May 07, 1989 - Creation of New Policy Coordinating Committees (File located @ LM)","90003-013","Series context and cross-volume routing","Series context","verified with handwritten correction","90003-012","90003-013","90003-012 crossed out; corrected by hand to 90003-013","true","1","426659","426659","Catalog objectFileSize","Restricted - Possibly","0","0","0","0","0","0","0","0","0","0","0","0","0","George H.W. Bush Library, Bush Presidential Records, National Security Council, H-Files, NSD Files, OA/ID 90003–013, NSD–10—May 7, 1989—Creation of New Policy Coordinating Committees (File located @ LM).","https://catalog.archives.gov/id/446396822","https://catalog.archives.gov/medialz/presidential-libraries/bush/gb-nsc/H-Files/NSDs_313189290/41-bpr-nsc-hfiles-nsd-10-90003-013.pdf"
"446396821","1989-05-08","1989-05-08","Catalog coverage dates","NSD-9 - May 08, 1989 - Actions to Respond to Polish Roundtable Agreement","90003-012","Transition Economies and International Economic Strategy","Volume XXX review","verified with handwritten correction","90003-011","90003-012","90003-011 crossed out; corrected by hand to 90003-012","true","26","6884065","6884065","Catalog objectFileSize","Restricted - Possibly","0","0","0","0","8","41","1","12","9","0","6","6","7","George H.W. Bush Library, Bush Presidential Records, National Security Council, H-Files, NSD Files, OA/ID 90003–012, NSD–9—May 8, 1989—Actions to Respond to Polish Roundtable Agreement.","https://catalog.archives.gov/id/446396821","https://catalog.archives.gov/medialz/presidential-libraries/bush/gb-nsc/H-Files/NSDs_313189290/41-bpr-nsc-hfiles-nsd-9-90003-012.pdf"
"446396820","1989-05-11","1989-05-11","Catalog coverage dates","NSD-8a - May 11, 1989 - Sensitive Annex to NSD-8 re: U.S. Policy toward Nicaragua and Nicaraguan Resistance (File located @ LM)","90003-011","Trade Policy and Market Access","Boundary review","verified","90003-011","90003-011","","true","22","8115865","8115865","Catalog objectFileSize","Restricted - Possibly","0","0","0","0","3","51","3","2","12","3","10","10","11","George H.W. Bush Library, Bush Presidential Records, National Security Council, H-Files, NSD Files, OA/ID 90003–011, NSD–8a—May 11, 1989—Sensitive Annex to NSD–8 re: U.S. Policy toward Nicaragua and Nicaraguan Resistance (File located @ LM).","https://catalog.archives.gov/id/446396820","https://catalog.archives.gov/medialz/presidential-libraries/bush/gb-nsc/H-Files/NSDs_313189290/41-bpr-nsc-hfiles-nsd-8a-90003-011.pdf"
"446396823","1989-05-24","1989-05-24","Withdrawal sheet date for signed NSD","NSD-11 - ..... - Classified Title (File located @ LM)","90003-014","Series context and cross-volume routing","Series context","verified","90003-014","90003-014","Source image shows 90003-014; NARA OCR omitted the Folder ID","true","24","8731264","8731264","Catalog objectFileSize","Restricted - Possibly","0","0","0","0","8","49","1","7","10","1","10","10","10","George H.W. Bush Library, Bush Presidential Records, National Security Council, H-Files, NSD Files, OA/ID 90003–014, NSD–11—.....—Classified Title (File located @ LM).","https://catalog.archives.gov/id/446396823","https://catalog.archives.gov/medialz/presidential-libraries/bush/gb-nsc/H-Files/NSDs_313189290/41-bpr-nsc-hfiles-nsd-11-90003-014.pdf"
"446396824","1989-06-06","1989-06-06","Catalog coverage dates","NSD-12 - June 06, 1989 - Lifting the No-Exceptions Policy","90003-015","Strategic Trade, Technology, and Investment Controls","Volume XXX review","verified","90003-015","90003-015","","true","20","5559344","5559344","Catalog objectFileSize","Restricted - Possibly","0","0","0","0","4","35","1","3","13","4","5","4","5","George H.W. Bush Library, Bush Presidential Records, National Security Council, H-Files, NSD Files, OA/ID 90003–015, NSD–12—June 6, 1989—Lifting the No-Exceptions Policy.","https://catalog.archives.gov/id/446396824","https://catalog.archives.gov/medialz/presidential-libraries/bush/gb-nsc/H-Files/NSDs_313189290/41-bpr-nsc-hfiles-nsd-12-90003-015.pdf"
"446396825","1989-06-07","1989-06-07","Catalog coverage dates","NSD-13 - June 07, 1989 - Cocaine Trafficking","90003-016","Series context and cross-volume routing","Series context","verified with handwritten correction","","90003-016","Folder ID corrected by hand to 90003-016","true","36","8164084","8164084","Catalog objectFileSize","Restricted - Possibly","0","0","0","1","6","37","1","5","7","2","6","6","10","George H.W. Bush Library, Bush Presidential Records, National Security Council, H-Files, NSD Files, OA/ID 90003–016, NSD–13—June 7, 1989—Cocaine Trafficking.","https://catalog.archives.gov/id/446396825","https://catalog.archives.gov/medialz/presidential-libraries/bush/gb-nsc/H-Files/NSDs_313189290/41-bpr-nsc-hfiles-nsd-13-90003-016.pdf"
"446396826","1989-06-07","1989-06-07","Withdrawal sheet date for signed annex","NSD-13a - ..... - Classified Title (File located @ LM)","90003-017","Series context and cross-volume routing","Series context","verified with handwritten correction","","90003-017","Folder ID corrected by hand to 90003-017","true","25","5201600","5201600","Catalog objectFileSize","Restricted - Possibly","0","0","0","0","18","19","0","16","1","2","0","0","0","George H.W. Bush Library, Bush Presidential Records, National Security Council, H-Files, NSD Files, OA/ID 90003–017, NSD–13a—.....—Classified Title (File located @ LM).","https://catalog.archives.gov/id/446396826","https://catalog.archives.gov/medialz/presidential-libraries/bush/gb-nsc/H-Files/NSDs_313189290/41-bpr-nsc-hfiles-nsd-13a-90003-017.pdf"
"446396827","1989-06-14","1989-06-14","Catalog coverage dates","NSD-14 - June 14, 1989 - ICBM Modernization and Strategic Defense Initiative","90003-018","Series context and cross-volume routing","Series context","verified with handwritten correction","","90003-018","Folder ID corrected by hand to 90003-018","true","104","21020125","21020124","HTTP Content-Length","Restricted - Possibly","0","1","0","0","26","73","5","22","15","0","13","9","9","George H.W. Bush Library, Bush Presidential Records, National Security Council, H-Files, NSD Files, OA/ID 90003–018, NSD–14—June 14, 1989—ICBM Modernization and Strategic Defense Initiative.","https://catalog.archives.gov/id/446396827","https://catalog.archives.gov/medialz/presidential-libraries/bush/gb-nsc/H-Files/NSDs_313189290/41-bpr-nsc-hfiles-nsd-14-90003-018.pdf"
"446396828","1989-06-22","1989-06-22","Catalog coverage dates","NSD-15 - June 22, 1989 - Open Skies [1]","90003-019","Series context and cross-volume routing","Series context","not online","","90003-019","","false","0","0","0","No online PDF","Restricted - Possibly","0","0","0","0","0","0","0","0","0","0","0","0","0","George H.W. Bush Library, Bush Presidential Records, National Security Council, H-Files, NSD Files, OA/ID 90003–019, NSD–15—June 22, 1989—Open Skies [1].","https://catalog.archives.gov/id/446396828",""
"446396829","1989-06-22","1989-06-22","Catalog coverage dates","NSD-15 - June 22, 1989 - Open Skies [2]","90003-020","Series context and cross-volume routing","Series context","verified with handwritten correction","90003-020","90003-020","Folder ID corrected by hand to 90003-020","true","63","20926147","20926148","HTTP Content-Length","Restricted - Possibly","0","0","0","0","14","75","1","12","15","0","17","15","15","George H.W. Bush Library, Bush Presidential Records, National Security Council, H-Files, NSD Files, OA/ID 90003–020, NSD–15—June 22, 1989—Open Skies [2].","https://catalog.archives.gov/id/446396829","https://catalog.archives.gov/medialz/presidential-libraries/bush/gb-nsc/H-Files/NSDs_313189290/41-bpr-nsc-hfiles-nsd-15_2-90003-020.pdf"
"446396830","1989-07-08","1989-07-08","Catalog coverage dates","NSD-16 - July 08, 1989 - Middle East Peace Process","90003-021","Series context and cross-volume routing","Series context","verified with catalog ID mismatch","90003-019","90003-021","90003-019 on the marker; 90003-021 in the Catalog and digital-object path","true","33","14100218","14100218","HTTP Content-Length","Restricted - Possibly","1","1","0","0","1","45","3","0","10","0","11","10","11","George H.W. Bush Library, Bush Presidential Records, National Security Council, H-Files, NSD Files, OA/ID 90003–021, NSD–16—July 8, 1989—Middle East Peace Process.","https://catalog.archives.gov/id/446396830","https://catalog.archives.gov/medialz/presidential-libraries/bush/gb-nsc/H-Files/NSDs_313189290/41-bpr-nsc-hfiles-nsd-16-90003-021.pdf"
"446396831","1989-07-22","1989-07-22","Catalog coverage dates","NSD-17 - July 22, 1989 - U.S. Actions in Panama","90003-022","Series context and cross-volume routing","Series context","verified","90003-022","90003-022","","true","9","2008357","2008357","Catalog objectFileSize","Restricted - Possibly","0","0","0","0","3","3","0","2","0","0","0","0","1","George H.W. Bush Library, Bush Presidential Records, National Security Council, H-Files, NSD Files, OA/ID 90003–022, NSD–17—July 22, 1989—U.S. Actions in Panama.","https://catalog.archives.gov/id/446396831","https://catalog.archives.gov/medialz/presidential-libraries/bush/gb-nsc/H-Files/NSDs_313189290/41-bpr-nsc-hfiles-nsd-17-90003-022.pdf"
"446396832","1989-08-21","1989-08-21","Catalog coverage dates","NSD-18 - August 21, 1989 - International Counternarcotics Strategy","90003-023","Monetary Policy, Debt, and International Institutions","Boundary review","verified","90003-023","90003-023","Source image shows 90003-023; NARA OCR omitted the Folder ID","true","160","27937126","27937126","HTTP Content-Length","Restricted - Possibly","0","0","0","0","68","182","51","60","15","11","12","10","23","George H.W. Bush Library, Bush Presidential Records, National Security Council, H-Files, NSD Files, OA/ID 90003–023, NSD–18—August 21, 1989—International Counternarcotics Strategy.","https://catalog.archives.gov/id/446396832","https://catalog.archives.gov/medialz/presidential-libraries/bush/gb-nsc/H-Files/NSDs_313189290/41-bpr-nsc-hfiles-nsd-18-90003-023.pdf"
"446396833","1989-08-23","1989-08-23","Catalog coverage dates","NSD-18a - August 23, 1989 - Annex to NSD-18 Regarding International Counternarcotics Strategy (File located @ LM)","90003-024","Monetary Policy, Debt, and International Institutions","Boundary review","verified with handwritten correction","","90003-024","Folder ID corrected by hand to 90003-024","true","59","10403117","10403117","HTTP Content-Length","Restricted - Possibly","0","0","0","0","26","83","11","24","14","9","2","11","12","George H.W. Bush Library, Bush Presidential Records, National Security Council, H-Files, NSD Files, OA/ID 90003–024, NSD–18a—August 23, 1989—Annex to NSD–18 Regarding International Counternarcotics Strategy (File located @ LM).","https://catalog.archives.gov/id/446396833","https://catalog.archives.gov/medialz/presidential-libraries/bush/gb-nsc/H-Files/NSDs_313189290/41-bpr-nsc-hfiles-nsd-18a-90003-024.pdf"
"446396834","1989-08-24","1989-08-24","Catalog coverage dates","NSD-19 - August 24, 1989 - U.S. Policy toward Libya","90003-025","Series context and cross-volume routing","Series context","verified with catalog ID mismatch","90003-023","90003-025","90003-023 on the marker; 90003-025 in the Catalog and digital-object path","true","12","3191296","3191296","Catalog objectFileSize","Restricted - Possibly","0","0","0","0","5","13","1","4","2","0","2","2","2","George H.W. Bush Library, Bush Presidential Records, National Security Council, H-Files, NSD Files, OA/ID 90003–025, NSD–19—August 24, 1989—U.S. Policy toward Libya.","https://catalog.archives.gov/id/446396834","https://catalog.archives.gov/medialz/presidential-libraries/bush/gb-nsc/H-Files/NSDs_313189290/41-bpr-nsc-hfiles-nsd-19-90003-025.pdf"
"446396835","1989-08-24","1989-08-24","Withdrawal sheet date for signed annex","NSD-19a - ..... - Classified Title (File located @ LM)","90003-026","Series context and cross-volume routing","Series context","verified with handwritten correction","","90003-026","Folder ID corrected by hand to 90003-026","true","29","9060814","9060814","Catalog objectFileSize","Restricted - Possibly","0","0","0","0","6","52","1","5","11","1","12","11","11","George H.W. Bush Library, Bush Presidential Records, National Security Council, H-Files, NSD Files, OA/ID 90003–026, NSD–19a—.....—Classified Title (File located @ LM).","https://catalog.archives.gov/id/446396835","https://catalog.archives.gov/medialz/presidential-libraries/bush/gb-nsc/H-Files/NSDs_313189290/41-bpr-nsc-hfiles-nsd-19a-90003-026.pdf"
"446396836","1989-08-29","1989-08-29","Catalog coverage dates","NSD-20 - August 29, 1989 - U.S. Policy toward South Asia","90003-027","Trade Policy and Market Access","Boundary review","verified with handwritten correction","","90003-027","Folder ID corrected by hand to 90003-027","true","45","12531220","12531220","HTTP Content-Length","Restricted - Possibly","0","0","0","0","11","97","25","9","27","0","11","11","14","George H.W. Bush Library, Bush Presidential Records, National Security Council, H-Files, NSD Files, OA/ID 90003–027, NSD–20—August 29, 1989—U.S. Policy toward South Asia.","https://catalog.archives.gov/id/446396836","https://catalog.archives.gov/medialz/presidential-libraries/bush/gb-nsc/H-Files/NSDs_313189290/41-bpr-nsc-hfiles-nsd-20-90003-027.pdf"
"446396837","1989-09-01","1989-09-01","Catalog coverage dates","NSD-21 - September 01, 1989 - U.S. Policy toward Panama under Noriega after 1 September 1989","90003-028","Series context and cross-volume routing","Series context","verified with catalog ID mismatch","90003-026","90003-028","90003-026 on the marker; 90003-028 in the Catalog and digital-object path","true","21","7292949","7292949","Catalog objectFileSize","Restricted - Possibly","3","0","0","0","0","20","2","0","3","2","3","3","7","George H.W. Bush Library, Bush Presidential Records, National Security Council, H-Files, NSD Files, OA/ID 90003–028, NSD–21—September 1, 1989—U.S. Policy toward Panama under Noriega after 1 September 1989.","https://catalog.archives.gov/id/446396837","https://catalog.archives.gov/medialz/presidential-libraries/bush/gb-nsc/H-Files/NSDs_313189290/41-bpr-nsc-hfiles-nsd-21-90003-028.pdf"
"446396841","1989-09-11","1989-09-11","Catalog coverage dates","NSD-25 - September 11, 1989 - U.S. Policy toward February 1990 Nicaraguan Election","90003-032","Series context and cross-volume routing","Series context","verified with catalog ID mismatch","90003-030","90003-032","90003-030 on the marker; 90003-032 in the Catalog and digital-object path","true","3","922679","922679","Catalog objectFileSize","Restricted - Possibly","0","0","0","0","0","0","0","0","0","0","0","0","0","George H.W. Bush Library, Bush Presidential Records, National Security Council, H-Files, NSD Files, OA/ID 90003–032, NSD–25—September 11, 1989—U.S. Policy toward February 1990 Nicaraguan Election.","https://catalog.archives.gov/id/446396841","https://catalog.archives.gov/medialz/presidential-libraries/bush/gb-nsc/H-Files/NSDs_313189290/41-bpr-nsc-hfiles-nsd-25-90003-032.pdf"
"446396838","1989-09-20","1989-09-20","Catalog coverage dates","NSD-22 - September 20, 1989 - U.S. Policy on Nuclear Testing and Arms Control","90003-029","Series context and cross-volume routing","Series context","verified with handwritten correction","","90003-029","Folder ID corrected by hand to 90003-029","true","75","14142600","14142600","HTTP Content-Length","Restricted - Possibly","0","0","0","0","35","78","1","31","17","0","12","8","9","George H.W. Bush Library, Bush Presidential Records, National Security Council, H-Files, NSD Files, OA/ID 90003–029, NSD–22—September 20, 1989—U.S. Policy on Nuclear Testing and Arms Control.","https://catalog.archives.gov/id/446396838","https://catalog.archives.gov/medialz/presidential-libraries/bush/gb-nsc/H-Files/NSDs_313189290/41-bpr-nsc-hfiles-nsd-22-90003-029.pdf"
"446396839","1989-09-22","1989-09-22","Catalog coverage dates","NSD-23 - September 22, 1989 - U.S. Relations with the Soviet Union","90003-030","Transition Economies and International Economic Strategy","Volume XXX review","verified with handwritten correction","","90003-030","Folder ID corrected by hand to 90003-030","true","67","18396227","18396228","HTTP Content-Length","Restricted - Possibly","2","3","0","0","7","117","45","10","28","0","11","11","12","George H.W. Bush Library, Bush Presidential Records, National Security Council, H-Files, NSD Files, OA/ID 90003–030, NSD–23—September 22, 1989—U.S. Relations with the Soviet Union.","https://catalog.archives.gov/id/446396839","https://catalog.archives.gov/medialz/presidential-libraries/bush/gb-nsc/H-Files/NSDs_313189290/41-bpr-nsc-hfiles-nsd-23-90003-030.pdf"
"446396842","1989-09-22","1989-09-22","Action profile date for signed NSD annex","NSD-25a - ..... - Classified Title","90003-033","Series context and cross-volume routing","Series context","verified with catalog ID mismatch","90003-031","90003-033","90003-031 on the marker; 90003-033 in the Catalog and digital-object path","true","18","3662743","3662743","Catalog objectFileSize","Restricted - Possibly","0","0","0","0","4","26","1","3","5","2","5","5","5","George H.W. Bush Library, Bush Presidential Records, National Security Council, H-Files, NSD Files, OA/ID 90003–033, NSD–25a—.....—Classified Title.","https://catalog.archives.gov/id/446396842","https://catalog.archives.gov/medialz/presidential-libraries/bush/gb-nsc/H-Files/NSDs_313189290/41-bpr-nsc-hfiles-nsd-25a-90003-033.pdf"
"446396840","1989-09-26","1989-09-26","Catalog coverage dates","NSD-24 - September 26, 1989 - Chemical Weapons Arms Control Initiative","90003-031","Series context and cross-volume routing","Series context","verified with handwritten correction","","90003-031","Folder ID corrected by hand to 90003-031","true","57","13219817","13219817","HTTP Content-Length","Restricted - Possibly","0","2","0","0","13","69","1","11","13","6","14","11","13","George H.W. Bush Library, Bush Presidential Records, National Security Council, H-Files, NSD Files, OA/ID 90003–031, NSD–24—September 26, 1989—Chemical Weapons Arms Control Initiative.","https://catalog.archives.gov/id/446396840","https://catalog.archives.gov/medialz/presidential-libraries/bush/gb-nsc/H-Files/NSDs_313189290/41-bpr-nsc-hfiles-nsd-24-90003-031.pdf"
"446396843","1989-10-02","1989-10-02","Catalog coverage dates","NSD-26 - October 02, 1989 - U.S. Policy toward the Persian Gulf","90003-034","Trade Policy and Market Access","Boundary review","verified with catalog ID mismatch","90003-032","90003-034","90003-032 on the marker; 90003-034 in the Catalog and digital-object path","true","119","22822631","22822632","HTTP Content-Length","Restricted - Possibly","3","4","0","1","8","264","34","9","81","41","51","30","18","George H.W. Bush Library, Bush Presidential Records, National Security Council, H-Files, NSD Files, OA/ID 90003–034, NSD–26—October 2, 1989—U.S. Policy toward the Persian Gulf.","https://catalog.archives.gov/id/446396843","https://catalog.archives.gov/medialz/presidential-libraries/bush/gb-nsc/H-Files/NSDs_313189290/41-bpr-nsc-hfiles-nsd-26-90003-034.pdf"
"446396844","1989-10-02","1989-10-02","Catalog coverage dates","NSD-27 - October 02, 1989 - Soviet Emigration Policy","90003-035","Strategic Trade, Technology, and Investment Controls","Volume XXX review","verified","90003-035","90003-035","","true","84","18273497","18273496","HTTP Content-Length","Restricted - Possibly","7","2","0","0","28","57","3","25","7","0","7","7","8","George H.W. Bush Library, Bush Presidential Records, National Security Council, H-Files, NSD Files, OA/ID 90003–035, NSD–27—October 2, 1989—Soviet Emigration Policy.","https://catalog.archives.gov/id/446396844","https://catalog.archives.gov/medialz/presidential-libraries/bush/gb-nsc/H-Files/NSDs_313189290/41-bpr-nsc-hfiles-nsd-27-90003-035.pdf"
"446396845","1989-10-05","1989-10-05","Catalog coverage dates","NSD-28 - October 05, 1989 - National Security Directive on Sealift","90003-036","Trade Policy and Market Access","Boundary review","verified","90003-036","90003-036","","true","131","32299260","32299260","HTTP Content-Length","Restricted - Possibly","0","4","0","0","23","143","19","22","39","0","18","22","23","George H.W. Bush Library, Bush Presidential Records, National Security Council, H-Files, NSD Files, OA/ID 90003–036, NSD–28—October 5, 1989—National Security Directive on Sealift.","https://catalog.archives.gov/id/446396845","https://catalog.archives.gov/medialz/presidential-libraries/bush/gb-nsc/H-Files/NSDs_313189290/41-bpr-nsc-hfiles-nsd-28-90003-036.pdf"
"446396811","1989-10-25","1989-10-25","Catalog coverage dates","NSD-1a - October 25, 1989 - Supplement to National Security Directive 1 (Crisis Management) (File located @ LM)","90003-002","Series context and cross-volume routing","Series context","verified","90003-002","90003-002","","true","1","443814","443814","Catalog objectFileSize","Restricted - Possibly","0","0","0","0","0","0","0","0","0","0","0","0","0","George H.W. Bush Library, Bush Presidential Records, National Security Council, H-Files, NSD Files, OA/ID 90003–002, NSD–1a—October 25, 1989—Supplement to National Security Directive 1 (Crisis Management) (File located @ LM).","https://catalog.archives.gov/id/446396811","https://catalog.archives.gov/medialz/presidential-libraries/bush/gb-nsc/H-Files/NSDs_313189290/41-bpr-nsc-hfiles-nsd-1a-90003-002.pdf"
"446396812","1989-10-25","1989-10-25","Catalog coverage dates","NSD-1a - October 25, 1989 - Supplement to National Security Directive 1 (Crisis Management) (File located @ LM)","90003-003","Series context and cross-volume routing","Series context","verified","90003-003","90003-003","","true","90","19810370","19810370","HTTP Content-Length","Restricted - Possibly","0","0","0","0","9","151","15","6","30","0","33","22","45","George H.W. Bush Library, Bush Presidential Records, National Security Council, H-Files, NSD Files, OA/ID 90003–003, NSD–1a—October 25, 1989—Supplement to National Security Directive 1 (Crisis Management) (File located @ LM).","https://catalog.archives.gov/id/446396812","https://catalog.archives.gov/medialz/presidential-libraries/bush/gb-nsc/H-Files/NSDs_313189290/41-bpr-nsc-hfiles-nsd-2-90003-003.pdf"
"446396846","1989-10-30","1989-10-30","Catalog coverage dates","NSD-29 - October 30, 1989 - FY 1990 Aqueduct Nuclear Test Program","90003-037","Series context and cross-volume routing","Series context","verified","90003-037","90003-037","","true","65","17100268","17100268","HTTP Content-Length","Restricted - Possibly","0","0","0","0","20","83","1","17","10","0","35","10","10","George H.W. Bush Library, Bush Presidential Records, National Security Council, H-Files, NSD Files, OA/ID 90003–037, NSD–29—October 30, 1989—FY 1990 Aqueduct Nuclear Test Program.","https://catalog.archives.gov/id/446396846","https://catalog.archives.gov/medialz/presidential-libraries/bush/gb-nsc/H-Files/NSDs_313189290/41-bpr-nsc-hfiles-nsd-29-90003-037.pdf"
"446396847","1989-11-02","1989-11-02","Catalog coverage dates","NSD-30 - November 02, 1989 - National Space Policy (National Space Policy Directive 1) [1]","90004-001","Strategic Trade, Technology, and Investment Controls","Boundary review","verified","90004-001","90004-001","","true","101","18240559","18240560","HTTP Content-Length","Restricted - Possibly","0","0","0","0","26","93","10","23","21","0","9","9","21","George H.W. Bush Library, Bush Presidential Records, National Security Council, H-Files, NSD Files, OA/ID 90004–001, NSD–30—November 2, 1989—National Space Policy (National Space Policy Directive 1) [1].","https://catalog.archives.gov/id/446396847","https://catalog.archives.gov/medialz/presidential-libraries/bush/gb-nsc/H-Files/NSDs_313189290/41-bpr-nsc-hfiles-nsd-30_1-90004-001.pdf"
"446396848","1989-11-02","1989-11-02","Catalog coverage dates","NSD-30 - November 02, 1989 - National Space Policy (National Space Policy Directive 1) [2]","90004-002","Strategic Trade, Technology, and Investment Controls","Boundary review","verified","90004-002","90004-002","","true","49","6996910","6996910","Catalog objectFileSize","Restricted - Possibly","0","0","0","0","23","31","0","21","3","0","2","2","3","George H.W. Bush Library, Bush Presidential Records, National Security Council, H-Files, NSD Files, OA/ID 90004–002, NSD–30—November 2, 1989—National Space Policy (National Space Policy Directive 1) [2].","https://catalog.archives.gov/id/446396848","https://catalog.archives.gov/medialz/presidential-libraries/bush/gb-nsc/H-Files/NSDs_313189290/41-bpr-nsc-hfiles-nsd-30_2-90004-002.pdf"
"446396849","1989-11-02","1989-11-02","Catalog coverage dates","NSD-30a - November 02, 1989 - Annex to NSD-30 and National Space Policy Directive 1 (File Located @ LM) [1]","90004-003","Strategic Trade, Technology, and Investment Controls","Boundary review","verified","90004-003","90004-003","","true","89","16028495","16028495","HTTP Content-Length","Restricted - Possibly","0","0","0","0","25","108","18","22","34","0","10","10","14","George H.W. Bush Library, Bush Presidential Records, National Security Council, H-Files, NSD Files, OA/ID 90004–003, NSD–30a—November 2, 1989—Annex to NSD–30 and National Space Policy Directive 1 (File Located @ LM) [1].","https://catalog.archives.gov/id/446396849","https://catalog.archives.gov/medialz/presidential-libraries/bush/gb-nsc/H-Files/NSDs_313189290/41-bpr-nsc-hfiles-nsd-30a_1-90004-003.pdf"
"446396850","1989-11-02","1989-11-02","Catalog coverage dates","NSD-30a - November 02, 1989 - Annex to NSD-30 and National Space Policy Directive 1 (File Located @ LM) [2]","90004-004","Strategic Trade, Technology, and Investment Controls","Boundary review","not online","","90004-004","","false","0","0","0","No online PDF","Restricted - Possibly","0","0","0","0","0","0","0","0","0","0","0","0","0","George H.W. Bush Library, Bush Presidential Records, National Security Council, H-Files, NSD Files, OA/ID 90004–004, NSD–30a—November 2, 1989—Annex to NSD–30 and National Space Policy Directive 1 (File Located @ LM) [2].","https://catalog.archives.gov/id/446396850",""
"446396851","1989-11-14","1989-11-14","Catalog coverage dates","NSD-31 - November 14, 1989 - Change to FY 1989 and FY 1990 Nuclear Weapons Deployment Plan","90004-005","Series context and cross-volume routing","Series context","verified","90004-005","90004-005","","true","22","5866502","5866502","Catalog objectFileSize","Restricted - Possibly","0","0","0","0","6","23","3","5","4","2","4","1","4","George H.W. Bush Library, Bush Presidential Records, National Security Council, H-Files, NSD Files, OA/ID 90004–005, NSD–31—November 14, 1989—Change to FY 1989 and FY 1990 Nuclear Weapons Deployment Plan.","https://catalog.archives.gov/id/446396851","https://catalog.archives.gov/medialz/presidential-libraries/bush/gb-nsc/H-Files/NSDs_313189290/41-bpr-nsc-hfiles-nsd-31-90004-005.pdf"
"446396852","1989-11-30","1989-11-30","Catalog coverage dates","NSD-32 - November 30, 1989 - Economic Sanctions against Panama","90004-006","Trade Policy and Market Access","Boundary review","verified with catalog ID mismatch","90004-004","90004-006","90004-004 on the marker; 90004-006 in the Catalog and digital-object path","true","53","12485423","12485423","HTTP Content-Length","Restricted - Possibly","0","0","0","0","17","111","25","15","10","24","10","8","19","George H.W. Bush Library, Bush Presidential Records, National Security Council, H-Files, NSD Files, OA/ID 90004–006, NSD–32—November 30, 1989—Economic Sanctions against Panama.","https://catalog.archives.gov/id/446396852","https://catalog.archives.gov/medialz/presidential-libraries/bush/gb-nsc/H-Files/NSDs_313189290/41-bpr-nsc-hfiles-nsd-32-90004-006.pdf"
"446396853","1990-01-24","1990-01-24","Catalog coverage dates","NSD-33 - January 24, 1990 - U.S. Policy toward Panama: Post-Noriega","90004-007","Monetary Policy, Debt, and International Institutions","Boundary review","verified with catalog ID mismatch","90004-005","90004-007","90004-005 on the marker; 90004-007 in the Catalog and digital-object path","true","46","13686925","13686925","HTTP Content-Length","Restricted - Possibly","5","1","0","0","7","80","18","5","16","5","10","10","16","George H.W. Bush Library, Bush Presidential Records, National Security Council, H-Files, NSD Files, OA/ID 90004–007, NSD–33—January 24, 1990—U.S. Policy toward Panama: Post-Noriega.","https://catalog.archives.gov/id/446396853","https://catalog.archives.gov/medialz/presidential-libraries/bush/gb-nsc/H-Files/NSDs_313189290/41-bpr-nsc-hfiles-nsd-33-90004-007.pdf"
"446396854","1990-01-24","1990-01-24","Catalog coverage dates","NSD-34 - January 24, 1990 - Partnership with Panama: Action Plan to Foster Economic Recovery","90004-008","Monetary Policy, Debt, and International Institutions","Boundary review","verified with catalog ID mismatch","90004-006","90004-008","90004-006 on the marker; 90004-008 in the Catalog and digital-object path","true","50","17958086","17958086","HTTP Content-Length","Restricted - Possibly","4","1","0","0","4","236","50","30","63","17","12","22","42","George H.W. Bush Library, Bush Presidential Records, National Security Council, H-Files, NSD Files, OA/ID 90004–008, NSD–34—January 24, 1990—Partnership with Panama: Action Plan to Foster Economic Recovery.","https://catalog.archives.gov/id/446396854","https://catalog.archives.gov/medialz/presidential-libraries/bush/gb-nsc/H-Files/NSDs_313189290/41-bpr-nsc-hfiles-nsd-34-90004-008.pdf"
"446396855","1990-01-24","1990-01-24","Catalog coverage dates","NSD-35 - January 24, 1990 - U.S.-Soviet Economic Initiatives","90004-009","Transition Economies and International Economic Strategy","Volume XXX review","verified","90004-009","90004-009","","true","39","14476423","14476423","HTTP Content-Length","Restricted - Possibly","0","0","0","0","8","118","46","7","25","1","13","11","15","George H.W. Bush Library, Bush Presidential Records, National Security Council, H-Files, NSD Files, OA/ID 90004–009, NSD–35—January 24, 1990—U.S.-Soviet Economic Initiatives.","https://catalog.archives.gov/id/446396855","https://catalog.archives.gov/medialz/presidential-libraries/bush/gb-nsc/H-Files/NSDs_313189290/41-bpr-nsc-hfiles-nsd-35-90004-009.pdf"
"446396856","1990-02-06","1990-02-06","Catalog coverage dates","NSD-36 - February 06, 1990 - United States Arms Control Policy","90004-010","Series context and cross-volume routing","Series context","verified","90004-010","90004-010","","true","39","12261963","12261963","HTTP Content-Length","Restricted - Possibly","0","0","0","0","8","45","1","7","9","0","11","8","9","George H.W. Bush Library, Bush Presidential Records, National Security Council, H-Files, NSD Files, OA/ID 90004–010, NSD–36—February 6, 1990—United States Arms Control Policy.","https://catalog.archives.gov/id/446396856","https://catalog.archives.gov/medialz/presidential-libraries/bush/gb-nsc/H-Files/NSDs_313189290/41-bpr-nsc-hfiles-nsd-36-90004-010.pdf"
"446396857","1990-04-18","1990-04-18","Catalog coverage dates","NSD-37 - April 18, 1990 - Enduring Constitutional Government (File located @ LM)","90004-011","Series context and cross-volume routing","Series context","verified","90004-011","90004-011","","true","82","10320078","10320078","HTTP Content-Length","Restricted - Possibly","0","0","0","0","67","66","1","63","1","1","0","0","0","George H.W. Bush Library, Bush Presidential Records, National Security Council, H-Files, NSD Files, OA/ID 90004–011, NSD–37—April 18, 1990—Enduring Constitutional Government (File located @ LM).","https://catalog.archives.gov/id/446396857","https://catalog.archives.gov/medialz/presidential-libraries/bush/gb-nsc/H-Files/NSDs_313189290/41-bpr-nsc-hfiles-nsd-37-90004-011.pdf"
"446396858","1990-05-01","1990-05-01","Catalog coverage dates","NSD-38 - May 01, 1990 - Nuclear Weapons Deployment Authorization for FY 1990 and FY 1991","90004-012","Series context and cross-volume routing","Series context","verified","90004-012","90004-012","","true","39","5281412","5281412","Catalog objectFileSize","Restricted - Possibly","0","0","0","0","24","24","1","22","1","0","0","0","0","George H.W. Bush Library, Bush Presidential Records, National Security Council, H-Files, NSD Files, OA/ID 90004–012, NSD–38—May 1, 1990—Nuclear Weapons Deployment Authorization for FY 1990 and FY 1991.","https://catalog.archives.gov/id/446396858","https://catalog.archives.gov/medialz/presidential-libraries/bush/gb-nsc/H-Files/NSDs_313189290/41-bpr-nsc-hfiles-nsd-38-90004-012.pdf"
"446396859","1990-05-01","1990-05-01","Catalog coverage dates","NSD-39 - May 01, 1990 - COCOM Policy toward Eastern Europe and Soviet Union","90004-013","Strategic Trade, Technology, and Investment Controls","Volume XXX review","verified","90004-013","90004-013","","true","39","9553652","9553652","Catalog objectFileSize","Restricted - Possibly","2","2","0","0","10","76","1","8","54","0","7","0","6","George H.W. Bush Library, Bush Presidential Records, National Security Council, H-Files, NSD Files, OA/ID 90004–013, NSD–39—May 1, 1990—COCOM Policy toward Eastern Europe and Soviet Union.","https://catalog.archives.gov/id/446396859","https://catalog.archives.gov/medialz/presidential-libraries/bush/gb-nsc/H-Files/NSDs_313189290/41-bpr-nsc-hfiles-nsd-39-90004-013.pdf"
"446396860","1990-05-14","1990-05-14","Catalog coverage dates","NSD-40 - May 14, 1990 - Decisions on START Issues","90004-014","Series context and cross-volume routing","Series context","verified","90004-014","90004-014","","true","38","8621432","8621432","Catalog objectFileSize","Restricted - Possibly","0","0","0","0","6","15","1","5","0","0","9","0","0","George H.W. Bush Library, Bush Presidential Records, National Security Council, H-Files, NSD Files, OA/ID 90004–014, NSD–40—May 14, 1990—Decisions on START Issues.","https://catalog.archives.gov/id/446396860","https://catalog.archives.gov/medialz/presidential-libraries/bush/gb-nsc/H-Files/NSDs_313189290/41-bpr-nsc-hfiles-nsd-40-90004-014.pdf"
"446396861","1990-05-29","1990-05-29","Catalog coverage dates","NSD-41 - May 29, 1990 - Organizing to Manage On-Site Inspection for Arms Control","90004-015","Series context and cross-volume routing","Series context","verified","90004-015","90004-015","","true","74","18017993","18017992","HTTP Content-Length","Restricted - Possibly","0","1","0","0","12","18","1","10","0","0","7","0","0","George H.W. Bush Library, Bush Presidential Records, National Security Council, H-Files, NSD Files, OA/ID 90004–015, NSD–41—May 29, 1990—Organizing to Manage On-Site Inspection for Arms Control.","https://catalog.archives.gov/id/446396861","https://catalog.archives.gov/medialz/presidential-libraries/bush/gb-nsc/H-Files/NSDs_313189290/41-bpr-nsc-hfiles-nsd-41-90004-015.pdf"
"446396862","1990-07-05","1990-07-05","Catalog coverage dates","NSD-42 - July 05, 1990 - National Policy for the Security of National Security Telecommunications and Information Systems [1]","90004-016","Series context and cross-volume routing","Series context","verified","90004-016","90004-016","","true","85","17752406","17752406","HTTP Content-Length","Restricted - Possibly","0","0","0","0","30","53","1","26","0","0","10","0","16","George H.W. Bush Library, Bush Presidential Records, National Security Council, H-Files, NSD Files, OA/ID 90004–016, NSD–42—July 5, 1990—National Policy for the Security of National Security Telecommunications and Information Systems [1].","https://catalog.archives.gov/id/446396862","https://catalog.archives.gov/medialz/presidential-libraries/bush/gb-nsc/H-Files/NSDs_313189290/41-bpr-nsc-hfiles-nsd-42_1-90004-016.pdf"
"446396863","1990-07-05","1990-07-05","Catalog coverage dates","NSD-42 - July 05, 1990 - National Policy for the Security of National Security Telecommunications and Information Systems [2]","90004-017","Series context and cross-volume routing","Series context","verified","90004-017","90004-017","","true","40","6106301","6106301","Catalog objectFileSize","Restricted - Possibly","0","0","0","0","17","18","0","18","0","0","0","0","0","George H.W. Bush Library, Bush Presidential Records, National Security Council, H-Files, NSD Files, OA/ID 90004–017, NSD–42—July 5, 1990—National Policy for the Security of National Security Telecommunications and Information Systems [2].","https://catalog.archives.gov/id/446396863","https://catalog.archives.gov/medialz/presidential-libraries/bush/gb-nsc/H-Files/NSDs_313189290/41-bpr-nsc-hfiles-nsd-42_2-90004-017.pdf"
"446396864","1990-07-12","1990-07-12","Catalog coverage dates","NSD-43 - July 12, 1990 - FY 1990-FY 1995 Nuclear Weapons Stockpile Plan","90004-018","Series context and cross-volume routing","Series context","verified","90004-018","90004-018","","true","54","14202582","14202582","HTTP Content-Length","Restricted - Possibly","0","0","0","0","17","22","1","15","0","0","6","0","0","George H.W. Bush Library, Bush Presidential Records, National Security Council, H-Files, NSD Files, OA/ID 90004–018, NSD–43—July 12, 1990—FY 1990-FY 1995 Nuclear Weapons Stockpile Plan.","https://catalog.archives.gov/id/446396864","https://catalog.archives.gov/medialz/presidential-libraries/bush/gb-nsc/H-Files/NSDs_313189290/41-bpr-nsc-hfiles-nsd-43-90004-018.pdf"
"446396865","1990-07-18","1990-07-18","Catalog coverage dates","NSD-44 - July 18, 1990 - Organizing to Manage On-Site Verification of Nuclear Testing","90004-019","Series context and cross-volume routing","Series context","verified","90004-019","90004-019","","true","63","11277796","11277796","HTTP Content-Length","Restricted - Possibly","0","0","0","0","18","24","1","16","0","0","7","0","0","George H.W. Bush Library, Bush Presidential Records, National Security Council, H-Files, NSD Files, OA/ID 90004–019, NSD–44—July 18, 1990—Organizing to Manage On-Site Verification of Nuclear Testing.","https://catalog.archives.gov/id/446396865","https://catalog.archives.gov/medialz/presidential-libraries/bush/gb-nsc/H-Files/NSDs_313189290/41-bpr-nsc-hfiles-nsd-44-90004-019.pdf"
"446396866","1990-08-20","1990-08-20","Catalog coverage dates","NSD-45 - August 20, 1990 - U.S. Policy in Response to the Iraqi Invasion of Kuwait","90004-020","Trade Policy and Market Access","Boundary review","verified","90004-020","90004-020","","true","54","14166653","14166653","HTTP Content-Length","Restricted - Possibly","6","3","0","0","4","222","52","2","16","30","93","8","21","George H.W. Bush Library, Bush Presidential Records, National Security Council, H-Files, NSD Files, OA/ID 90004–020, NSD–45—August 20, 1990—U.S. Policy in Response to the Iraqi Invasion of Kuwait.","https://catalog.archives.gov/id/446396866","https://catalog.archives.gov/medialz/presidential-libraries/bush/gb-nsc/H-Files/NSDs_313189290/41-bpr-nsc-hfiles-nsd-45-90004-020.pdf"
"446396867","1990-09-07","1990-09-07","Catalog coverage dates","NSD-46 - September 07, 1990 - Cape York","90004-021","Strategic Trade, Technology, and Investment Controls","Volume XXX review","verified","90004-021","90004-021","","true","64","16578494","16578494","HTTP Content-Length","Restricted - Possibly","0","0","0","0","14","58","2","12","23","1","6","0","14","George H.W. Bush Library, Bush Presidential Records, National Security Council, H-Files, NSD Files, OA/ID 90004–021, NSD–46—September 7, 1990—Cape York.","https://catalog.archives.gov/id/446396867","https://catalog.archives.gov/medialz/presidential-libraries/bush/gb-nsc/H-Files/NSDs_313189290/41-bpr-nsc-hfiles-nsd-46-90004-021.pdf"
"446396868","1990-10-05","1990-10-05","Catalog coverage dates","NSD-47 - October 05, 1990 - Counterintelligence and Security Countermeasures [1]","90004-022","Series context and cross-volume routing","Series context","verified","90004-022","90004-022","","true","40","9586695","9586695","Catalog objectFileSize","Restricted - Possibly","0","0","0","0","19","16","0","16","0","0","0","0","0","George H.W. Bush Library, Bush Presidential Records, National Security Council, H-Files, NSD Files, OA/ID 90004–022, NSD–47—October 5, 1990—Counterintelligence and Security Countermeasures [1].","https://catalog.archives.gov/id/446396868","https://catalog.archives.gov/medialz/presidential-libraries/bush/gb-nsc/H-Files/NSDs_313189290/41-bpr-nsc-hfiles-nsd-47_1-90004-022.pdf"
"446396869","1990-10-05","1990-10-05","Catalog coverage dates","NSD-47 - October 05, 1990 - Counterintelligence and Security Countermeasures [2]","90004-023","Series context and cross-volume routing","Series context","verified","90004-023","90004-023","","true","40","9580898","9580898","Catalog objectFileSize","Restricted - Possibly","0","0","0","0","4","23","1","3","0","0","7","0","12","George H.W. Bush Library, Bush Presidential Records, National Security Council, H-Files, NSD Files, OA/ID 90004–023, NSD–47—October 5, 1990—Counterintelligence and Security Countermeasures [2].","https://catalog.archives.gov/id/446396869","https://catalog.archives.gov/medialz/presidential-libraries/bush/gb-nsc/H-Files/NSDs_313189290/41-bpr-nsc-hfiles-nsd-47_2-90004-023.pdf"
"446396870","1990-10-10","1990-10-10","Catalog coverage dates","NSD-48 - October 10, 1990 - Nuclear Weapons Deployment Authorization for FY 1990 and FY 1991","90004-024","Series context and cross-volume routing","Series context","verified","90004-024","90004-024","","true","35","6026348","6026348","Catalog objectFileSize","Restricted - Possibly","0","0","0","0","22","35","1","20","4","0","4","2","4","George H.W. Bush Library, Bush Presidential Records, National Security Council, H-Files, NSD Files, OA/ID 90004–024, NSD–48—October 10, 1990—Nuclear Weapons Deployment Authorization for FY 1990 and FY 1991.","https://catalog.archives.gov/id/446396870","https://catalog.archives.gov/medialz/presidential-libraries/bush/gb-nsc/H-Files/NSDs_313189290/41-bpr-nsc-hfiles-nsd-48-90004-024.pdf"
"446396871","1990-10-12","1990-10-12","Catalog coverage dates","NSD-49 - October 12, 1990 - Freedom of Navigation Program","90004-025","Series context and cross-volume routing","Series context","verified","90004-025","90004-025","","true","84","14003924","14003924","HTTP Content-Length","Restricted - Possibly","0","1","0","0","37","36","1","34","1","0","0","0","0","George H.W. Bush Library, Bush Presidential Records, National Security Council, H-Files, NSD Files, OA/ID 90004–025, NSD–49—October 12, 1990—Freedom of Navigation Program.","https://catalog.archives.gov/id/446396871","https://catalog.archives.gov/medialz/presidential-libraries/bush/gb-nsc/H-Files/NSDs_313189290/41-bpr-nsc-hfiles-nsd-49-90004-025.pdf"
"446396872","1990-10-12","1990-10-12","Catalog coverage dates","NSD-50 - October 12, 1990 - Decisions on START and CFE Issues","90004-026","Series context and cross-volume routing","Series context","verified","90004-026","90004-026","","true","35","9804296","9804296","Catalog objectFileSize","Restricted - Possibly","5","2","0","0","5","13","1","4","0","0","8","0","0","George H.W. Bush Library, Bush Presidential Records, National Security Council, H-Files, NSD Files, OA/ID 90004–026, NSD–50—October 12, 1990—Decisions on START and CFE Issues.","https://catalog.archives.gov/id/446396872","https://catalog.archives.gov/medialz/presidential-libraries/bush/gb-nsc/H-Files/NSDs_313189290/41-bpr-nsc-hfiles-nsd-50-90004-026.pdf"
"446396873","1990-10-17","1990-10-17","Catalog coverage dates","NSD-51 - October 17, 1990 - U.S. Government International Broadcasting [1]","90004-027","Series context and cross-volume routing","Series context","verified","90004-027","90004-027","","true","69","16760872","16760872","HTTP Content-Length","Restricted - Possibly","2","1","0","0","14","15","3","12","0","0","0","0","0","George H.W. Bush Library, Bush Presidential Records, National Security Council, H-Files, NSD Files, OA/ID 90004–027, NSD–51—October 17, 1990—U.S. Government International Broadcasting [1].","https://catalog.archives.gov/id/446396873","https://catalog.archives.gov/medialz/presidential-libraries/bush/gb-nsc/H-Files/NSDs_313189290/41-bpr-nsc-hfiles-nsd-51_1-90004-027.pdf"
"446396874","1990-10-17","1990-10-17","Catalog coverage dates","NSD-51 - October 17, 1990 - U.S. Government International Broadcasting [2]","90004-028","Series context and cross-volume routing","Series context","verified","90004-028","90004-028","","true","59","17192548","17192548","HTTP Content-Length","Restricted - Possibly","0","0","0","0","5","10","4","6","0","0","0","0","0","George H.W. Bush Library, Bush Presidential Records, National Security Council, H-Files, NSD Files, OA/ID 90004–028, NSD–51—October 17, 1990—U.S. Government International Broadcasting [2].","https://catalog.archives.gov/id/446396874","https://catalog.archives.gov/medialz/presidential-libraries/bush/gb-nsc/H-Files/NSDs_313189290/41-bpr-nsc-hfiles-nsd-51_2-90004-028.pdf"
"446396875","1990-10-17","1990-10-17","Catalog coverage dates","NSD-51 - October 17, 1990 - U.S. Government International Broadcasting [3]","90004-029","Series context and cross-volume routing","Series context","verified","90004-029","90004-029","","true","4","711592","711592","Catalog objectFileSize","Restricted - Possibly","0","0","0","0","2","1","0","1","0","0","0","0","0","George H.W. Bush Library, Bush Presidential Records, National Security Council, H-Files, NSD Files, OA/ID 90004–029, NSD–51—October 17, 1990—U.S. Government International Broadcasting [3].","https://catalog.archives.gov/id/446396875","https://catalog.archives.gov/medialz/presidential-libraries/bush/gb-nsc/H-Files/NSDs_313189290/41-bpr-nsc-hfiles-nsd-51_3-90004-029.pdf"
"446396876","1990-10-17","1990-10-17","Catalog coverage dates","NSD-51 - October 17, 1990 - U.S. Government International Broadcasting [4]","90004-030","Series context and cross-volume routing","Series context","verified","90004-030","90004-030","","true","3","477882","477882","Catalog objectFileSize","Restricted - Possibly","0","0","0","0","2","1","0","1","0","0","0","0","0","George H.W. Bush Library, Bush Presidential Records, National Security Council, H-Files, NSD Files, OA/ID 90004–030, NSD–51—October 17, 1990—U.S. Government International Broadcasting [4].","https://catalog.archives.gov/id/446396876","https://catalog.archives.gov/medialz/presidential-libraries/bush/gb-nsc/H-Files/NSDs_313189290/41-bpr-nsc-hfiles-nsd-51_4-90004-030.pdf"
"446396877","1990-10-22","1990-10-22","Catalog coverage dates","NSD-52 - October 22, 1990 - FY 1991 Sculpin Nuclear Test Program","90004-031","Series context and cross-volume routing","Series context","verified","90004-031","90004-031","","true","41","7416902","7416902","Catalog objectFileSize","Restricted - Possibly","0","0","0","0","12","24","1","10","0","0","13","0","0","George H.W. Bush Library, Bush Presidential Records, National Security Council, H-Files, NSD Files, OA/ID 90004–031, NSD–52—October 22, 1990—FY 1991 Sculpin Nuclear Test Program.","https://catalog.archives.gov/id/446396877","https://catalog.archives.gov/medialz/presidential-libraries/bush/gb-nsc/H-Files/NSDs_313189290/41-bpr-nsc-hfiles-nsd-52-90004-031.pdf"
"446396878","1990-12-10","1990-12-10","Catalog coverage dates","NSD-53 - December 10, 1990 - Interagency Review and Disposition of Export Control Licenses Issued by Department of Commerce [1]","90004-032","Strategic Trade, Technology, and Investment Controls","Volume XXX review","verified","90004-032","90004-032","","true","62","25722923","25722924","HTTP Content-Length","Restricted - Possibly","0","0","0","0","18","125","1","18","84","0","9","0","13","George H.W. Bush Library, Bush Presidential Records, National Security Council, H-Files, NSD Files, OA/ID 90004–032, NSD–53—December 10, 1990—Interagency Review and Disposition of Export Control Licenses Issued by Department of Commerce [1].","https://catalog.archives.gov/id/446396878","https://catalog.archives.gov/medialz/presidential-libraries/bush/gb-nsc/H-Files/NSDs_313189290/41-bpr-nsc-hfiles-nsd-53_1-90004-032.pdf"
"446396879","1990-12-10","1990-12-10","Catalog coverage dates","NSD-53 - December 10, 1990 - Interagency Review and Disposition of Export Control Licenses Issued by Department of Commerce [2]","90004-033","Strategic Trade, Technology, and Investment Controls","Volume XXX review","verified","90004-033","90004-033","","true","15","5342275","5342275","Catalog objectFileSize","Restricted - Possibly","0","0","0","0","4","15","1","4","10","0","0","0","0","George H.W. Bush Library, Bush Presidential Records, National Security Council, H-Files, NSD Files, OA/ID 90004–033, NSD–53—December 10, 1990—Interagency Review and Disposition of Export Control Licenses Issued by Department of Commerce [2].","https://catalog.archives.gov/id/446396879","https://catalog.archives.gov/medialz/presidential-libraries/bush/gb-nsc/H-Files/NSDs_313189290/41-bpr-nsc-hfiles-nsd-53_2-90004-033.pdf"
"446396880","1990-12-10","1990-12-10","Catalog coverage dates","NSD-53 - December 10, 1990 - Interagency Review and Disposition of Export Control Licenses Issued by Department of Commerce [3]","90004-034","Strategic Trade, Technology, and Investment Controls","Volume XXX review","verified","90004-034","90004-034","","true","52","23369034","23369034","HTTP Content-Length","Restricted - Possibly","0","0","0","0","31","129","1","31","89","0","1","7","0","George H.W. Bush Library, Bush Presidential Records, National Security Council, H-Files, NSD Files, OA/ID 90004–034, NSD–53—December 10, 1990—Interagency Review and Disposition of Export Control Licenses Issued by Department of Commerce [3].","https://catalog.archives.gov/id/446396880","https://catalog.archives.gov/medialz/presidential-libraries/bush/gb-nsc/H-Files/NSDs_313189290/41-bpr-nsc-hfiles-nsd-53_3-90004-034.pdf"
"446396881","1990-12-10","1990-12-10","Catalog coverage dates","NSD-53 - December 10, 1990 - Interagency Review and Disposition of Export Control Licenses Issued by Department of Commerce [4]","90004-035","Strategic Trade, Technology, and Investment Controls","Volume XXX review","verified","90004-035","90004-035","","true","83","34893945","34893944","HTTP Content-Length","Restricted - Possibly","0","0","0","0","36","146","2","37","89","10","6","1","1","George H.W. Bush Library, Bush Presidential Records, National Security Council, H-Files, NSD Files, OA/ID 90004–035, NSD–53—December 10, 1990—Interagency Review and Disposition of Export Control Licenses Issued by Department of Commerce [4].","https://catalog.archives.gov/id/446396881","https://catalog.archives.gov/medialz/presidential-libraries/bush/gb-nsc/H-Files/NSDs_313189290/41-bpr-nsc-hfiles-nsd-53_4-90004-035.pdf"
"446396882","1991-01-15","1991-01-15","Catalog coverage dates","NSD-54 - January 15, 1991 - Responding to Iraqi Aggression in the Gulf","90004-036","Trade Policy and Market Access","Boundary review","verified with handwritten correction","90004-026","90004-036","90004-026 crossed out; corrected by hand to 90004-036","true","39","17183335","17183336","HTTP Content-Length","Restricted - Possibly","1","0","0","0","5","73","17","5","0","4","33","0","14","George H.W. Bush Library, Bush Presidential Records, National Security Council, H-Files, NSD Files, OA/ID 90004–036, NSD–54—January 15, 1991—Responding to Iraqi Aggression in the Gulf.","https://catalog.archives.gov/id/446396882","https://catalog.archives.gov/medialz/presidential-libraries/bush/gb-nsc/H-Files/NSDs_313189290/41-bpr-nsc-hfiles-nsd-54-90004-036.pdf"
"446396883","1991-03-26","1991-03-26","Catalog coverage dates","NSD-55 - March 26, 1991 - Change 1 to NSD-48 - Nuclear Weapons Deployment Authorization for FY 1990 and FY 1991","90004-037","Series context and cross-volume routing","Series context","verified","90004-037","90004-037","","true","18","6958546","6958546","Catalog objectFileSize","Restricted - Possibly","0","0","0","0","6","7","1","6","0","0","0","0","0","George H.W. Bush Library, Bush Presidential Records, National Security Council, H-Files, NSD Files, OA/ID 90004–037, NSD–55—March 26, 1991—Change 1 to NSD–48—Nuclear Weapons Deployment Authorization for FY 1990 and FY 1991.","https://catalog.archives.gov/id/446396883","https://catalog.archives.gov/medialz/presidential-libraries/bush/gb-nsc/H-Files/NSDs_313189290/41-bpr-nsc-hfiles-nsd-55-90004-037.pdf"
"446396884","1991-04-30","1991-04-30","Catalog coverage dates","NSD-56 - April 30, 1991 - National Security Emergency Preparedness Telecommunications Funding","90004-038","Series context and cross-volume routing","Series context","verified","90004-038","90004-038","","true","39","13489293","13489293","HTTP Content-Length","Restricted - Possibly","4","2","0","0","1","3","1","1","0","0","1","0","0","George H.W. Bush Library, Bush Presidential Records, National Security Council, H-Files, NSD Files, OA/ID 90004–038, NSD–56—April 30, 1991—National Security Emergency Preparedness Telecommunications Funding.","https://catalog.archives.gov/id/446396884","https://catalog.archives.gov/medialz/presidential-libraries/bush/gb-nsc/H-Files/NSDs_313189290/41-bpr-nsc-hfiles-nsd-56-90004-038.pdf"
"446396885","1991-05-07","1991-05-07","Catalog coverage dates","NSD-57 - May 07, 1991 - U.S. Port Security Program and November 23, 1992 - Revision to the U.S. Port Security Program [1]","90005-001","Series context and cross-volume routing","Series context","verified","90005-001","90005-001","","true","92","32983251","32983252","HTTP Content-Length","Restricted - Possibly","0","1","0","0","14","54","3","14","2","1","0","0","34","George H.W. Bush Library, Bush Presidential Records, National Security Council, H-Files, NSD Files, OA/ID 90005–001, NSD–57—May 7, 1991—U.S. Port Security Program and November 23, 1992—Revision to the U.S. Port Security Program [1].","https://catalog.archives.gov/id/446396885","https://catalog.archives.gov/medialz/presidential-libraries/bush/gb-nsc/H-Files/NSDs_313189290/41-bpr-nsc-hfiles-nsd-57_1-90005-001.pdf"
"446396886","1991-05-07","1991-05-07","Catalog coverage dates","NSD-57 - May 07, 1991 - U.S. Port Security Program and November 23, 1992 - Revision to the U.S. Port Security Program [2]","90005-002","Series context and cross-volume routing","Series context","verified","90005-002","90005-002","","true","70","26132757","26132756","HTTP Content-Length","Restricted - Possibly","0","1","0","0","15","36","1","15","3","1","0","0","16","George H.W. Bush Library, Bush Presidential Records, National Security Council, H-Files, NSD Files, OA/ID 90005–002, NSD–57—May 7, 1991—U.S. Port Security Program and November 23, 1992—Revision to the U.S. Port Security Program [2].","https://catalog.archives.gov/id/446396886","https://catalog.archives.gov/medialz/presidential-libraries/bush/gb-nsc/H-Files/NSDs_313189290/41-bpr-nsc-hfiles-nsd-57_2-90005-002.pdf"
"446396887","1991-05-10","1991-05-10","Catalog coverage dates","NSD-58 - May 10, 1991 - Chemical Weapons Convention Initiative","90005-003","Series context and cross-volume routing","Series context","verified","90005-003","90005-003","","true","49","19821847","19821848","HTTP Content-Length","Restricted - Possibly","0","0","0","0","8","49","1","8","8","10","6","0","16","George H.W. Bush Library, Bush Presidential Records, National Security Council, H-Files, NSD Files, OA/ID 90005–003, NSD–58—May 10, 1991—Chemical Weapons Convention Initiative.","https://catalog.archives.gov/id/446396887","https://catalog.archives.gov/medialz/presidential-libraries/bush/gb-nsc/H-Files/NSDs_313189290/41-bpr-nsc-hfiles-nsd-58-90005-003.pdf"
"446396888","1991-05-14","1991-05-14","Catalog coverage dates","NSD-59 - May 14, 1991 - Disposition of Reagan Administration Policy Papers [1]","90005-004","Series context and cross-volume routing","Series context","verified","90005-004","90005-004","","true","40","16807289","16807288","HTTP Content-Length","Restricted - Possibly","0","0","0","0","20","37","1","20","0","0","0","0","16","George H.W. Bush Library, Bush Presidential Records, National Security Council, H-Files, NSD Files, OA/ID 90005–004, NSD–59—May 14, 1991—Disposition of Reagan Administration Policy Papers [1].","https://catalog.archives.gov/id/446396888","https://catalog.archives.gov/medialz/presidential-libraries/bush/gb-nsc/H-Files/NSDs_313189290/41-bpr-nsc-hfiles-nsd-59_1-90005-004.pdf"
"446396889","1991-05-14","1991-05-14","Catalog coverage dates","NSD-59 - May 14, 1991 - Disposition of Reagan Administration Policy Papers [2]","90005-005","Series context and cross-volume routing","Series context","verified","90005-005","90005-005","","true","88","39237041","39237040","HTTP Content-Length","Restricted - Possibly","0","0","0","0","47","52","0","47","1","0","0","0","4","George H.W. Bush Library, Bush Presidential Records, National Security Council, H-Files, NSD Files, OA/ID 90005–005, NSD–59—May 14, 1991—Disposition of Reagan Administration Policy Papers [2].","https://catalog.archives.gov/id/446396889","https://catalog.archives.gov/medialz/presidential-libraries/bush/gb-nsc/H-Files/NSDs_313189290/41-bpr-nsc-hfiles-nsd-59_2-90005-005.pdf"
"446396890","1991-05-14","1991-05-14","Catalog coverage dates","NSD-59 - May 14, 1991 - Disposition of Reagan Administration Policy Papers [3]","90005-006","Series context and cross-volume routing","Series context","verified","90005-006","90005-006","","true","49","7540419","7540419","Catalog objectFileSize","Restricted - Possibly","0","0","0","0","26","26","0","23","0","0","0","0","3","George H.W. Bush Library, Bush Presidential Records, National Security Council, H-Files, NSD Files, OA/ID 90005–006, NSD–59—May 14, 1991—Disposition of Reagan Administration Policy Papers [3].","https://catalog.archives.gov/id/446396890","https://catalog.archives.gov/medialz/presidential-libraries/bush/gb-nsc/H-Files/NSDs_313189290/41-bpr-nsc-hfiles-nsd-59_3-90005-006.pdf"
"446396891","1991-05-14","1991-05-14","Catalog coverage dates","NSD-59 - May 14, 1991 - Disposition of Reagan Administration Policy Papers [4]","90005-007","Series context and cross-volume routing","Series context","verified","90005-007","90005-007","","true","20","1868855","1868855","Catalog objectFileSize","Restricted - Possibly","0","0","0","0","13","13","0","12","0","0","0","0","1","George H.W. Bush Library, Bush Presidential Records, National Security Council, H-Files, NSD Files, OA/ID 90005–007, NSD–59—May 14, 1991—Disposition of Reagan Administration Policy Papers [4].","https://catalog.archives.gov/id/446396891","https://catalog.archives.gov/medialz/presidential-libraries/bush/gb-nsc/H-Files/NSDs_313189290/41-bpr-nsc-hfiles-nsd-59_4-90005-007.pdf"
"446396892","1991-05-14","1991-05-14","Catalog coverage dates","NSD-59 - May 14, 1991 - Disposition of Reagan Administration Policy Papers [5]","90005-008","Series context and cross-volume routing","Series context","verified","90005-008","90005-008","","true","55","2843082","2843082","Catalog objectFileSize","Restricted - Possibly","0","0","0","0","34","52","6","31","1","0","6","1","7","George H.W. Bush Library, Bush Presidential Records, National Security Council, H-Files, NSD Files, OA/ID 90005–008, NSD–59—May 14, 1991—Disposition of Reagan Administration Policy Papers [5].","https://catalog.archives.gov/id/446396892","https://catalog.archives.gov/medialz/presidential-libraries/bush/gb-nsc/H-Files/NSDs_313189290/41-bpr-nsc-hfiles-nsd-59_5-90005-008.pdf"
"446396893","1991-05-30","1991-05-30","Catalog coverage dates","NSD-60 - May 30, 1991 - FY 1992 nuclear test Program: Julin","90005-009","Series context and cross-volume routing","Series context","verified","90005-009","90005-009","","true","39","10550909","10550909","HTTP Content-Length","Restricted - Possibly","0","0","0","0","14","23","1","12","0","0","10","0","0","George H.W. Bush Library, Bush Presidential Records, National Security Council, H-Files, NSD Files, OA/ID 90005–009, NSD–60—May 30, 1991—FY 1992 nuclear test Program: Julin.","https://catalog.archives.gov/id/446396893","https://catalog.archives.gov/medialz/presidential-libraries/bush/gb-nsc/H-Files/NSDs_313189290/41-bpr-nsc-hfiles-nsd-60-90005-009.pdf"
"446396894","1991-07-02","1991-07-02","Catalog coverage dates","NSD-61 - July 02, 1991 - FY 1991-FY 1996 Nuclear Weapons Stockpile Plan","90005-010","Series context and cross-volume routing","Series context","verified","90005-010","90005-010","","true","32","5798826","5798826","Catalog objectFileSize","Restricted - Possibly","0","0","0","0","16","19","1","14","0","0","4","0","0","George H.W. Bush Library, Bush Presidential Records, National Security Council, H-Files, NSD Files, OA/ID 90005–010, NSD–61—July 2, 1991—FY 1991-FY 1996 Nuclear Weapons Stockpile Plan.","https://catalog.archives.gov/id/446396894","https://catalog.archives.gov/medialz/presidential-libraries/bush/gb-nsc/H-Files/NSDs_313189290/41-bpr-nsc-hfiles-nsd-61-90005-010.pdf"
"446396895","1991-07-08","1991-07-08","Catalog coverage dates","NSD-62 - July 08, 1991 - Significant Military Operations and Exercises","90005-011","Series context and cross-volume routing","Series context","verified","90005-011","90005-011","","true","45","7547902","7547902","Catalog objectFileSize","Restricted - Possibly","0","0","0","0","20","19","1","18","0","0","0","0","0","George H.W. Bush Library, Bush Presidential Records, National Security Council, H-Files, NSD Files, OA/ID 90005–011, NSD–62—July 8, 1991—Significant Military Operations and Exercises.","https://catalog.archives.gov/id/446396895","https://catalog.archives.gov/medialz/presidential-libraries/bush/gb-nsc/H-Files/NSDs_313189290/41-bpr-nsc-hfiles-nsd-62-90005-011.pdf"
"446396896","1991-10-21","1991-10-21","Catalog coverage dates","NSD-63 - October 21, 1991 - Single Scope Background Investigations","90005-012","Series context and cross-volume routing","Series context","verified","90005-012","90005-012","","true","114","18204026","18204026","HTTP Content-Length","Restricted - Possibly","1","4","0","0","5","68","1","14","3","18","14","1","17","George H.W. Bush Library, Bush Presidential Records, National Security Council, H-Files, NSD Files, OA/ID 90005–012, NSD–63—October 21, 1991—Single Scope Background Investigations.","https://catalog.archives.gov/id/446396896","https://catalog.archives.gov/medialz/presidential-libraries/bush/gb-nsc/H-Files/NSDs_313189290/41-bpr-nsc-hfiles-nsd-63-90005-012.pdf"
"446396897","1991-11-05","1991-11-05","Catalog coverage dates","NSD-64 - November 05, 1991 - Nuclear Weapons Deployment Authorization for FY 1991 and FY 1992","90005-013","Series context and cross-volume routing","Series context","verified","90005-013","90005-013","","true","24","4128810","4128810","Catalog objectFileSize","Restricted - Possibly","0","0","0","0","11","10","1","9","0","0","0","0","0","George H.W. Bush Library, Bush Presidential Records, National Security Council, H-Files, NSD Files, OA/ID 90005–013, NSD–64—November 5, 1991—Nuclear Weapons Deployment Authorization for FY 1991 and FY 1992.","https://catalog.archives.gov/id/446396897","https://catalog.archives.gov/medialz/presidential-libraries/bush/gb-nsc/H-Files/NSDs_313189290/41-bpr-nsc-hfiles-nsd-64-90005-013.pdf"
"446396898","1992-02-11","1992-02-11","Catalog coverage dates","NSD-65 - February 11, 1992 - Organizing to Manage On-Site Inspections under the CFE Treaty","90005-014","Series context and cross-volume routing","Series context","verified","90005-014","90005-014","","true","39","9085497","9085497","Catalog objectFileSize","Restricted - Possibly","1","1","0","0","10","16","1","8","0","0","7","0","0","George H.W. Bush Library, Bush Presidential Records, National Security Council, H-Files, NSD Files, OA/ID 90005–014, NSD–65—February 11, 1992—Organizing to Manage On-Site Inspections under the CFE Treaty.","https://catalog.archives.gov/id/446396898","https://catalog.archives.gov/medialz/presidential-libraries/bush/gb-nsc/H-Files/NSDs_313189290/41-bpr-nsc-hfiles-nsd-65-90005-014.pdf"
"446396899","1992-03-16","1992-03-16","Catalog coverage dates","NSD-66 - March 16, 1992 - Civil Defense","90005-015","Series context and cross-volume routing","Series context","verified","90005-015","90005-015","","true","75","18553343","18553344","HTTP Content-Length","Restricted - Possibly","3","1","0","0","2","23","1","1","0","0","8","0","13","George H.W. Bush Library, Bush Presidential Records, National Security Council, H-Files, NSD Files, OA/ID 90005–015, NSD–66—March 16, 1992—Civil Defense.","https://catalog.archives.gov/id/446396899","https://catalog.archives.gov/medialz/presidential-libraries/bush/gb-nsc/H-Files/NSDs_313189290/41-bpr-nsc-hfiles-nsd-66-90005-015.pdf"
"446396900","1992-03-30","1992-03-30","Catalog coverage dates","NSD-67 - March 30, 1992 - Intelligence Capabilities 1992-2005 [1]","90005-016","Series context and cross-volume routing","Series context","verified","90005-016","90005-016","","true","64","11515627","11515627","HTTP Content-Length","Restricted - Possibly","0","0","0","0","8","18","1","8","0","0","0","0","9","George H.W. Bush Library, Bush Presidential Records, National Security Council, H-Files, NSD Files, OA/ID 90005–016, NSD–67—March 30, 1992—Intelligence Capabilities 1992-2005 [1].","https://catalog.archives.gov/id/446396900","https://catalog.archives.gov/medialz/presidential-libraries/bush/gb-nsc/H-Files/NSDs_313189290/41-bpr-nsc-hfiles-nsd-67_1-90005-016.pdf"
"446396901","1992-03-30","1992-03-30","Catalog coverage dates","NSD-67 - March 30, 1992 - Intelligence Capabilities 1992-2005 [2]","90005-017","Series context and cross-volume routing","Series context","verified","90005-017","90005-017","","true","37","6082563","6082563","Catalog objectFileSize","Restricted - Possibly","0","1","0","0","5","4","0","4","0","0","0","0","0","George H.W. Bush Library, Bush Presidential Records, National Security Council, H-Files, NSD Files, OA/ID 90005–017, NSD–67—March 30, 1992—Intelligence Capabilities 1992-2005 [2].","https://catalog.archives.gov/id/446396901","https://catalog.archives.gov/medialz/presidential-libraries/bush/gb-nsc/H-Files/NSDs_313189290/41-bpr-nsc-hfiles-nsd-67_2-90005-017.pdf"
"446396902","1992-05-28","1992-05-28","Catalog coverage dates","NSD-68 - May 28, 1992 - Nuclear Test Program for FY 1993 and First Quarter FY 1994 - Klaxon","90005-018","Series context and cross-volume routing","Series context","verified","90005-018","90005-018","","true","45","8702145","8702145","Catalog objectFileSize","Restricted - Possibly","0","0","0","0","15","35","1","13","0","0","21","0","0","George H.W. Bush Library, Bush Presidential Records, National Security Council, H-Files, NSD Files, OA/ID 90005–018, NSD–68—May 28, 1992—Nuclear Test Program for FY 1993 and First Quarter FY 1994—Klaxon.","https://catalog.archives.gov/id/446396902","https://catalog.archives.gov/medialz/presidential-libraries/bush/gb-nsc/H-Files/NSDs_313189290/41-bpr-nsc-hfiles-nsd-68-90005-018.pdf"
"446396903","1992-06-02","1992-06-02","Withdrawal sheet date for signed NSD","NSD-69 [Original Folder located @ LM]","90005-019","Series context and cross-volume routing","Series context","verified","90005-019","90005-019","","true","31","5454428","5454428","Catalog objectFileSize","Restricted - Possibly","0","0","0","0","24","21","0","21","0","0","0","0","0","George H.W. Bush Library, Bush Presidential Records, National Security Council, H-Files, NSD Files, OA/ID 90005–019, NSD–69 [Original Folder located @ LM].","https://catalog.archives.gov/id/446396903","https://catalog.archives.gov/medialz/presidential-libraries/bush/gb-nsc/H-Files/NSDs_313189290/41-bpr-nsc-hfiles-nsd-69-90005-019.pdf"
"446396904","1992-07-10","1992-07-10","Catalog coverage dates","NSD-70 - July 10, 1992 - U.S. Nonproliferation Policy","90005-020","Strategic Trade, Technology, and Investment Controls","Boundary review","verified","90005-020","90005-020","","true","101","17174714","17174714","HTTP Content-Length","Restricted - Possibly","3","2","0","0","29","70","5","25","20","3","8","0","9","George H.W. Bush Library, Bush Presidential Records, National Security Council, H-Files, NSD Files, OA/ID 90005–020, NSD–70—July 10, 1992—U.S. Nonproliferation Policy.","https://catalog.archives.gov/id/446396904","https://catalog.archives.gov/medialz/presidential-libraries/bush/gb-nsc/H-Files/NSDs_313189290/41-bpr-nsc-hfiles-nsd-70-90005-020.pdf"
"446396905","1992-07-20","1992-07-20","Catalog coverage dates","NSD-71 - July 20, 1992 - FY 1992-FY 1997 Nuclear Weapons Stockpile Plan [1]","90005-021","Series context and cross-volume routing","Series context","verified","90005-021","90005-021","","true","33","2628771","2628771","Catalog objectFileSize","Restricted - Possibly","0","0","0","0","29","26","0","26","0","0","0","0","0","George H.W. Bush Library, Bush Presidential Records, National Security Council, H-Files, NSD Files, OA/ID 90005–021, NSD–71—July 20, 1992—FY 1992-FY 1997 Nuclear Weapons Stockpile Plan [1].","https://catalog.archives.gov/id/446396905","https://catalog.archives.gov/medialz/presidential-libraries/bush/gb-nsc/H-Files/NSDs_313189290/41-bpr-nsc-hfiles-nsd-71_1-90005-021.pdf"
"446396906","1992-07-20","1992-07-20","Catalog coverage dates","NSD-71 - July 20, 1992 - FY 1992-FY 1997 Nuclear Weapons Stockpile Plan [2]","90005-022","Series context and cross-volume routing","Series context","verified","90005-022","90005-022","","true","30","5349205","5349205","Catalog objectFileSize","Restricted - Possibly","0","0","0","0","12","18","1","10","0","0","7","0","0","George H.W. Bush Library, Bush Presidential Records, National Security Council, H-Files, NSD Files, OA/ID 90005–022, NSD–71—July 20, 1992—FY 1992-FY 1997 Nuclear Weapons Stockpile Plan [2].","https://catalog.archives.gov/id/446396906","https://catalog.archives.gov/medialz/presidential-libraries/bush/gb-nsc/H-Files/NSDs_313189290/41-bpr-nsc-hfiles-nsd-71_2-90005-022.pdf"
"446396907","1992-08-03","1992-08-03","Catalog coverage dates","NSD-72 - August 03, 1992 - Nuclear Weapons Deployment Authorization for FY 1992 and FY 1993","90005-023","Series context and cross-volume routing","Series context","verified","90005-023","90005-023","","true","37","5597215","5597215","Catalog objectFileSize","Restricted - Possibly","0","0","0","0","19","18","1","17","0","0","0","0","0","George H.W. Bush Library, Bush Presidential Records, National Security Council, H-Files, NSD Files, OA/ID 90005–023, NSD–72—August 3, 1992—Nuclear Weapons Deployment Authorization for FY 1992 and FY 1993.","https://catalog.archives.gov/id/446396907","https://catalog.archives.gov/medialz/presidential-libraries/bush/gb-nsc/H-Files/NSDs_313189290/41-bpr-nsc-hfiles-nsd-72-90005-023.pdf"
"446396908","1992-11-24","1992-11-24","Catalog coverage dates","NSD-73 - November 24, 1992 - Organizing to Manage Observations under Open Sky Treaty","90005-024","Series context and cross-volume routing","Series context","verified","90005-024","90005-024","","true","63","12347276","12347276","HTTP Content-Length","Restricted - Possibly","0","1","0","0","17","24","1","15","0","0","8","0","0","George H.W. Bush Library, Bush Presidential Records, National Security Council, H-Files, NSD Files, OA/ID 90005–024, NSD–73—November 24, 1992—Organizing to Manage Observations under Open Sky Treaty.","https://catalog.archives.gov/id/446396908","https://catalog.archives.gov/medialz/presidential-libraries/bush/gb-nsc/H-Files/NSDs_313189290/41-bpr-nsc-hfiles-nsd-73-90005-024.pdf"
"446396909","1992-11-24","1992-11-24","Catalog coverage dates","NSD-74 - November 24, 1992 - Peacekeeping and Humanitarian Relief Policy","90005-025","Monetary Policy, Debt, and International Institutions","Boundary review","verified","90005-025","90005-025","","true","68","13327153","13327153","HTTP Content-Length","Restricted - Possibly","0","0","0","0","15","20","1","19","0","0","0","0","0","George H.W. Bush Library, Bush Presidential Records, National Security Council, H-Files, NSD Files, OA/ID 90005–025, NSD–74—November 24, 1992—Peacekeeping and Humanitarian Relief Policy.","https://catalog.archives.gov/id/446396909","https://catalog.archives.gov/medialz/presidential-libraries/bush/gb-nsc/H-Files/NSDs_313189290/41-bpr-nsc-hfiles-nsd-74-90005-025.pdf"
"446396910","1992-12-23","1992-12-23","Catalog coverage dates","NSD-75 - December 23, 1992 - American Policy toward Sub-Saharan Africa in the 1990s","90005-026","Monetary Policy, Debt, and International Institutions","Boundary review","verified","90005-026","90005-026","","true","57","10680897","10680897","HTTP Content-Length","Restricted - Possibly","0","1","0","0","14","145","47","36","39","4","0","4","15","George H.W. Bush Library, Bush Presidential Records, National Security Council, H-Files, NSD Files, OA/ID 90005–026, NSD–75—December 23, 1992—American Policy toward Sub-Saharan Africa in the 1990s.","https://catalog.archives.gov/id/446396910","https://catalog.archives.gov/medialz/presidential-libraries/bush/gb-nsc/H-Files/NSDs_313189290/41-bpr-nsc-hfiles-nsd-75-90005-026.pdf"
"446396911","1993-01-03","1993-01-03","Catalog coverage dates","NSD-76 - January 03, 1993 - Disposition of NSC Policy Documents [1]","90005-027","Series context and cross-volume routing","Series context","verified","90005-027","90005-027","","true","61","9992729","9992729","Catalog objectFileSize","Restricted - Possibly","0","2","0","0","20","48","1","18","0","0","0","0","29","George H.W. Bush Library, Bush Presidential Records, National Security Council, H-Files, NSD Files, OA/ID 90005–027, NSD–76—January 3, 1993—Disposition of NSC Policy Documents [1].","https://catalog.archives.gov/id/446396911","https://catalog.archives.gov/medialz/presidential-libraries/bush/gb-nsc/H-Files/NSDs_313189290/41-bpr-nsc-hfiles-nsd-76_1-90005-027.pdf"
"446396912","1993-01-03","1993-01-03","Catalog coverage dates","NSD-76 - January 03, 1993 - Disposition of NSC Policy Documents [2]","90005-028","Series context and cross-volume routing","Series context","verified","90005-028","90005-028","","true","81","8491762","8491762","Catalog objectFileSize","Restricted - Possibly","0","1","0","0","52","50","0","46","1","0","0","0","3","George H.W. Bush Library, Bush Presidential Records, National Security Council, H-Files, NSD Files, OA/ID 90005–028, NSD–76—January 3, 1993—Disposition of NSC Policy Documents [2].","https://catalog.archives.gov/id/446396912","https://catalog.archives.gov/medialz/presidential-libraries/bush/gb-nsc/H-Files/NSDs_313189290/41-bpr-nsc-hfiles-nsd-76_2-90005-028.pdf"
"446396913","1993-01-03","1993-01-03","Catalog coverage dates","NSD-76 - January 03, 1993 - Disposition of NSC Policy Documents [3]","90005-029","Series context and cross-volume routing","Series context","verified","90005-029","90005-029","","true","36","2643846","2643846","Catalog objectFileSize","Restricted - Possibly","0","0","0","0","26","23","0","23","0","0","0","0","0","George H.W. Bush Library, Bush Presidential Records, National Security Council, H-Files, NSD Files, OA/ID 90005–029, NSD–76—January 3, 1993—Disposition of NSC Policy Documents [3].","https://catalog.archives.gov/id/446396913","https://catalog.archives.gov/medialz/presidential-libraries/bush/gb-nsc/H-Files/NSDs_313189290/41-bpr-nsc-hfiles-nsd-76_3-90005-029.pdf"
"446396914","1993-01-03","1993-01-03","Catalog coverage dates","NSD-76 - January 03, 1993 - Disposition of NSC Policy Documents [4]","90005-030","Series context and cross-volume routing","Series context","verified","90005-030","90005-030","","true","89","6407592","6407592","Catalog objectFileSize","Restricted - Possibly","0","0","0","0","79","72","0","71","1","0","0","0","0","George H.W. Bush Library, Bush Presidential Records, National Security Council, H-Files, NSD Files, OA/ID 90005–030, NSD–76—January 3, 1993—Disposition of NSC Policy Documents [4].","https://catalog.archives.gov/id/446396914","https://catalog.archives.gov/medialz/presidential-libraries/bush/gb-nsc/H-Files/NSDs_313189290/41-bpr-nsc-hfiles-nsd-76_4-90005-030.pdf"
"446396915","1993-01-19","1993-01-19","Withdrawal sheet date for signed NSD","NSD-77 - ..... - Classified Title","90005-031","Series context and cross-volume routing","Series context","verified","90005-031","90005-031","","true","27","4820621","4820621","Catalog objectFileSize","Restricted - Possibly","0","0","0","0","16","23","1","14","0","0","0","0","8","George H.W. Bush Library, Bush Presidential Records, National Security Council, H-Files, NSD Files, OA/ID 90005–031, NSD–77—.....—Classified Title.","https://catalog.archives.gov/id/446396915","https://catalog.archives.gov/medialz/presidential-libraries/bush/gb-nsc/H-Files/NSDs_313189290/41-bpr-nsc-hfiles-nsd-77-90005-031.pdf"
"446396916","1993-01-19","1993-01-19","Catalog coverage dates","NSD-78 - January 19, 1993 - FY 1993-FY 1998 Nuclear Weapons Stockpile Plan","90005-032","Series context and cross-volume routing","Series context","verified","90005-032","90005-032","","true","32","4394965","4394965","Catalog objectFileSize","Restricted - Possibly","0","0","0","0","16","26","1","14","0","1","10","0","0","George H.W. Bush Library, Bush Presidential Records, National Security Council, H-Files, NSD Files, OA/ID 90005–032, NSD–78—January 19, 1993—FY 1993-FY 1998 Nuclear Weapons Stockpile Plan.","https://catalog.archives.gov/id/446396916","https://catalog.archives.gov/medialz/presidential-libraries/bush/gb-nsc/H-Files/NSDs_313189290/41-bpr-nsc-hfiles-nsd-78-90005-032.pdf"
"446396917","1993-01-19","1993-01-19","Withdrawal sheet date for signed NSD","NSD-79 Approval and Review of Covert Action","90005-033","Series context and cross-volume routing","Series context","verified","90005-033","90005-033","","true","27","4514977","4514977","Catalog objectFileSize","Restricted - Possibly","0","0","0","0","7","14","2","6","0","3","0","0","3","George H.W. Bush Library, Bush Presidential Records, National Security Council, H-Files, NSD Files, OA/ID 90005–033, NSD–79 Approval and Review of Covert Action.","https://catalog.archives.gov/id/446396917","https://catalog.archives.gov/medialz/presidential-libraries/bush/gb-nsc/H-Files/NSDs_313189290/41-bpr-nsc-hfiles-nsd-79-90005-033.pdf"
