"id","date","title","heading","dateline","type","chapter","selection","releaseStatus","pageCount","withheldPages","classification","naid","localId","sourceNoteStatus","sourceNote","archivalLocator","catalogUrl","pdfUrl"
"deal-1989-03-03-paris-sherpa-report-withheld","1989-03-03","Report on the Sherpa Meeting of February 24-26","Message Reporting on the Sherpa Meeting of February 24-26","March 3, 1989","Withdrawn message","Economic Summits and Industrialized-Country Cooperation","Consider","Withheld","6","","Confidential","452050593","CF00972-002","verified","Source: George H.W. Bush Library, Bush Presidential Records, National Security Council, Timothy E. Deal Files, Subject Files, OA/ID CF00972–002, Paris Economic Summit [July 1989]. Confidential.","","https://catalog.archives.gov/id/452050593","https://catalog.archives.gov/medialz/presidential-libraries/bush/gb-nsc/deal/subject_2554810/41-bpr-nsc-deal-subj-cf00972-002.pdf"
"deal-1989-03-08-melby-paris-preparatory","1989-03-08","Paris Economic Summit Preparatory Meeting","Memorandum From Eric Melby of the National Security Council Staff to the President's Assistant for National Security Affairs (Scowcroft)","Washington, March 8, 1989","Memorandum","Economic Summits and Industrialized-Country Cooperation","Core","Released","1","","Confidential","452050593","CF00972-002","verified","Source: George H.W. Bush Library, Bush Presidential Records, National Security Council, Timothy E. Deal Files, Subject Files, OA/ID CF00972–002, Paris Economic Summit [July 1989]. Confidential.","","https://catalog.archives.gov/id/452050593","https://catalog.archives.gov/medialz/presidential-libraries/bush/gb-nsc/deal/subject_2554810/41-bpr-nsc-deal-subj-cf00972-002.pdf"
"deal-1989-03-10-levitsky-nsr3","1989-03-10","National Security Review No. 3: U.S.-Soviet Relations","Memorandum From the Executive Secretary of the Department of State (Levitsky) to the President's Assistant for National Security Affairs (Scowcroft)","Washington, March 10, 1989","Memorandum","Transition Economies and International Economic Strategy","Consider","Released","1","","Secret; Exdis","452050608","CF00972-017","verified","Source: George H.W. Bush Library, Bush Presidential Records, National Security Council, Timothy E. Deal Files, Subject Files, OA/ID CF00972–017, Soviet Union [9]. Secret; Exdis.","","https://catalog.archives.gov/id/452050608","https://catalog.archives.gov/medialz/presidential-libraries/bush/gb-nsc/deal/subject_2554810/41-bpr-nsc-deal-subj-cf00972-017.pdf"
"deal-1989-03-10-nsr3-paper-withheld","1989-03-10","National Security Review 3: U.S.-Soviet Relations","Paper Prepared for National Security Review 3","Washington, undated","Withdrawn paper","Transition Economies and International Economic Strategy","Core","Withheld","31","","Secret","452050608","CF00972-017","verified","Source: George H.W. Bush Library, Bush Presidential Records, National Security Council, Timothy E. Deal Files, Subject Files, OA/ID CF00972–017, Soviet Union [9]. Secret.","","https://catalog.archives.gov/id/452050608","https://catalog.archives.gov/medialz/presidential-libraries/bush/gb-nsc/deal/subject_2554810/41-bpr-nsc-deal-subj-cf00972-017.pdf"
"deal-1989-03-15-melby-white-house-summit-group","1989-03-15","White House Summit Group Meeting on Paris Summit","Memorandum From Eric Melby of the National Security Council Staff to the President's Assistant for National Security Affairs (Scowcroft)","Washington, March 15, 1989","Memorandum","Economic Summits and Industrialized-Country Cooperation","Core","Released","1","","Unclassified; Confidential attachments","452050593","CF00972-002","verified","Source: George H.W. Bush Library, Bush Presidential Records, National Security Council, Timothy E. Deal Files, Subject Files, OA/ID CF00972–002, Paris Economic Summit [July 1989]. Unclassified; the attachment is Confidential.","","https://catalog.archives.gov/id/452050593","https://catalog.archives.gov/medialz/presidential-libraries/bush/gb-nsc/deal/subject_2554810/41-bpr-nsc-deal-subj-cf00972-002.pdf"
"deal-1989-03-20-scowcroft-sununu-paris","1989-03-20","Paris Economic Summit","Memorandum From the President's Assistant for National Security Affairs (Scowcroft) to the White House Chief of Staff (Sununu)","Washington, March 20, 1989","Memorandum","Economic Summits and Industrialized-Country Cooperation","Core","Released","1","","Unclassified; Confidential attachments","452050593","CF00972-002","verified","Source: George H.W. Bush Library, Bush Presidential Records, National Security Council, Timothy E. Deal Files, Subject Files, OA/ID CF00972–002, Paris Economic Summit [July 1989]. Unclassified; the attachment is Confidential.","","https://catalog.archives.gov/id/452050593","https://catalog.archives.gov/medialz/presidential-libraries/bush/gb-nsc/deal/subject_2554810/41-bpr-nsc-deal-subj-cf00972-002.pdf"
"deal-1989-03-21-economic-policy-directive-1","1989-03-21","Trade Strategy Review","Economic Policy Directive 1","Washington, March 21, 1989","Economic Policy Directive","Trade Policy and Market Access","Core","Released","2","","No classification marking","452050609","CF00972-018","verified","Source: George H.W. Bush Library, Bush Presidential Records, National Security Council, Timothy E. Deal Files, Subject Files, OA/ID CF00972–018, Trade. No classification marking.","","https://catalog.archives.gov/id/452050609","https://catalog.archives.gov/medialz/presidential-libraries/bush/gb-nsc/deal/subject_2554810/41-bpr-nsc-deal-subj-cf00972-018.pdf"
"deal-1989-03-24-melby-economic-policy-directive","1989-03-24","Economic Policy Directive 1","Memorandum From Eric Melby of the National Security Council Staff to the President's Assistant for National Security Affairs (Scowcroft)","Washington, March 24, 1989","Memorandum","Trade Policy and Market Access","Core","Released","1","","No classification marking","452050609","CF00972-018","verified","Source: George H.W. Bush Library, Bush Presidential Records, National Security Council, Timothy E. Deal Files, Subject Files, OA/ID CF00972–018, Trade. No classification marking.","","https://catalog.archives.gov/id/452050609","https://catalog.archives.gov/medialz/presidential-libraries/bush/gb-nsc/deal/subject_2554810/41-bpr-nsc-deal-subj-cf00972-018.pdf"
"deal-1989-03-28-rice-gates-nsr3-withheld","1989-03-28","Deputies Committee Meeting on National Security Review 3","Memorandum From Condoleezza Rice of the National Security Council Staff to the Deputy President's Assistant for National Security Affairs (Gates)","Washington, March 28, 1989","Withdrawn memorandum","Transition Economies and International Economic Strategy","Core","Withheld","6","","Secret","452050608","CF00972-017","verified","Source: George H.W. Bush Library, Bush Presidential Records, National Security Council, Timothy E. Deal Files, Subject Files, OA/ID CF00972–017, Soviet Union [9]. Secret.","","https://catalog.archives.gov/id/452050608","https://catalog.archives.gov/medialz/presidential-libraries/bush/gb-nsc/deal/subject_2554810/41-bpr-nsc-deal-subj-cf00972-017.pdf"
"presidential-428082491","1989-05-30","Meeting with Jacques Delors, President of the European Commission","Memorandum of Conversation","May 30, 1989, 1:55 p.m.–2:20 p.m.","Memcon","Trade Policy and Market Access","Consider","Released","4","","Confidential","428082491","","verified","Source: George H.W. Bush Library, Bush Presidential Records, National Security Council, Presidential Memcon Files, OA/ID CF01729–005, [Memorandum of Conversations (Memcons)—January 1989–May 1989]: May 1989. Confidential.","","https://catalog.archives.gov/id/428082491","https://catalog.archives.gov/medialz/presidential-libraries/bush/gb-nsc/321498039/1989-05-30--Delors.pdf"
"deal-1989-06-09-soviet-economic-relations-paper-withheld","1989-06-09","PCC Paper on U.S.-Soviet Economic Relations","Paper Prepared by the Policy Coordinating Committee on U.S.-Soviet Relations","Washington, June 9, 1989","Withdrawn paper","Transition Economies and International Economic Strategy","Core","Withheld","23","","Secret","452050608","CF00972-017","verified","Source: George H.W. Bush Library, Bush Presidential Records, National Security Council, Timothy E. Deal Files, Subject Files, OA/ID CF00972–017, Soviet Union [9]. Secret.","","https://catalog.archives.gov/id/452050608","https://catalog.archives.gov/medialz/presidential-libraries/bush/gb-nsc/deal/subject_2554810/41-bpr-nsc-deal-subj-cf00972-017.pdf"
"boskin-1989-07-07-brady-trade-review","1989-07-07","Trade Review","Memorandum From the Chairman Pro Tempore of the Economic Policy Council (Brady) to President Bush","Washington, July 7, 1989","Memorandum","Trade Policy and Market Access","Core","Released","1","","Unclassified; Confidential attachment","492062321","CF01113–004","verified","Source: George H.W. Bush Library, Bush Presidential Records, Council of Economic Advisers, Michael J. Boskin Files, NSC Meeting Files, OA/ID CF01113–004, [1989]: EPC [Economic Policy Council] Memo to the President, re: Trade Policy, (7/7/89). Unclassified; the attachment is Confidential.","","https://catalog.archives.gov/id/492062321","https://catalog.archives.gov/medialz/presidential-libraries/bush/gb-cea/boskin/nsc_mtg_473987122/41-bpr-cea-boskin_nsc_meetng-01113-004.pdf"
"boskin-1989-trade-policy-position-withdrawn","1989-07-07","Trade Policy and the U.S. Trade Position","Paper Prepared for the Economic Policy Council","Undated","Withdrawn paper","Trade Policy and Market Access","Core","Withheld","17","","Confidential","492062321","CF01113–004","locator","","George H.W. Bush Library, Bush Presidential Records, Council of Economic Advisers, Michael J. Boskin Files, NSC Meeting Files, OA/ID CF01113–004, [1989]: EPC [Economic Policy Council] Memo to the President, re: Trade Policy, (7/7/89).","https://catalog.archives.gov/id/492062321","https://catalog.archives.gov/medialz/presidential-libraries/bush/gb-cea/boskin/nsc_mtg_473987122/41-bpr-cea-boskin_nsc_meetng-01113-004.pdf"
"lead-452050593","1989-07-14","Paris Economic Summit [July 1989]","Paris Economic Summit [July 1989]","July 14, 1989","Summit file-unit lead","Economic Summits and Industrialized-Country Cooperation","Consider","Online file unit","","","Not determined","452050593","CF00972–002","locator","","George H.W. Bush Library, Bush Presidential Records, National Security Council, Timothy E. Deal Subject Files, OA/ID CF00972–002, Paris Economic Summit [July 1989].","https://catalog.archives.gov/id/452050593","https://catalog.archives.gov/medialz/presidential-libraries/bush/gb-nsc/deal/subject_2554810/41-bpr-nsc-deal-subj-cf00972-002.pdf"
"lead-492062323","1989-07-14","Paris Summit—7/14–16/89 [1]","Paris Summit—7/14–16/89 [1]","July 14, 1989","EPC/NSC file-unit lead","Economic Summits and Industrialized-Country Cooperation","Core","Online file unit","","","Not determined","492062323","CF01113–006","locator","","George H.W. Bush Library, Bush Presidential Records, Council of Economic Advisers, Michael J. Boskin Files, NSC Meeting Files, OA/ID CF01113–006, Paris Summit—7/14–16/89 [1].","https://catalog.archives.gov/id/492062323","https://catalog.archives.gov/medialz/presidential-libraries/bush/gb-cea/boskin/nsc_mtg_473987122/41-bpr-cea-boskin_nsc_meetng-01113-006.pdf"
"presidential-428080101","1989-07-15","First Plenary Session, Paris Economic Summit","Memorandum of Conversation","Saturday, July 15, 1989, 10:30AM–1:05PM","Memcon","Economic Summits and Industrialized-Country Cooperation","Core","Released","9","","Confidential","428080101","","verified","Source: George H.W. Bush Library, Bush Presidential Records, National Security Council, Condoleezza Rice Files, 1989–1990 Subject Files, OA/ID CF00716–016, President's Trip to Poland/Hungary, July 1989 [2]. Confidential.","","https://catalog.archives.gov/id/428080101","https://catalog.archives.gov/medialz/presidential-libraries/bush/gb-nsc/321498039/1989-07-15--First-Plenary-Session-Paris-Economic-Summit.pdf"
"lead-492062325","1989-09-26","Poland Initiatives, Situation Room [1]","Poland Initiatives, Situation Room [1]","September 26, 1989","EPC/NSC file-unit lead","Transition Economies and International Economic Strategy","Core","Online file unit","","","Not determined","492062325","CF01113–008","locator","","George H.W. Bush Library, Bush Presidential Records, Council of Economic Advisers, Michael J. Boskin Files, NSC Meeting Files, OA/ID CF01113–008, Poland Initiatives, Situation Room [1].","https://catalog.archives.gov/id/492062325","https://catalog.archives.gov/medialz/presidential-libraries/bush/gb-cea/boskin/nsc_mtg_473987122/41-bpr-cea-boskin_nsc_meetng-01113-008.pdf"
"lead-470760921","1989-10-03","NSC0030—Poland, Economic Assistance","NSC0030—Poland, Economic Assistance","October 3, 1989","NSC meeting file","Transition Economies and International Economic Strategy","Core","Partly released","134","69","Not determined","470760921","90001–018","locator","","George H.W. Bush Library, Bush Presidential Records, National Security Council, H-Files, NSC Meetings Files, OA/ID 90001–018, NSC0030—October 03, 1989—Poland, Economic Assistance.","https://catalog.archives.gov/id/470760921","https://catalog.archives.gov/medialz/presidential-libraries/bush/gb-nsc/H-Files/NSC_Mtgs_312293887/41-bpr-nsc-hfiles-nsc_mtgs-30-90001-018.pdf"
"deal-1989-11-08-malta-economic-relations-withheld","1989-11-08","Malta Meeting: U.S.-Soviet Economic Relations","Memorandum From Timothy E. Deal of the National Security Council Staff to Robert Blackwill of the National Security Council Staff","Washington, November 8, 1989","Withdrawn memorandum","Transition Economies and International Economic Strategy","Core","Withheld","6","","Secret","452050608","CF00972-017","verified","Source: George H.W. Bush Library, Bush Presidential Records, National Security Council, Timothy E. Deal Files, Subject Files, OA/ID CF00972–017, Soviet Union [9]. Secret.","","https://catalog.archives.gov/id/452050608","https://catalog.archives.gov/medialz/presidential-libraries/bush/gb-nsc/deal/subject_2554810/41-bpr-nsc-deal-subj-cf00972-017.pdf"
"deal-1989-11-15-baker-malta-letter-withheld","1989-11-15","Draft Letter to Allied Leaders on Malta","Memorandum From Secretary of State Baker to President Bush","Washington, November 15, 1989","Withdrawn memorandum","Transition Economies and International Economic Strategy","Consider","Withheld","1","","Secret","452050608","CF00972-017","verified","Source: George H.W. Bush Library, Bush Presidential Records, National Security Council, Timothy E. Deal Files, Subject Files, OA/ID CF00972–017, Soviet Union [9]. Secret.","","https://catalog.archives.gov/id/452050608","https://catalog.archives.gov/medialz/presidential-libraries/bush/gb-nsc/deal/subject_2554810/41-bpr-nsc-deal-subj-cf00972-017.pdf"
"deal-1989-11-15-malta-presidential-message-withheld","1989-11-15","Presidential Message to Allied Leaders on the Malta Meeting","Draft Presidential Message to Allied Leaders","Undated","Withdrawn draft message","Transition Economies and International Economic Strategy","Consider","Withheld","7","","Secret","452050608","CF00972-017","verified","Source: George H.W. Bush Library, Bush Presidential Records, National Security Council, Timothy E. Deal Files, Subject Files, OA/ID CF00972–017, Soviet Union [9]. Secret.","","https://catalog.archives.gov/id/452050608","https://catalog.archives.gov/medialz/presidential-libraries/bush/gb-nsc/deal/subject_2554810/41-bpr-nsc-deal-subj-cf00972-017.pdf"
"lead-446394967","1990-01-12","NSR-22—COCOM Policy Towards Eastern Europe and the Soviet Union [1]","NSR-22—COCOM Policy Towards Eastern Europe and the Soviet Union [1]","January 12, 1990","National Security Review file","Strategic Trade, Technology, and Investment Controls","Core","Online file unit","","","Not determined","446394967","90007–015","locator","","George H.W. Bush Library, Bush Presidential Records, National Security Council, H-Files, National Security Review Files, OA/ID 90007–015, NSR-22—COCOM Policy Towards Eastern Europe and the Soviet Union [1].","https://catalog.archives.gov/id/446394967","https://catalog.archives.gov/medialz/presidential-libraries/bush/gb-nsc/H-Files/NSRs_313189297/41-bpr-nsc-hfiles-nsr-22_1-90007-015.pdf"
"lead-446394968","1990-01-12","NSR-22—COCOM Policy Towards Eastern Europe and the Soviet Union [2]","NSR-22—COCOM Policy Towards Eastern Europe and the Soviet Union [2]","January 12, 1990","National Security Review file","Strategic Trade, Technology, and Investment Controls","Core","Online file unit","","","Not determined","446394968","90007–016","locator","","George H.W. Bush Library, Bush Presidential Records, National Security Council, H-Files, National Security Review Files, OA/ID 90007–016, NSR-22—COCOM Policy Towards Eastern Europe and the Soviet Union [2].","https://catalog.archives.gov/id/446394968","https://catalog.archives.gov/medialz/presidential-libraries/bush/gb-nsc/H-Files/NSRs_313189297/41-bpr-nsc-hfiles-nsr-22_2-90007-016.pdf"
"boskin-1990-01-17-brady-international-policy-withdrawn","1990-01-17","U.S. International Economic Policy in the 1990s","Memorandum From the Secretary of the Treasury (Brady) to President Bush","Washington, January 17, 1990","Withdrawn memorandum","Monetary Policy, Debt, and International Institutions","Core","Withheld","3","","Secret","492062327","CF01113–011","locator","","George H.W. Bush Library, Bush Presidential Records, Council of Economic Advisers, Michael J. Boskin Files, NSC Meeting Files, OA/ID CF01113–011, [1990]: 1/18/90, NSC Meeting on International Economic Policy, Cabinet Room.","https://catalog.archives.gov/id/492062327","https://catalog.archives.gov/medialz/presidential-libraries/bush/gb-cea/boskin/nsc_mtg_473987122/41-bpr-cea-boskin_nsc_meetng-01113-011.pdf"
"boskin-1990-international-economic-policy-paper-withdrawn","1990-01-18","U.S. International Economic Policy in the 1990s","Paper Prepared for the National Security Council","Undated","Withdrawn paper","Monetary Policy, Debt, and International Institutions","Core","Withheld","48","","Secret","492062327","CF01113–011","locator","","George H.W. Bush Library, Bush Presidential Records, Council of Economic Advisers, Michael J. Boskin Files, NSC Meeting Files, OA/ID CF01113–011, [1990]: 1/18/90, NSC Meeting on International Economic Policy, Cabinet Room.","https://catalog.archives.gov/id/492062327","https://catalog.archives.gov/medialz/presidential-libraries/bush/gb-cea/boskin/nsc_mtg_473987122/41-bpr-cea-boskin_nsc_meetng-01113-011.pdf"
"boskin-1990-debt-strategy-paper-withdrawn","1990-01-18","Update on International Debt Strategy","Paper Prepared for the National Security Council","Undated","Withdrawn paper","Monetary Policy, Debt, and International Institutions","Core","Withheld","3","","Secret","492062327","CF01113–011","locator","","George H.W. Bush Library, Bush Presidential Records, Council of Economic Advisers, Michael J. Boskin Files, NSC Meeting Files, OA/ID CF01113–011, [1990]: 1/18/90, NSC Meeting on International Economic Policy, Cabinet Room.","https://catalog.archives.gov/id/492062327","https://catalog.archives.gov/medialz/presidential-libraries/bush/gb-cea/boskin/nsc_mtg_473987122/41-bpr-cea-boskin_nsc_meetng-01113-011.pdf"
"boskin-1990-01-18-taylor-collins","1990-01-18","NSC Meeting on U.S. International Economic Policy in the 1990s","Memorandum From John B. Taylor and Susan Collins of the Council of Economic Advisers to the Chairman of the Council of Economic Advisers (Boskin)","Washington, January 18, 1990","Memorandum","Monetary Policy, Debt, and International Institutions","Core","Released","4","","No classification marking","492062327","CF01113–011","verified","Source: George H.W. Bush Library, Bush Presidential Records, Council of Economic Advisers, Michael J. Boskin Files, NSC Meeting Files, OA/ID CF01113–011, [1990]: 1/18/90, NSC Meeting on International Economic Policy, Cabinet Room. No classification marking.","","https://catalog.archives.gov/id/492062327","https://catalog.archives.gov/medialz/presidential-libraries/bush/gb-cea/boskin/nsc_mtg_473987122/41-bpr-cea-boskin_nsc_meetng-01113-011.pdf"
"deal-1990-01-19-us-ec-trade-withheld","1990-01-19","U.S.-EC Trade","Report on U.S.-EC Trade","January 19, 1990","Withdrawn report","Trade Policy and Market Access","Core","Withheld","3","","Secret","452050609","CF00972-018","verified","Source: George H.W. Bush Library, Bush Presidential Records, National Security Council, Timothy E. Deal Files, Subject Files, OA/ID CF00972–018, Trade. Secret.","","https://catalog.archives.gov/id/452050609","https://catalog.archives.gov/medialz/presidential-libraries/bush/gb-nsc/deal/subject_2554810/41-bpr-nsc-deal-subj-cf00972-018.pdf"
"deal-1990-01-19-international-economic-energy-trade-withheld","1990-01-19","International Economic and Energy Trade","Report on International Economic and Energy Trade","January 19, 1990","Withdrawn report","Trade Policy and Market Access","Consider","Withheld","1","","Secret","452050609","CF00972-018","verified","Source: George H.W. Bush Library, Bush Presidential Records, National Security Council, Timothy E. Deal Files, Subject Files, OA/ID CF00972–018, Trade. Secret.","","https://catalog.archives.gov/id/452050609","https://catalog.archives.gov/medialz/presidential-libraries/bush/gb-nsc/deal/subject_2554810/41-bpr-nsc-deal-subj-cf00972-018.pdf"
"lead-492061965","1990-02-22","Structural Impediments Initiative Meeting, Tokyo, February 22–23, 1990 [1]","Structural Impediments Initiative Meeting, Tokyo, February 22–23, 1990 [1]","February 22, 1990","File-unit lead","Trade Policy and Market Access","Core","Online file unit","","","Not determined","492061965","CF00502–001","locator","","George H.W. Bush Library, Bush Presidential Records, Council of Economic Advisers, John B. Taylor Briefing Books Files, OA/ID CF00502–001, Structural Impediments Initiative Meeting, Tokyo, February 22–23, 1990 [1].","https://catalog.archives.gov/id/492061965","https://catalog.archives.gov/medialz/presidential-libraries/bush/gb-cea/taylor/briefing_books_2363649/41-bpr-cea-taylor_brief_bk-cf00502-001.pdf"
"lead-492062328","1990-03-25","U.S.-Mexico Free Trade Agreement","U.S.-Mexico Free Trade Agreement","March 25, 1990","EPC/NSC file-unit lead","Trade Policy and Market Access","Boundary","Online file unit","","","Not determined","492062328","CF01113–012","locator","","George H.W. Bush Library, Bush Presidential Records, Council of Economic Advisers, Michael J. Boskin Files, NSC Meeting Files, OA/ID CF01113–012, U.S.-Mexico Free Trade Agreement.","https://catalog.archives.gov/id/492062328","https://catalog.archives.gov/medialz/presidential-libraries/bush/gb-cea/boskin/nsc_mtg_473987122/41-bpr-cea-boskin_nsc_meetng-01113-012.pdf"
"lead-470760944","1990-03-29","NSC0042—Fiber Optic Systems for the USSR","NSC0042—Fiber Optic Systems for the USSR","March 29, 1990","NSC meeting file","Strategic Trade, Technology, and Investment Controls","Core","Online file unit","","","Not determined","470760944","90002–006","locator","","George H.W. Bush Library, Bush Presidential Records, National Security Council, H-Files, NSC Meetings Files, OA/ID 90002–006, NSC0042—Fiber Optic Systems for the USSR.","https://catalog.archives.gov/id/470760944","https://catalog.archives.gov/medialz/presidential-libraries/bush/gb-nsc/H-Files/NSC_Mtgs_312293887/41-bpr-nsc-hfiles-nsc_mtgs-42-90002-006.pdf"
"presidential-428080649","1990-04-24","Meeting with Jacques Delors, President of the European Economic Community (U)","Memorandum of Conversation","April 24, 1990, 3:30–4:00 p.m.","Memcon","Trade Policy and Market Access","Consider","Released","5","","Confidential","428080649","","verified","Source: George H.W. Bush Library, Bush Presidential Records, National Security Council, Presidential Memcon Files, OA/ID CF01729–016, [Memorandum of Conversations (Memcons)—January 1990–June 1990]: April 1990. Confidential.","","https://catalog.archives.gov/id/428080649","https://catalog.archives.gov/medialz/presidential-libraries/bush/gb-nsc/321498039/1990-04-24--Delors.pdf"
"lead-492062331","1990-04-25","Economic Policy Council Meeting on Special 301","Economic Policy Council Meeting on Special 301","April 25, 1990","EPC/NSC file-unit lead","Trade Policy and Market Access","Core","Online file unit","","","Not determined","492062331","CF01113–015","locator","","George H.W. Bush Library, Bush Presidential Records, Council of Economic Advisers, Michael J. Boskin Files, NSC Meeting Files, OA/ID CF01113–015, Economic Policy Council Meeting on Special 301.","https://catalog.archives.gov/id/492062331","https://catalog.archives.gov/medialz/presidential-libraries/bush/gb-cea/boskin/nsc_mtg_473987122/41-bpr-cea-boskin_nsc_meetng-01113-015.pdf"
"lead-446396859","1990-05-01","NSD-39—COCOM Policy toward Eastern Europe and Soviet Union","NSD-39—COCOM Policy toward Eastern Europe and Soviet Union","May 1, 1990","National Security Directive file","Strategic Trade, Technology, and Investment Controls","Core","Online file unit","","","Not determined","446396859","90004–013","locator","","George H.W. Bush Library, Bush Presidential Records, National Security Council, H-Files, National Security Directives Files, OA/ID 90004–013, NSD-39—COCOM Policy toward Eastern Europe and Soviet Union.","https://catalog.archives.gov/id/446396859","https://catalog.archives.gov/medialz/presidential-libraries/bush/gb-nsc/H-Files/NSDs_313189290/41-bpr-nsc-hfiles-nsd-39-90004-013.pdf"
"lead-492062335","1990-06-07","Economic Policy Council Meeting on the U.S.-Mexico FTA","Economic Policy Council Meeting on the U.S.-Mexico FTA","June 7, 1990","EPC/NSC file-unit lead","Trade Policy and Market Access","Boundary","Online file unit","","","Not determined","492062335","CF01113–019","locator","","George H.W. Bush Library, Bush Presidential Records, Council of Economic Advisers, Michael J. Boskin Files, NSC Meeting Files, OA/ID CF01113–019, Economic Policy Council Meeting on the U.S.-Mexico FTA.","https://catalog.archives.gov/id/492062335","https://catalog.archives.gov/medialz/presidential-libraries/bush/gb-cea/boskin/nsc_mtg_473987122/41-bpr-cea-boskin_nsc_meetng-01113-019.pdf"
"lead-452050566","1990-07-09","Houston Economic Summit (July 9–11, 1990) [4]","Houston Economic Summit (July 9–11, 1990) [4]","July 9, 1990","Summit file-unit lead","Economic Summits and Industrialized-Country Cooperation","Consider","Online file unit","","","Not determined","452050566","CF00963–017","locator","","George H.W. Bush Library, Bush Presidential Records, National Security Council, Timothy E. Deal Subject Files, OA/ID CF00963–017, Houston Economic Summit (July 9–11, 1990) [4].","https://catalog.archives.gov/id/452050566","https://catalog.archives.gov/medialz/presidential-libraries/bush/gb-nsc/deal/subject_2554810/41-bpr-nsc-deal-subj-cf00963-017.pdf"
"lead-452050567","1990-07-09","Houston Economic Summit (July 9–11, 1990) [5]","Houston Economic Summit (July 9–11, 1990) [5]","July 9, 1990","Summit file-unit lead","Economic Summits and Industrialized-Country Cooperation","Consider","Online file unit","","","Not determined","452050567","CF00963–018","locator","","George H.W. Bush Library, Bush Presidential Records, National Security Council, Timothy E. Deal Subject Files, OA/ID CF00963–018, Houston Economic Summit (July 9–11, 1990) [5].","https://catalog.archives.gov/id/452050567","https://catalog.archives.gov/medialz/presidential-libraries/bush/gb-nsc/deal/subject_2554810/41-bpr-nsc-deal-subj-cf00963-018.pdf"
"lead-470429205","1990-07-09","Houston Economic Summit [1]","Houston Economic Summit [1]","July 9, 1990","File-unit lead","Economic Summits and Industrialized-Country Cooperation","Consider","Catalog only","","","Not determined","470429205","","locator","","George H.W. Bush Library, Bush Presidential Records, National Security Council, Eric Melby Files, Economic Summit Files, Houston [Economic] Summit [1].","https://catalog.archives.gov/id/470429205",""
"presidential-428080829","1990-07-09","Opening Session of the 16th Economic Summit of Industrialized Nations (U)","Memorandum of Conversation","Monday, July 9, 1990, 2:30 p.m.-4:35 p.m.","Memcon","Economic Summits and Industrialized-Country Cooperation","Core","Released","10","","Confidential","428080829","","verified","Source: George H.W. Bush Library, Bush Presidential Records, National Security Council, Presidential Memcon Files, OA/ID CF01728–001, [Memorandum of Conversations (Memcons)—July 1990–December 1990]: July 1990. Confidential.","","https://catalog.archives.gov/id/428080829","https://catalog.archives.gov/medialz/presidential-libraries/bush/gb-nsc/321498039/1990-07-09--Mitterrand-2.pdf"
"presidential-428080831","1990-07-10","First Main Plenary Session of the 16th Economic Summit of Industrialized Nations","Memorandum of Conversation","Tuesday, July 10, 1990, 9:00 a.m.-12:03 p.m.","Memcon","Economic Summits and Industrialized-Country Cooperation","Core","Released","15","","Secret","428080831","","verified","Source: George H.W. Bush Library, Bush Presidential Records, National Security Council, Presidential Memcon Files, OA/ID CF01728–001, [Memorandum of Conversations (Memcons)—July 1990–December 1990]: July 1990. Secret.","","https://catalog.archives.gov/id/428080831","https://catalog.archives.gov/medialz/presidential-libraries/bush/gb-nsc/321498039/1990-07-10--Mitterrand-1.pdf"
"presidential-428080833","1990-07-10","Second Main Plenary Session of the 16th Economic Summit of Industrialized Nations","Memorandum of Conversation","Tuesday, July 10, 1990, 2:43 p.m.-5:27 p.m.","Memcon","Economic Summits and Industrialized-Country Cooperation","Core","Released","14","","Confidential","428080833","","verified","Source: George H.W. Bush Library, Bush Presidential Records, National Security Council, Presidential Memcon Files, OA/ID CF01728–001, [Memorandum of Conversations (Memcons)—July 1990–December 1990]: July 1990. Confidential.","","https://catalog.archives.gov/id/428080833","https://catalog.archives.gov/medialz/presidential-libraries/bush/gb-nsc/321498039/1990-07-10--Mitterrand-2.pdf"
"presidential-428080835","1990-07-11","Final Session of the 16th Economic Summit of Industrialized Nations (U)","Memorandum of Conversation","Wednesday, July 11, 1990, 9:08 a.m. -9:35 a.m.","Memcon","Economic Summits and Industrialized-Country Cooperation","Core","Released","5","","Confidential","428080835","","verified","Source: George H.W. Bush Library, Bush Presidential Records, National Security Council, Presidential Memcon Files, OA/ID CF01728–001, [Memorandum of Conversations (Memcons)—July 1990–December 1990]: July 1990. Confidential.","","https://catalog.archives.gov/id/428080835","https://catalog.archives.gov/medialz/presidential-libraries/bush/gb-nsc/321498039/1990-07-11--Mitterrand.pdf"
"lead-492062348","1990-09-27","Meeting with Eagleburger and Balcerowicz on Poland","Meeting with Eagleburger and Balcerowicz on Poland","September 27, 1990","EPC/NSC file-unit lead","Transition Economies and International Economic Strategy","Consider","Online file unit","","","Not determined","492062348","CF01113–033","locator","","George H.W. Bush Library, Bush Presidential Records, Council of Economic Advisers, Michael J. Boskin Files, NSC Meeting Files, OA/ID CF01113–033, Meeting with Eagleburger and Balcerowicz on Poland.","https://catalog.archives.gov/id/492062348","https://catalog.archives.gov/medialz/presidential-libraries/bush/gb-cea/boskin/nsc_mtg_473987122/41-bpr-cea-boskin_nsc_meetng-01113-033.pdf"
"presidential-428081135","1990-11-13","Meeting with Prime Minister Andreotti of Italy","Memorandum of Conversation","November 13, 1990, 4:45-6:00 p.m. EST","Memcon","Trade Policy and Market Access","Consider","Released","8","","Secret","428081135","","verified","Source: George H.W. Bush Library, Bush Presidential Records, National Security Council, Presidential Memcon Files, OA/ID CF01728–005, [Memorandum of Conversations (Memcons)—July 1990–December 1990]: November 1990. Secret.","","https://catalog.archives.gov/id/428081135","https://catalog.archives.gov/medialz/presidential-libraries/bush/gb-nsc/321498039/1990-11-13--Andreotti-2.pdf"
"lead-446396879","1990-12-10","NSD-53—Interagency Review and Disposition of Export Control Licenses [2]","NSD-53—Interagency Review and Disposition of Export Control Licenses [2]","December 10, 1990","National Security Directive file","Strategic Trade, Technology, and Investment Controls","Core","Online file unit","","","Not determined","446396879","90004–033","locator","","George H.W. Bush Library, Bush Presidential Records, National Security Council, H-Files, National Security Directives Files, OA/ID 90004–033, NSD-53—Interagency Review and Disposition of Export Control Licenses [2].","https://catalog.archives.gov/id/446396879","https://catalog.archives.gov/medialz/presidential-libraries/bush/gb-nsc/H-Files/NSDs_313189290/41-bpr-nsc-hfiles-nsd-53_2-90004-033.pdf"
"lead-492062366","1991-04-22","Economic Policy Council Meeting on Fast Track Authority","Economic Policy Council Meeting on Fast Track Authority","April 22, 1991","EPC/NSC file-unit lead","Trade Policy and Market Access","Core","Online file unit","","","Not determined","492062366","CF01113–051","locator","","George H.W. Bush Library, Bush Presidential Records, Council of Economic Advisers, Michael J. Boskin Files, NSC Meeting Files, OA/ID CF01113–051, Economic Policy Council Meeting on Fast Track Authority.","https://catalog.archives.gov/id/492062366","https://catalog.archives.gov/medialz/presidential-libraries/bush/gb-cea/boskin/nsc_mtg_473987122/41-bpr-cea-boskin_nsc_meetng-01113-051.pdf"
"lead-492062472","1991-06-19","Uruguay Round and North American Free Trade Agreement","Uruguay Round and North American Free Trade Agreement","June 19, 1991","EPC/NSC file-unit lead","Trade Policy and Market Access","Boundary","Online file unit","","","Not determined","492062472","CF01169–001","locator","","George H.W. Bush Library, Bush Presidential Records, Council of Economic Advisers, Michael J. Boskin Files, NSC Meeting Files, OA/ID CF01169–001, Uruguay Round and North American Free Trade Agreement.","https://catalog.archives.gov/id/492062472","https://catalog.archives.gov/medialz/presidential-libraries/bush/gb-cea/boskin/nsc_mtg_473987122/41-bpr-cea-boskin_nsc_meetng-01169-001.pdf"
"lead-492062473","1991-06-21","Meeting with President Bush on the Soviet Union","Meeting with President Bush on the Soviet Union","June 21, 1991","EPC/NSC file-unit lead","Transition Economies and International Economic Strategy","Core","Online file unit","","","Not determined","492062473","CF01169–002","locator","","George H.W. Bush Library, Bush Presidential Records, Council of Economic Advisers, Michael J. Boskin Files, NSC Meeting Files, OA/ID CF01169–002, Meeting with President Bush on the Soviet Union.","https://catalog.archives.gov/id/492062473","https://catalog.archives.gov/medialz/presidential-libraries/bush/gb-cea/boskin/nsc_mtg_473987122/41-bpr-cea-boskin_nsc_meetng-01169-002.pdf"
"lead-492062476","1991-07-09","Economic Policy Council Meeting on Eastern and Central Europe","Economic Policy Council Meeting on Eastern and Central Europe","July 9, 1991","EPC/NSC file-unit lead","Transition Economies and International Economic Strategy","Core","Online file unit","","","Not determined","492062476","CF01169–006","locator","","George H.W. Bush Library, Bush Presidential Records, Council of Economic Advisers, Michael J. Boskin Files, NSC Meeting Files, OA/ID CF01169–006, Economic Policy Council Meeting on Eastern and Central Europe.","https://catalog.archives.gov/id/492062476","https://catalog.archives.gov/medialz/presidential-libraries/bush/gb-cea/boskin/nsc_mtg_473987122/41-bpr-cea-boskin_nsc_meetng-01169-006.pdf"
"lead-452050583","1991-07-15","London Economic Summit [July 1991] [3]","London Economic Summit [July 1991] [3]","July 15, 1991","Summit file-unit lead","Economic Summits and Industrialized-Country Cooperation","Consider","Online file unit","","","Not determined","452050583","CF00964–014","locator","","George H.W. Bush Library, Bush Presidential Records, National Security Council, Timothy E. Deal Subject Files, OA/ID CF00964–014, London Economic Summit [July 1991] [3].","https://catalog.archives.gov/id/452050583","https://catalog.archives.gov/medialz/presidential-libraries/bush/gb-nsc/deal/subject_2554810/41-bpr-nsc-deal-subj-cf00964-014.pdf"
"lead-452050584","1991-07-15","London Economic Summit [July 1991] [4]","London Economic Summit [July 1991] [4]","July 15, 1991","Summit file-unit lead","Economic Summits and Industrialized-Country Cooperation","Consider","Online file unit","","","Not determined","452050584","CF00964–015","locator","","George H.W. Bush Library, Bush Presidential Records, National Security Council, Timothy E. Deal Subject Files, OA/ID CF00964–015, London Economic Summit [July 1991] [4].","https://catalog.archives.gov/id/452050584","https://catalog.archives.gov/medialz/presidential-libraries/bush/gb-nsc/deal/subject_2554810/41-bpr-nsc-deal-subj-cf00964-015.pdf"
"lead-452050586","1991-07-15","London Economic Summit [July 1991] [6]","London Economic Summit [July 1991] [6]","July 15, 1991","Summit file-unit lead","Economic Summits and Industrialized-Country Cooperation","Consider","Online file unit","","","Not determined","452050586","CF00964–017","locator","","George H.W. Bush Library, Bush Presidential Records, National Security Council, Timothy E. Deal Subject Files, OA/ID CF00964–017, London Economic Summit [July 1991] [6].","https://catalog.archives.gov/id/452050586","https://catalog.archives.gov/medialz/presidential-libraries/bush/gb-nsc/deal/subject_2554810/41-bpr-nsc-deal-subj-cf00964-017.pdf"
"lead-452050652","1991-07-15","London Economic Summit: President's Background Book [1 of 2]","London Economic Summit: President's Background Book [1 of 2]","July 15, 1991","Summit file-unit lead","Economic Summits and Industrialized-Country Cooperation","Consider","Online file unit","","","Not determined","452050652","CF00960–016","locator","","George H.W. Bush Library, Bush Presidential Records, National Security Council, Timothy E. Deal Summit Briefing Books Files, OA/ID CF00960–016, London Economic Summit: President's Background Book [1 of 2].","https://catalog.archives.gov/id/452050652","https://catalog.archives.gov/medialz/presidential-libraries/bush/gb-nsc/deal/summit_brief_books_2554817/41-bpr-nsc-deal-sumit_bref_bks-cf00960-016.pdf"
"lead-452050650","1991-07-15","London Economic Summit: President's Briefing Book [1 of 2]","London Economic Summit: President's Briefing Book [1 of 2]","July 15, 1991","Summit file-unit lead","Economic Summits and Industrialized-Country Cooperation","Consider","Online file unit","","","Not determined","452050650","CF00960–014","locator","","George H.W. Bush Library, Bush Presidential Records, National Security Council, Timothy E. Deal Summit Briefing Books Files, OA/ID CF00960–014, London Economic Summit: President's Briefing Book [1 of 2].","https://catalog.archives.gov/id/452050650","https://catalog.archives.gov/medialz/presidential-libraries/bush/gb-nsc/deal/summit_brief_books_2554817/41-bpr-nsc-deal-sumit_bref_bks-cf00960-014.pdf"
"presidential-428081745","1991-07-15","Opening Session of the London Economic Summit (U)","Memorandum of Conversation","London, Monday, July 15, 1991, 2:20 p.m. -5:40 p.m.","Memcon","Economic Summits and Industrialized-Country Cooperation","Core","Released","11","","Secret","428081745","","draft","Source: George H.W. Bush Library, Bush Presidential Records, National Security Council, Presidential Memcon Files, OA/ID CF01728–013, [Memorandum of Conversations (Memcons)—July 1991–December 1991]: July 1991. Secret.","","https://catalog.archives.gov/id/428081745","https://catalog.archives.gov/medialz/presidential-libraries/bush/gb-nsc/321498039/1991-07-15--Mitterrand.pdf"
"presidential-428081749","1991-07-16","First Plenary, London Economic Summit (U)","Memorandum of Conversation","London, Tuesday, July 16, 1991, 9:00 a.m.-12:30 p.m.","Memcon","Economic Summits and Industrialized-Country Cooperation","Core","Released","12","","Confidential","428081749","","verified","Source: George H.W. Bush Library, Bush Presidential Records, National Security Council, Presidential Memcon Files, OA/ID CF01728–013, [Memorandum of Conversations (Memcons)—July 1991–December 1991]: July 1991. Confidential.","","https://catalog.archives.gov/id/428081749","https://catalog.archives.gov/medialz/presidential-libraries/bush/gb-nsc/321498039/1991-07-16--Mitterrand-1.pdf"
"presidential-428081771","1991-07-16","Second Plenary, London Economic Summit","Memorandum of Conversation","London, Tuesday, July 16, 1991, 3:40-5:30 p.m.","Memcon","Economic Summits and Industrialized-Country Cooperation","Core","Released","9","","Secret","428081771","","verified","Source: George H.W. Bush Library, Bush Presidential Records, National Security Council, Presidential Memcon Files, OA/ID CF01728–013, [Memorandum of Conversations (Memcons)—July 1991–December 1991]: July 1991. Secret.","","https://catalog.archives.gov/id/428081771","https://catalog.archives.gov/medialz/presidential-libraries/bush/gb-nsc/321498039/1991-07-16--Mitterrand-2.pdf"
"presidential-428081773","1991-07-17","G-7 Meeting with President Gorbachev","Memorandum of Conversation","London, Wednesday, July 17, 1991, 2:20 p.m.","Memcon","Transition Economies and International Economic Strategy","Core","Released","14","","Secret","428081773","","verified","Source: George H.W. Bush Library, Bush Presidential Records, National Security Council, Presidential Memcon Files, OA/ID CF01728–013, [Memorandum of Conversations (Memcons)—July 1991–December 1991]: July 1991. Secret.","","https://catalog.archives.gov/id/428081773","https://catalog.archives.gov/medialz/presidential-libraries/bush/gb-nsc/321498039/1991-07-17--Gorbachev.pdf"
"presidential-428081775","1991-07-17","Third Plenary, London Economic Summit","Memorandum of Conversation","London, Wednesday, July 17, 1991, 9:15-10:20 a.m.","Memcon","Economic Summits and Industrialized-Country Cooperation","Core","Released","5","","Confidential","428081775","","verified","Source: George H.W. Bush Library, Bush Presidential Records, National Security Council, Presidential Memcon Files, OA/ID CF01728–013, [Memorandum of Conversations (Memcons)—July 1991–December 1991]: July 1991. Confidential.","","https://catalog.archives.gov/id/428081775","https://catalog.archives.gov/medialz/presidential-libraries/bush/gb-nsc/321498039/1991-07-17--Mitterrand.pdf"
"lead-470761340","1991-10-29","NSC/DC 317—Intra-COCOM Trade in MTCR Annex Items","NSC/DC 317—Intra-COCOM Trade in MTCR Annex Items","October 29, 1991","NSC/Deputies Committee file","Strategic Trade, Technology, and Investment Controls","Consider","Online file unit","","","Not determined","470761340","90021–005","locator","","George H.W. Bush Library, Bush Presidential Records, National Security Council, H-Files, NSC/Deputies Committee Meetings Files, OA/ID 90021–005, NSC/DC 317—Intra-COCOM Trade in MTCR Annex Items.","https://catalog.archives.gov/id/470761340","https://catalog.archives.gov/medialz/presidential-libraries/bush/gb-nsc/H-Files/NSC-DC_Mtgs_312294079/41-bpr-nsc-hfiles-dc_mtgs-317-90021-005.pdf"
"presidential-428082021","1991-11-09","Uruguay Round","Memorandum of Conversation","The Hague, November 9, 1991, 9:00 a.m.–12:15 p.m.","Memcon","Trade Policy and Market Access","Core","Released","10","","Confidential","428082021","","verified","Source: George H.W. Bush Library, Bush Presidential Records, National Security Council, Presidential Memcon Files, OA/ID CF01728–017, [Memorandum of Conversations (Memcons)—July 1991–December 1991]: November 1991. Confidential.","","https://catalog.archives.gov/id/428082021","https://catalog.archives.gov/medialz/presidential-libraries/bush/gb-nsc/321498039/1991-11-09--Lubbers.pdf"
"lead-492061797","1991-12-30","USTR Briefing Book on Dunkel Text","USTR Briefing Book on Dunkel Text","December 30, 1991","File-unit lead","Trade Policy and Market Access","Core","Online file unit","","","Not determined","492061797","94001–004","locator","","George H.W. Bush Library, Bush Presidential Records, Council of Economic Advisers, Trade Policy Review Group Staff Files, OA/ID 94001–004, USTR Briefing Book on Dunkel Text.","https://catalog.archives.gov/id/492061797","https://catalog.archives.gov/medialz/presidential-libraries/bush/gb-cea/tprg_misc_staff/tprg_misc_staff_486388768/41-bpr-cea-tprg_misc_stf-94001-004.pdf"
"lead-492062363","1991-01-01","U.S./Soviet Economic Relations","U.S./Soviet Economic Relations","1991","EPC/NSC file-unit lead","Transition Economies and International Economic Strategy","Core","Online file unit","","","Not determined","492062363","CF01113–048","locator","","George H.W. Bush Library, Bush Presidential Records, Council of Economic Advisers, Michael J. Boskin Files, NSC Meeting Files, OA/ID CF01113–048, U.S./Soviet Economic Relations.","https://catalog.archives.gov/id/492062363","https://catalog.archives.gov/medialz/presidential-libraries/bush/gb-cea/boskin/nsc_mtg_473987122/41-bpr-cea-boskin_nsc_meetng-01113-048.pdf"
"lead-492062480","1992-03-13","Meeting with Mulford, Zoellick, and Hewitt on the Soviet Union","Meeting with Mulford, Zoellick, and Hewitt on the Soviet Union","March 13, 1992","EPC/NSC file-unit lead","Transition Economies and International Economic Strategy","Consider","Online file unit","","","Not determined","492062480","CF01169–010","locator","","George H.W. Bush Library, Bush Presidential Records, Council of Economic Advisers, Michael J. Boskin Files, NSC Meeting Files, OA/ID CF01169–010, Meeting with Mulford, Zoellick, and Hewitt on the Soviet Union.","https://catalog.archives.gov/id/492062480","https://catalog.archives.gov/medialz/presidential-libraries/bush/gb-cea/boskin/nsc_mtg_473987122/41-bpr-cea-boskin_nsc_meetng-01169-010.pdf"
"lead-470761369","1992-04-09","NSC/DC 345—Export Control Regulatory Reform","NSC/DC 345—Export Control Regulatory Reform","April 9, 1992","NSC/Deputies Committee file","Strategic Trade, Technology, and Investment Controls","Core","Online file unit","","","Not determined","470761369","90022–004","locator","","George H.W. Bush Library, Bush Presidential Records, National Security Council, H-Files, NSC/Deputies Committee Meetings Files, OA/ID 90022–004, NSC/DC 345—Export Control Regulatory Reform.","https://catalog.archives.gov/id/470761369","https://catalog.archives.gov/medialz/presidential-libraries/bush/gb-nsc/H-Files/NSC-DC_Mtgs_312294079/41-bpr-nsc-hfiles-dc_mtgs-345-90022-004.pdf"
"lead-470761371","1992-04-22","NSC/DC 347—Export Control Regulatory Review [1]","NSC/DC 347—Export Control Regulatory Review [1]","April 22, 1992","NSC/Deputies Committee file","Strategic Trade, Technology, and Investment Controls","Core","Online file unit","","","Not determined","470761371","90022–006","locator","","George H.W. Bush Library, Bush Presidential Records, National Security Council, H-Files, NSC/Deputies Committee Meetings Files, OA/ID 90022–006, NSC/DC 347—Export Control Regulatory Review [1].","https://catalog.archives.gov/id/470761371","https://catalog.archives.gov/medialz/presidential-libraries/bush/gb-nsc/H-Files/NSC-DC_Mtgs_312294079/41-bpr-nsc-hfiles-dc_mtgs-347_1-90022-006.pdf"
"lead-470761372","1992-04-22","NSC/DC 347—Export Control Regulatory Review [2]","NSC/DC 347—Export Control Regulatory Review [2]","April 22, 1992","NSC/Deputies Committee file","Strategic Trade, Technology, and Investment Controls","Core","Online file unit","","","Not determined","470761372","90022–007","locator","","George H.W. Bush Library, Bush Presidential Records, National Security Council, H-Files, NSC/Deputies Committee Meetings Files, OA/ID 90022–007, NSC/DC 347—Export Control Regulatory Review [2].","https://catalog.archives.gov/id/470761372","https://catalog.archives.gov/medialz/presidential-libraries/bush/gb-nsc/H-Files/NSC-DC_Mtgs_312294079/41-bpr-nsc-hfiles-dc_mtgs-347_2-90022-007.pdf"
"lead-470761377","1992-05-13","NSC/DC 351—Safety of Soviet-Designed Nuclear Reactors","NSC/DC 351—Safety of Soviet-Designed Nuclear Reactors","May 13, 1992","NSC/Deputies Committee file","Transition Economies and International Economic Strategy","Consider","Online file unit","","","Not determined","470761377","90022–012","locator","","George H.W. Bush Library, Bush Presidential Records, National Security Council, H-Files, NSC/Deputies Committee Meetings Files, OA/ID 90022–012, NSC/DC 351—Safety of Soviet-Designed Nuclear Reactors.","https://catalog.archives.gov/id/470761377","https://catalog.archives.gov/medialz/presidential-libraries/bush/gb-nsc/H-Files/NSC-DC_Mtgs_312294079/41-bpr-nsc-hfiles-dc_mtgs-351-90022-012.pdf"
"lead-452050631","1992-05-22","Munich Economic Summit Fourth Sherpa Meeting Briefing Book, May 22–24, 1992 [1]","Munich Economic Summit Fourth Sherpa Meeting Briefing Book, May 22–24, 1992 [1]","May 22, 1992","Summit file-unit lead","Economic Summits and Industrialized-Country Cooperation","Consider","Online file unit","","","Not determined","452050631","CF00973–009","locator","","George H.W. Bush Library, Bush Presidential Records, National Security Council, Timothy E. Deal Subject Files, OA/ID CF00973–009, Munich Economic Summit Fourth Sherpa Meeting Briefing Book, May 22–24, 1992 [1].","https://catalog.archives.gov/id/452050631","https://catalog.archives.gov/medialz/presidential-libraries/bush/gb-nsc/deal/subject_2554810/41-bpr-nsc-deal-subj-cf00973-009.pdf"
"presidential-428082275","1992-07-07","Plenary Session 1992 Munich Economic Summit (U)","Memorandum of Conversation","Tuesday, July 7, 1992, 9:40 a.m.-10:10 a.m.","Memcon","Economic Summits and Industrialized-Country Cooperation","Core","Released","4","","Confidential","428082275","","verified","Source: George H.W. Bush Library, Bush Presidential Records, National Security Council, Eric Melby Files, Economic Summit Files, OA/ID CF00971–015, Munich Economic Summit [1]. Confidential.","","https://catalog.archives.gov/id/428082275","https://catalog.archives.gov/medialz/presidential-libraries/bush/gb-nsc/321498039/1992-07-07--Plenary-Session--1992-Munich-Economic-Summit.pdf"
"presidential-428082277","1992-07-07","Private Plenary Session 1992 Munich Economic Summit (U)","Memorandum of Conversation","Tuesday, July 7, 1992, 10:20 a.m.-12:30 p.m.","Memcon","Economic Summits and Industrialized-Country Cooperation","Core","Released","10","","Confidential","428082277","","verified","Source: George H.W. Bush Library, Bush Presidential Records, National Security Council, Eric Melby Files, Economic Summit Files, OA/ID CF00971–015, Munich Economic Summit [1]. Confidential.","","https://catalog.archives.gov/id/428082277","https://catalog.archives.gov/medialz/presidential-libraries/bush/gb-nsc/321498039/1992-07-07--Private-Plenary-Session--1992-Munich-Economic-Summit.pdf"
"presidential-428082281","1992-07-08","Heads of Delegation Meeting with President Boris Yeltsin at the 1992 Munich Economic Summit (U)","Memorandum of Conversation","Wednesday, July 8, 1992, 3:05 p.m.-5:40 p.m.","Memcon","Transition Economies and International Economic Strategy","Core","Released","12","","Confidential","428082281","","verified","Source: George H.W. Bush Library, Bush Presidential Records, National Security Council, Eric Melby Files, Economic Summit Files, OA/ID CF00971–015, Munich Economic Summit [1]. Confidential.","","https://catalog.archives.gov/id/428082281","https://catalog.archives.gov/medialz/presidential-libraries/bush/gb-nsc/321498039/1992-07-08--Heads-of-Delegation-Meeting-with-Boris-Yeltsin.pdf"
"presidential-428082283","1992-07-08","Joint Plenary Session 1992 Munich Economic Summit (U)","Memorandum of Conversation","Wednesday, July 8, 1992, 9:20 a.m.-10:15 a.m.","Memcon","Transition Economies and International Economic Strategy","Core","Released","4","","Confidential","428082283","","verified","Source: George H.W. Bush Library, Bush Presidential Records, National Security Council, Eric Melby Files, Economic Summit Files, OA/ID CF00971–015, Munich Economic Summit [1]. Confidential.","","https://catalog.archives.gov/id/428082283","https://catalog.archives.gov/medialz/presidential-libraries/bush/gb-nsc/321498039/1992-07-08--Joint-Plenary-Session--1992-Munich-Economic-Summit.pdf"
"lead-492062479","1992-01-01","NAFTA [1992]","NAFTA [1992]","1992","EPC/NSC file-unit lead","Trade Policy and Market Access","Boundary","Online file unit","","","Not determined","492062479","CF01169–009","locator","","George H.W. Bush Library, Bush Presidential Records, Council of Economic Advisers, Michael J. Boskin Files, NSC Meeting Files, OA/ID CF01169–009, NAFTA [1992].","https://catalog.archives.gov/id/492062479","https://catalog.archives.gov/medialz/presidential-libraries/bush/gb-cea/boskin/nsc_mtg_473987122/41-bpr-cea-boskin_nsc_meetng-01169-009.pdf"
"lead-492061798","1992-01-01","Uruguay Round Strategy","Uruguay Round Strategy","1992","File-unit lead","Trade Policy and Market Access","Core","Online file unit","","","Not determined","492061798","94001–005","locator","","George H.W. Bush Library, Bush Presidential Records, Council of Economic Advisers, Trade Policy Review Group Staff Files, OA/ID 94001–005, Uruguay Round Strategy.","https://catalog.archives.gov/id/492061798","https://catalog.archives.gov/medialz/presidential-libraries/bush/gb-cea/tprg_misc_staff/tprg_misc_staff_486388768/41-bpr-cea-tprg_misc_stf-94001-005.pdf"
