"naid","workingStartDate","workingEndDate","dateBasis","title","localId","chapter","routing","markerStatus","pdfBytes","accessStatus","memosToPresident","memosToScowcroft","memorandaOfConversation","meetingRecords","withdrawalSheets","archivalLocator","catalogUrl","pdfUrl"
"452050587","1989-01-01","1989-01-01","OCR working span","Middle East (Reconstruction)","CF00964-018","Monetary Policy, Debt, and International Institutions","Boundary review","verified","13319999","Restricted - Possibly","0","0","0","0","8","George H.W. Bush Library, Bush Presidential Records, National Security Council, Timothy E. Deal Files, Subject Files, OA/ID CF00964–018, Middle East (Reconstruction).","https://catalog.archives.gov/id/452050587","https://catalog.archives.gov/medialz/presidential-libraries/bush/gb-nsc/deal/subject_2554810/41-bpr-nsc-deal-subj-cf00964-018.pdf"
"452050580","1989-01-01","1991-07-31","OCR working span","Latin America [3]","CF00964-011","Trade Policy and Market Access","Boundary review","verified","24231768","Restricted - Possibly","0","1","0","0","27","George H.W. Bush Library, Bush Presidential Records, National Security Council, Timothy E. Deal Files, Subject Files, OA/ID CF00964–011, Latin America [3].","https://catalog.archives.gov/id/452050580","https://catalog.archives.gov/medialz/presidential-libraries/bush/gb-nsc/deal/subject_2554810/41-bpr-nsc-deal-subj-cf00964-011.pdf"
"452050636","1989-01-24","1991-05-14","OCR working span","Venezuela","CF00973-014","Trade Policy and Market Access","Boundary review","verified","15539434","Restricted - Possibly","0","0","5","0","7","George H.W. Bush Library, Bush Presidential Records, National Security Council, Timothy E. Deal Files, Subject Files, OA/ID CF00973–014, Venezuela.","https://catalog.archives.gov/id/452050636","https://catalog.archives.gov/medialz/presidential-libraries/bush/gb-nsc/deal/subject_2554810/41-bpr-nsc-deal-subj-cf00973-014.pdf"
"452050590","1989-01-30","1991-04-15","OCR working span","Offsets [1]","CF00964-021","Strategic Trade, Technology, and Investment Controls","Volume XXX review","verified","33999736","Restricted - Possibly","3","3","0","0","16","George H.W. Bush Library, Bush Presidential Records, National Security Council, Timothy E. Deal Files, Subject Files, OA/ID CF00964–021, Offsets [1].","https://catalog.archives.gov/id/452050590","https://catalog.archives.gov/medialz/presidential-libraries/bush/gb-nsc/deal/subject_2554810/41-bpr-nsc-deal-subj-cf00964-021.pdf"
"352793404","1989-02-02","1990-05-01","OCR working span","CFIUS [Committee on Foreign Investment in the US] [5]","CF00961-011","Strategic Trade, Technology, and Investment Controls","Volume XXX review","verified","42338284","Undetermined","4","5","0","0","14","George H.W. Bush Library, Bush Presidential Records, National Security Council, Timothy E. Deal Files, Subject Files, OA/ID CF00961–011, CFIUS [Committee on Foreign Investment in the US] [5].","https://catalog.archives.gov/id/352793404","https://catalog.archives.gov/medialz/presidential-libraries/bush/gb-nsc/deal/subject_2554810/41-bpr-nsc-deal-subj-cf00961-011.pdf"
"452050591","1989-02-28","1990-08-10","OCR working span","Offsets [2]","CF00964-022","Strategic Trade, Technology, and Investment Controls","Volume XXX review","verified","110598928","Restricted - Possibly","0","2","0","0","24","George H.W. Bush Library, Bush Presidential Records, National Security Council, Timothy E. Deal Files, Subject Files, OA/ID CF00964–022, Offsets [2].","https://catalog.archives.gov/id/452050591","https://catalog.archives.gov/medialz/presidential-libraries/bush/gb-nsc/deal/subject_2554810/41-bpr-nsc-deal-subj-cf00964-022.pdf"
"452050515","1989-03-01","1990-03-31","Catalog coverage dates","COCOM [Coordinating Committee for Multilateral Export Controls] (March 1989 - March 1990) [1]","CF00961-013","Strategic Trade, Technology, and Investment Controls","Volume XXX review","verified","31100252","Restricted - Possibly","0","0","0","8","36","George H.W. Bush Library, Bush Presidential Records, National Security Council, Timothy E. Deal Files, Subject Files, OA/ID CF00961–013, COCOM [Coordinating Committee for Multilateral Export Controls] (March 1989 - March 1990) [1].","https://catalog.archives.gov/id/452050515","https://catalog.archives.gov/medialz/presidential-libraries/bush/gb-nsc/deal/subject_2554810/41-bpr-nsc-deal-subj-cf00961-013.pdf"
"452050516","1989-03-01","1990-03-31","Catalog coverage dates","COCOM [Coordinating Committee for Multilateral Export Controls] (March 1989 - March 1990) [2]","CF00961-014","Strategic Trade, Technology, and Investment Controls","Volume XXX review","verified","48666128","Restricted - Possibly","0","0","0","11","30","George H.W. Bush Library, Bush Presidential Records, National Security Council, Timothy E. Deal Files, Subject Files, OA/ID CF00961–014, COCOM [Coordinating Committee for Multilateral Export Controls] (March 1989 - March 1990) [2].","https://catalog.archives.gov/id/452050516","https://catalog.archives.gov/medialz/presidential-libraries/bush/gb-nsc/deal/subject_2554810/41-bpr-nsc-deal-subj-cf00961-014.pdf"
"452050517","1989-03-01","1990-03-31","Catalog coverage dates","COCOM [Coordinating Committee for Multilateral Export Controls] (March 1989 - March 1990) [3]","CF00961-015","Strategic Trade, Technology, and Investment Controls","Volume XXX review","verified","27053452","Restricted - Possibly","2","1","0","2","24","George H.W. Bush Library, Bush Presidential Records, National Security Council, Timothy E. Deal Files, Subject Files, OA/ID CF00961–015, COCOM [Coordinating Committee for Multilateral Export Controls] (March 1989 - March 1990) [3].","https://catalog.archives.gov/id/452050517","https://catalog.archives.gov/medialz/presidential-libraries/bush/gb-nsc/deal/subject_2554810/41-bpr-nsc-deal-subj-cf00961-015.pdf"
"452050518","1989-03-01","1990-03-31","Catalog coverage dates","COCOM [Coordinating Committee for Multilateral Export Controls] (March 1989 - March 1990) [4]","CF00961-016","Strategic Trade, Technology, and Investment Controls","Volume XXX review","verified","20945776","Restricted - Possibly","0","2","0","4","26","George H.W. Bush Library, Bush Presidential Records, National Security Council, Timothy E. Deal Files, Subject Files, OA/ID CF00961–016, COCOM [Coordinating Committee for Multilateral Export Controls] (March 1989 - March 1990) [4].","https://catalog.archives.gov/id/452050518","https://catalog.archives.gov/medialz/presidential-libraries/bush/gb-nsc/deal/subject_2554810/41-bpr-nsc-deal-subj-cf00961-016.pdf"
"452050616","1989-03-06","1990-03-09","OCR working span","[Timothy] Deal Travel [7]","CF00972-025","Economic Summits and Industrialized-Country Cooperation","Volume XXX review","verified","42851064","Restricted - Possibly","0","3","0","0","4","George H.W. Bush Library, Bush Presidential Records, National Security Council, Timothy E. Deal Files, Subject Files, OA/ID CF00972–025, [Timothy] Deal Travel [7].","https://catalog.archives.gov/id/452050616","https://catalog.archives.gov/medialz/presidential-libraries/bush/gb-nsc/deal/subject_2554810/41-bpr-nsc-deal-subj-cf00972-025.pdf"
"452050614","1989-03-06","1990-09-15","OCR working span","[Timothy] Deal Travel [5]","CF00972-023","Economic Summits and Industrialized-Country Cooperation","Volume XXX review","verified","69320104","Restricted - Possibly","0","5","0","0","4","George H.W. Bush Library, Bush Presidential Records, National Security Council, Timothy E. Deal Files, Subject Files, OA/ID CF00972–023, [Timothy] Deal Travel [5].","https://catalog.archives.gov/id/452050614","https://catalog.archives.gov/medialz/presidential-libraries/bush/gb-nsc/deal/subject_2554810/41-bpr-nsc-deal-subj-cf00972-023.pdf"
"452050539","1989-03-09","1989-09-25","OCR working span","Debt [4]","CF00962-013","Monetary Policy, Debt, and International Institutions","Volume XXX review","verified","42118724","Restricted - Possibly","6","6","0","0","23","George H.W. Bush Library, Bush Presidential Records, National Security Council, Timothy E. Deal Files, Subject Files, OA/ID CF00962–013, Debt [4].","https://catalog.archives.gov/id/452050539","https://catalog.archives.gov/medialz/presidential-libraries/bush/gb-nsc/deal/subject_2554810/41-bpr-nsc-deal-subj-cf00962-013.pdf"
"452050608","1989-03-10","1989-03-10","OCR working span","Soviet Union [9]","CF00972-017","Transition Economies and International Economic Strategy","Volume XXX review","verified","6070065","Restricted - Possibly","0","1","0","0","7","George H.W. Bush Library, Bush Presidential Records, National Security Council, Timothy E. Deal Files, Subject Files, OA/ID CF00972–017, Soviet Union [9].","https://catalog.archives.gov/id/452050608","https://catalog.archives.gov/medialz/presidential-libraries/bush/gb-nsc/deal/subject_2554810/41-bpr-nsc-deal-subj-cf00972-017.pdf"
"452050538","1989-03-10","1989-04-05","OCR working span","Debt [3]","CF00962-012","Monetary Policy, Debt, and International Institutions","Volume XXX review","verified","33886524","Restricted - Possibly","4","4","0","0","27","George H.W. Bush Library, Bush Presidential Records, National Security Council, Timothy E. Deal Files, Subject Files, OA/ID CF00962–012, Debt [3].","https://catalog.archives.gov/id/452050538","https://catalog.archives.gov/medialz/presidential-libraries/bush/gb-nsc/deal/subject_2554810/41-bpr-nsc-deal-subj-cf00962-012.pdf"
"452050609","1989-03-21","1989-03-24","OCR working span","Trade","CF00972-018","Trade Policy and Market Access","Volume XXX review","verified","6110845","Restricted - Possibly","0","1","0","0","3","George H.W. Bush Library, Bush Presidential Records, National Security Council, Timothy E. Deal Files, Subject Files, OA/ID CF00972–018, Trade.","https://catalog.archives.gov/id/452050609","https://catalog.archives.gov/medialz/presidential-libraries/bush/gb-nsc/deal/subject_2554810/41-bpr-nsc-deal-subj-cf00972-018.pdf"
"452050595","1989-03-28","1990-08-27","OCR working span","Personnel [2]","CF00972-004","Series administration","Administrative","verified","34567984","Restricted - Possibly","0","0","0","0","12","George H.W. Bush Library, Bush Presidential Records, National Security Council, Timothy E. Deal Files, Subject Files, OA/ID CF00972–004, Personnel [2].","https://catalog.archives.gov/id/452050595","https://catalog.archives.gov/medialz/presidential-libraries/bush/gb-nsc/deal/subject_2554810/41-bpr-nsc-deal-subj-cf00972-004.pdf"
"452050573","1989-03-31","1991-06-30","OCR working span","IFI's [World Bank - International Monetary Fund / IMF] [4]","CF00964-004","Monetary Policy, Debt, and International Institutions","Volume XXX review","verified","54271968","Restricted - Possibly","9","6","0","0","7","George H.W. Bush Library, Bush Presidential Records, National Security Council, Timothy E. Deal Files, Subject Files, OA/ID CF00964–004, IFI's [World Bank - International Monetary Fund / IMF] [4].","https://catalog.archives.gov/id/452050573","https://catalog.archives.gov/medialz/presidential-libraries/bush/gb-nsc/deal/subject_2554810/41-bpr-nsc-deal-subj-cf00964-004.pdf"
"452050599","1989-04-12","1989-08-30","OCR working span","Poland [4]","CF00972-008","Transition Economies and International Economic Strategy","Volume XXX review","verified","63501584","Restricted - Possibly","20","7","0","0","0","George H.W. Bush Library, Bush Presidential Records, National Security Council, Timothy E. Deal Files, Subject Files, OA/ID CF00972–008, Poland [4].","https://catalog.archives.gov/id/452050599","https://catalog.archives.gov/medialz/presidential-libraries/bush/gb-nsc/deal/subject_2554810/41-bpr-nsc-deal-subj-cf00972-008.pdf"
"452050537","1989-04-12","1992-02-03","OCR working span","Debt [2]","CF00962-011","Monetary Policy, Debt, and International Institutions","Volume XXX review","verified","49295572","Restricted - Possibly","5","1","0","1","11","George H.W. Bush Library, Bush Presidential Records, National Security Council, Timothy E. Deal Files, Subject Files, OA/ID CF00962–011, Debt [2].","https://catalog.archives.gov/id/452050537","https://catalog.archives.gov/medialz/presidential-libraries/bush/gb-nsc/deal/subject_2554810/41-bpr-nsc-deal-subj-cf00962-011.pdf"
"452050509","1989-04-24","1990-03-05","OCR working span","Argentina","CF00961-002","Trade Policy and Market Access","Boundary review","verified","9530731","Restricted - Possibly","0","1","0","0","11","George H.W. Bush Library, Bush Presidential Records, National Security Council, Timothy E. Deal Files, Subject Files, OA/ID CF00961–002, Argentina.","https://catalog.archives.gov/id/452050509","https://catalog.archives.gov/medialz/presidential-libraries/bush/gb-nsc/deal/subject_2554810/41-bpr-nsc-deal-subj-cf00961-002.pdf"
"452050594","1989-05-22","1992-05-18","OCR working span","Personnel [1]","CF00972-003","Series administration","Administrative","verified","47656144","Restricted - Possibly","0","4","0","0","5","George H.W. Bush Library, Bush Presidential Records, National Security Council, Timothy E. Deal Files, Subject Files, OA/ID CF00972–003, Personnel [1].","https://catalog.archives.gov/id/452050594","https://catalog.archives.gov/medialz/presidential-libraries/bush/gb-nsc/deal/subject_2554810/41-bpr-nsc-deal-subj-cf00972-003.pdf"
"452050569","1989-06-22","1989-11-17","OCR working span","IEPR [International Economic Policy Review] Breakfasts [2]","CF00963-020","Monetary Policy, Debt, and International Institutions","Volume XXX review","verified","20709208","Restricted - Possibly","1","6","0","0","21","George H.W. Bush Library, Bush Presidential Records, National Security Council, Timothy E. Deal Files, Subject Files, OA/ID CF00963–020, IEPR [International Economic Policy Review] Breakfasts [2].","https://catalog.archives.gov/id/452050569","https://catalog.archives.gov/medialz/presidential-libraries/bush/gb-nsc/deal/subject_2554810/41-bpr-nsc-deal-subj-cf00963-020.pdf"
"452050571","1989-06-27","1990-06-30","OCR working span","IFI's [World Bank - International Monetary Fund / IMF] [2]","CF00964-002","Monetary Policy, Debt, and International Institutions","Volume XXX review","verified","37944392","Restricted - Possibly","1","4","0","1","3","George H.W. Bush Library, Bush Presidential Records, National Security Council, Timothy E. Deal Files, Subject Files, OA/ID CF00964–002, IFI's [World Bank - International Monetary Fund / IMF] [2].","https://catalog.archives.gov/id/452050571","https://catalog.archives.gov/medialz/presidential-libraries/bush/gb-nsc/deal/subject_2554810/41-bpr-nsc-deal-subj-cf00964-002.pdf"
"452050572","1989-06-27","1991-09-30","OCR working span","IFI's [World Bank - International Monetary Fund / IMF] [3]","CF00964-003","Monetary Policy, Debt, and International Institutions","Volume XXX review","verified","48878936","Restricted - Possibly","7","4","0","0","2","George H.W. Bush Library, Bush Presidential Records, National Security Council, Timothy E. Deal Files, Subject Files, OA/ID CF00964–003, IFI's [World Bank - International Monetary Fund / IMF] [3].","https://catalog.archives.gov/id/452050572","https://catalog.archives.gov/medialz/presidential-libraries/bush/gb-nsc/deal/subject_2554810/41-bpr-nsc-deal-subj-cf00964-003.pdf"
"452050593","1989-07-01","1989-07-31","Catalog coverage dates","Paris Economic Summit [July 1989]","CF00972-002","Economic Summits and Industrialized-Country Cooperation","Volume XXX review","verified","8740565","Restricted - Possibly","0","3","0","0","4","George H.W. Bush Library, Bush Presidential Records, National Security Council, Timothy E. Deal Files, Subject Files, OA/ID CF00972–002, Paris Economic Summit [July 1989].","https://catalog.archives.gov/id/452050593","https://catalog.archives.gov/medialz/presidential-libraries/bush/gb-nsc/deal/subject_2554810/41-bpr-nsc-deal-subj-cf00972-002.pdf"
"452050557","1989-07-01","1992-11-01","OCR working span","Export Controls [6]","CF00963-008","Strategic Trade, Technology, and Investment Controls","Volume XXX review","verified","83392280","Restricted - Possibly","2","3","0","0","7","George H.W. Bush Library, Bush Presidential Records, National Security Council, Timothy E. Deal Files, Subject Files, OA/ID CF00963–008, Export Controls [6].","https://catalog.archives.gov/id/452050557","https://catalog.archives.gov/medialz/presidential-libraries/bush/gb-nsc/deal/subject_2554810/41-bpr-nsc-deal-subj-cf00963-008.pdf"
"352793403","1989-08-15","1990-05-02","OCR working span","CFIUS [Committee on Foreign Investment in the US] [4]","CF00961-010","Strategic Trade, Technology, and Investment Controls","Volume XXX review","verified","41198376","Undetermined","4","1","0","0","17","George H.W. Bush Library, Bush Presidential Records, National Security Council, Timothy E. Deal Files, Subject Files, OA/ID CF00961–010, CFIUS [Committee on Foreign Investment in the US] [4].","https://catalog.archives.gov/id/352793403","https://catalog.archives.gov/medialz/presidential-libraries/bush/gb-nsc/deal/subject_2554810/41-bpr-nsc-deal-subj-cf00961-010.pdf"
"452050598","1989-08-28","1989-09-28","OCR working span","Poland [3]","CF00972-007","Transition Economies and International Economic Strategy","Volume XXX review","verified","63887716","Restricted - Possibly","3","8","0","0","1","George H.W. Bush Library, Bush Presidential Records, National Security Council, Timothy E. Deal Files, Subject Files, OA/ID CF00972–007, Poland [3].","https://catalog.archives.gov/id/452050598","https://catalog.archives.gov/medialz/presidential-libraries/bush/gb-nsc/deal/subject_2554810/41-bpr-nsc-deal-subj-cf00972-007.pdf"
"452050597","1989-10-02","1989-11-15","OCR working span","Poland [2]","CF00972-006","Transition Economies and International Economic Strategy","Volume XXX review","verified","65427224","Restricted - Possibly","12","9","0","0","1","George H.W. Bush Library, Bush Presidential Records, National Security Council, Timothy E. Deal Files, Subject Files, OA/ID CF00972–006, Poland [2].","https://catalog.archives.gov/id/452050597","https://catalog.archives.gov/medialz/presidential-libraries/bush/gb-nsc/deal/subject_2554810/41-bpr-nsc-deal-subj-cf00972-006.pdf"
"352793402","1989-11-03","1990-11-15","OCR working span","CFIUS [Committee on Foreign Investment in the US] [3]","CF00961-009","Strategic Trade, Technology, and Investment Controls","Volume XXX review","verified","31980588","Undetermined","0","0","0","0","31","George H.W. Bush Library, Bush Presidential Records, National Security Council, Timothy E. Deal Files, Subject Files, OA/ID CF00961–009, CFIUS [Committee on Foreign Investment in the US] [3].","https://catalog.archives.gov/id/352793402","https://catalog.archives.gov/medialz/presidential-libraries/bush/gb-nsc/deal/subject_2554810/41-bpr-nsc-deal-subj-cf00961-009.pdf"
"452050570","1989-11-03","1991-03-06","OCR working span","IFI's [World Bank - International Monetary Fund / IMF] [1]","CF00964-001","Monetary Policy, Debt, and International Institutions","Volume XXX review","verified","28230946","Restricted - Possibly","12","6","0","0","9","George H.W. Bush Library, Bush Presidential Records, National Security Council, Timothy E. Deal Files, Subject Files, OA/ID CF00964–001, IFI's [World Bank - International Monetary Fund / IMF] [1].","https://catalog.archives.gov/id/452050570","https://catalog.archives.gov/medialz/presidential-libraries/bush/gb-nsc/deal/subject_2554810/41-bpr-nsc-deal-subj-cf00964-001.pdf"
"452050607","1989-11-29","1989-12-08","OCR working span","Soviet Union [8]","CF00972-016","Transition Economies and International Economic Strategy","Volume XXX review","verified","21517332","Restricted - Possibly","2","0","0","0","13","George H.W. Bush Library, Bush Presidential Records, National Security Council, Timothy E. Deal Files, Subject Files, OA/ID CF00972–016, Soviet Union [8].","https://catalog.archives.gov/id/452050607","https://catalog.archives.gov/medialz/presidential-libraries/bush/gb-nsc/deal/subject_2554810/41-bpr-nsc-deal-subj-cf00972-016.pdf"
"452050596","1989-12-02","1991-03-11","OCR working span","Poland [1]","CF00972-005","Transition Economies and International Economic Strategy","Volume XXX review","verified","48534620","Restricted - Possibly","5","3","0","0","1","George H.W. Bush Library, Bush Presidential Records, National Security Council, Timothy E. Deal Files, Subject Files, OA/ID CF00972–005, Poland [1].","https://catalog.archives.gov/id/452050596","https://catalog.archives.gov/medialz/presidential-libraries/bush/gb-nsc/deal/subject_2554810/41-bpr-nsc-deal-subj-cf00972-005.pdf"
"452050544","1989-12-06","1990-12-31","OCR working span","EBRD [European Bank for Reconstruction and Development] [5]","CF00962-018","Monetary Policy, Debt, and International Institutions","Volume XXX review","verified","35644768","Restricted - Possibly","0","3","2","1","11","George H.W. Bush Library, Bush Presidential Records, National Security Council, Timothy E. Deal Files, Subject Files, OA/ID CF00962–018, EBRD [European Bank for Reconstruction and Development] [5].","https://catalog.archives.gov/id/452050544","https://catalog.archives.gov/medialz/presidential-libraries/bush/gb-nsc/deal/subject_2554810/41-bpr-nsc-deal-subj-cf00962-018.pdf"
"452050615","1989-12-07","1990-03-13","OCR working span","[Timothy] Deal Travel [6]","CF00972-024","Economic Summits and Industrialized-Country Cooperation","Volume XXX review","verified","52244488","Restricted - Possibly","0","5","0","0","0","George H.W. Bush Library, Bush Presidential Records, National Security Council, Timothy E. Deal Files, Subject Files, OA/ID CF00972–024, [Timothy] Deal Travel [6].","https://catalog.archives.gov/id/452050615","https://catalog.archives.gov/medialz/presidential-libraries/bush/gb-nsc/deal/subject_2554810/41-bpr-nsc-deal-subj-cf00972-024.pdf"
"452050541","1989-12-09","1990-03-08","OCR working span","EBRD [European Bank for Reconstruction and Development] [2]","CF00962-015","Monetary Policy, Debt, and International Institutions","Volume XXX review","verified","36987440","Restricted - Possibly","8","8","0","0","20","George H.W. Bush Library, Bush Presidential Records, National Security Council, Timothy E. Deal Files, Subject Files, OA/ID CF00962–015, EBRD [European Bank for Reconstruction and Development] [2].","https://catalog.archives.gov/id/452050541","https://catalog.archives.gov/medialz/presidential-libraries/bush/gb-nsc/deal/subject_2554810/41-bpr-nsc-deal-subj-cf00962-015.pdf"
"452050606","1989-12-18","1990-07-13","OCR working span","Soviet Union [7]","CF00972-015","Transition Economies and International Economic Strategy","Volume XXX review","verified","20752888","Restricted - Possibly","3","3","0","0","32","George H.W. Bush Library, Bush Presidential Records, National Security Council, Timothy E. Deal Files, Subject Files, OA/ID CF00972–015, Soviet Union [7].","https://catalog.archives.gov/id/452050606","https://catalog.archives.gov/medialz/presidential-libraries/bush/gb-nsc/deal/subject_2554810/41-bpr-nsc-deal-subj-cf00972-015.pdf"
"452050576","1989-12-31","1992-05-19","OCR working span","Iraq [1]","CF00964-007","Monetary Policy, Debt, and International Institutions","Boundary review","verified","39693340","Restricted - Possibly","7","4","0","0","35","George H.W. Bush Library, Bush Presidential Records, National Security Council, Timothy E. Deal Files, Subject Files, OA/ID CF00964–007, Iraq [1].","https://catalog.archives.gov/id/452050576","https://catalog.archives.gov/medialz/presidential-libraries/bush/gb-nsc/deal/subject_2554810/41-bpr-nsc-deal-subj-cf00964-007.pdf"
"452050578","1990-01-01","1991-03-12","OCR working span","Latin America [1]","CF00964-009","Trade Policy and Market Access","Boundary review","verified","38566872","Restricted - Possibly","0","3","0","0","8","George H.W. Bush Library, Bush Presidential Records, National Security Council, Timothy E. Deal Files, Subject Files, OA/ID CF00964–009, Latin America [1].","https://catalog.archives.gov/id/452050578","https://catalog.archives.gov/medialz/presidential-libraries/bush/gb-nsc/deal/subject_2554810/41-bpr-nsc-deal-subj-cf00964-009.pdf"
"452050554","1990-01-01","1992-03-09","OCR working span","Export Controls [3]","CF00963-005","Strategic Trade, Technology, and Investment Controls","Volume XXX review","verified","56208160","Restricted - Possibly","0","2","0","0","3","George H.W. Bush Library, Bush Presidential Records, National Security Council, Timothy E. Deal Files, Subject Files, OA/ID CF00963–005, Export Controls [3].","https://catalog.archives.gov/id/452050554","https://catalog.archives.gov/medialz/presidential-libraries/bush/gb-nsc/deal/subject_2554810/41-bpr-nsc-deal-subj-cf00963-005.pdf"
"452050613","1990-01-02","1991-05-20","OCR working span","[Timothy] Deal Travel [4]","CF00972-022","Economic Summits and Industrialized-Country Cooperation","Volume XXX review","verified","49535408","Restricted - Possibly","0","2","0","0","2","George H.W. Bush Library, Bush Presidential Records, National Security Council, Timothy E. Deal Files, Subject Files, OA/ID CF00972–022, [Timothy] Deal Travel [4].","https://catalog.archives.gov/id/452050613","https://catalog.archives.gov/medialz/presidential-libraries/bush/gb-nsc/deal/subject_2554810/41-bpr-nsc-deal-subj-cf00972-022.pdf"
"452050543","1990-01-12","1990-02-09","OCR working span","EBRD [European Bank for Reconstruction and Development] [4]","CF00962-017","Monetary Policy, Debt, and International Institutions","Volume XXX review","verified","19167104","Restricted - Possibly","0","1","0","0","4","George H.W. Bush Library, Bush Presidential Records, National Security Council, Timothy E. Deal Files, Subject Files, OA/ID CF00962–017, EBRD [European Bank for Reconstruction and Development] [4].","https://catalog.archives.gov/id/452050543","https://catalog.archives.gov/medialz/presidential-libraries/bush/gb-nsc/deal/subject_2554810/41-bpr-nsc-deal-subj-cf00962-017.pdf"
"452050574","1990-01-12","1991-05-17","OCR working span","International Economic Policy [1]","CF00964-005","Monetary Policy, Debt, and International Institutions","Volume XXX review","verified","23512890","Restricted - Possibly","0","1","0","0","19","George H.W. Bush Library, Bush Presidential Records, National Security Council, Timothy E. Deal Files, Subject Files, OA/ID CF00964–005, International Economic Policy [1].","https://catalog.archives.gov/id/452050574","https://catalog.archives.gov/medialz/presidential-libraries/bush/gb-nsc/deal/subject_2554810/41-bpr-nsc-deal-subj-cf00964-005.pdf"
"452050623","1990-01-13","1991-01-15","OCR working span","War Risk Insurance","CF00973-001","Monetary Policy, Debt, and International Institutions","Boundary review","verified","17309196","Restricted - Possibly","0","4","0","0","14","George H.W. Bush Library, Bush Presidential Records, National Security Council, Timothy E. Deal Files, Subject Files, OA/ID CF00973–001, War Risk Insurance.","https://catalog.archives.gov/id/452050623","https://catalog.archives.gov/medialz/presidential-libraries/bush/gb-nsc/deal/subject_2554810/41-bpr-nsc-deal-subj-cf00973-001.pdf"
"452050575","1990-01-18","1990-03-08","OCR working span","International Economic Policy [2]","CF00964-006","Monetary Policy, Debt, and International Institutions","Volume XXX review","verified","30683960","Restricted - Possibly","0","0","0","0","13","George H.W. Bush Library, Bush Presidential Records, National Security Council, Timothy E. Deal Files, Subject Files, OA/ID CF00964–006, International Economic Policy [2].","https://catalog.archives.gov/id/452050575","https://catalog.archives.gov/medialz/presidential-libraries/bush/gb-nsc/deal/subject_2554810/41-bpr-nsc-deal-subj-cf00964-006.pdf"
"452050549","1990-01-29","1990-04-02","OCR working span","Fiber Optics [4]","CF00962-023","Strategic Trade, Technology, and Investment Controls","Volume XXX review","verified","8967685","Restricted - Possibly","1","2","0","0","12","George H.W. Bush Library, Bush Presidential Records, National Security Council, Timothy E. Deal Files, Subject Files, OA/ID CF00962–023, Fiber Optics [4].","https://catalog.archives.gov/id/452050549","https://catalog.archives.gov/medialz/presidential-libraries/bush/gb-nsc/deal/subject_2554810/41-bpr-nsc-deal-subj-cf00962-023.pdf"
"452050547","1990-01-29","1990-05-16","OCR working span","Fiber Optics [2]","CF00962-021","Strategic Trade, Technology, and Investment Controls","Volume XXX review","verified","19523260","Restricted - Possibly","1","0","0","0","30","George H.W. Bush Library, Bush Presidential Records, National Security Council, Timothy E. Deal Files, Subject Files, OA/ID CF00962–021, Fiber Optics [2].","https://catalog.archives.gov/id/452050547","https://catalog.archives.gov/medialz/presidential-libraries/bush/gb-nsc/deal/subject_2554810/41-bpr-nsc-deal-subj-cf00962-021.pdf"
"452050551","1990-02-01","1991-01-16","OCR working span","Energy [2]","CF00963-002","Monetary Policy, Debt, and International Institutions","Volume XXX review","verified","33241808","Restricted - Possibly","1","1","0","0","45","George H.W. Bush Library, Bush Presidential Records, National Security Council, Timothy E. Deal Files, Subject Files, OA/ID CF00963–002, Energy [2].","https://catalog.archives.gov/id/452050551","https://catalog.archives.gov/medialz/presidential-libraries/bush/gb-nsc/deal/subject_2554810/41-bpr-nsc-deal-subj-cf00963-002.pdf"
"352793394","1990-02-01","1991-09-16","OCR working span","CFIUS [Committee on Foreign Investment in the US] [2]","CF00961-008","Strategic Trade, Technology, and Investment Controls","Volume XXX review","verified","30336892","Undetermined","0","1","0","0","28","George H.W. Bush Library, Bush Presidential Records, National Security Council, Timothy E. Deal Files, Subject Files, OA/ID CF00961–008, CFIUS [Committee on Foreign Investment in the US] [2].","https://catalog.archives.gov/id/352793394","https://catalog.archives.gov/medialz/presidential-libraries/bush/gb-nsc/deal/subject_2554810/41-bpr-nsc-deal-subj-cf00961-008.pdf"
"452050542","1990-03-01","1990-03-01","OCR working span","EBRD [European Bank for Reconstruction and Development] [3]","CF00962-016","Monetary Policy, Debt, and International Institutions","Volume XXX review","verified","10685308","Restricted - Possibly","0","0","0","0","11","George H.W. Bush Library, Bush Presidential Records, National Security Council, Timothy E. Deal Files, Subject Files, OA/ID CF00962–016, EBRD [European Bank for Reconstruction and Development] [3].","https://catalog.archives.gov/id/452050542","https://catalog.archives.gov/medialz/presidential-libraries/bush/gb-nsc/deal/subject_2554810/41-bpr-nsc-deal-subj-cf00962-016.pdf"
"452050558","1990-03-01","1992-05-19","OCR working span","Gulf Crisis Financial Coordination Group [1]","CF00963-009","Monetary Policy, Debt, and International Institutions","Boundary review","verified","41336420","Restricted - Possibly","2","2","4","0","16","George H.W. Bush Library, Bush Presidential Records, National Security Council, Timothy E. Deal Files, Subject Files, OA/ID CF00963–009, Gulf Crisis Financial Coordination Group [1].","https://catalog.archives.gov/id/452050558","https://catalog.archives.gov/medialz/presidential-libraries/bush/gb-nsc/deal/subject_2554810/41-bpr-nsc-deal-subj-cf00963-009.pdf"
"452050540","1990-03-06","1991-09-03","OCR working span","EBRD [European Bank for Reconstruction and Development] [1]","CF00962-014","Monetary Policy, Debt, and International Institutions","Volume XXX review","verified","52175352","Restricted - Possibly","2","6","0","0","25","George H.W. Bush Library, Bush Presidential Records, National Security Council, Timothy E. Deal Files, Subject Files, OA/ID CF00962–014, EBRD [European Bank for Reconstruction and Development] [1].","https://catalog.archives.gov/id/452050540","https://catalog.archives.gov/medialz/presidential-libraries/bush/gb-nsc/deal/subject_2554810/41-bpr-nsc-deal-subj-cf00962-014.pdf"
"452050568","1990-03-15","1992-01-01","OCR working span","IEPR [International Economic Policy Review] Breakfasts [1]","CF00963-019","Monetary Policy, Debt, and International Institutions","Volume XXX review","verified","25824828","Restricted - Possibly","1","6","0","0","16","George H.W. Bush Library, Bush Presidential Records, National Security Council, Timothy E. Deal Files, Subject Files, OA/ID CF00963–019, IEPR [International Economic Policy Review] Breakfasts [1].","https://catalog.archives.gov/id/452050568","https://catalog.archives.gov/medialz/presidential-libraries/bush/gb-nsc/deal/subject_2554810/41-bpr-nsc-deal-subj-cf00963-019.pdf"
"452050519","1990-04-01","1990-10-31","Catalog coverage dates","COCOM [Coordinating Committee for Multilateral Export Controls] (April 1990 - October 1990) [1]","CF00961-017","Strategic Trade, Technology, and Investment Controls","Volume XXX review","verified","20064922","Restricted - Possibly","0","0","0","0","35","George H.W. Bush Library, Bush Presidential Records, National Security Council, Timothy E. Deal Files, Subject Files, OA/ID CF00961–017, COCOM [Coordinating Committee for Multilateral Export Controls] (April 1990 - October 1990) [1].","https://catalog.archives.gov/id/452050519","https://catalog.archives.gov/medialz/presidential-libraries/bush/gb-nsc/deal/subject_2554810/41-bpr-nsc-deal-subj-cf00961-017.pdf"
"452050520","1990-04-01","1990-10-31","Catalog coverage dates","COCOM [Coordinating Committee for Multilateral Export Controls] (April 1990 - October 1990) [2]","CF00961-018","Strategic Trade, Technology, and Investment Controls","Volume XXX review","verified","46946880","Restricted - Possibly","0","1","0","0","17","George H.W. Bush Library, Bush Presidential Records, National Security Council, Timothy E. Deal Files, Subject Files, OA/ID CF00961–018, COCOM [Coordinating Committee for Multilateral Export Controls] (April 1990 - October 1990) [2].","https://catalog.archives.gov/id/452050520","https://catalog.archives.gov/medialz/presidential-libraries/bush/gb-nsc/deal/subject_2554810/41-bpr-nsc-deal-subj-cf00961-018.pdf"
"452050521","1990-04-01","1990-10-31","Catalog coverage dates","COCOM [Coordinating Committee for Multilateral Export Controls] (April 1990 - October 1990) [3]","CF00961-019","Strategic Trade, Technology, and Investment Controls","Volume XXX review","verified","25609260","Restricted - Possibly","0","0","0","0","17","George H.W. Bush Library, Bush Presidential Records, National Security Council, Timothy E. Deal Files, Subject Files, OA/ID CF00961–019, COCOM [Coordinating Committee for Multilateral Export Controls] (April 1990 - October 1990) [3].","https://catalog.archives.gov/id/452050521","https://catalog.archives.gov/medialz/presidential-libraries/bush/gb-nsc/deal/subject_2554810/41-bpr-nsc-deal-subj-cf00961-019.pdf"
"452050522","1990-04-01","1990-10-31","Catalog coverage dates","COCOM [Coordinating Committee for Multilateral Export Controls] (April 1990 - October 1990) [4]","CF00961-020","Strategic Trade, Technology, and Investment Controls","Volume XXX review","verified","29935616","Restricted - Possibly","0","2","0","0","24","George H.W. Bush Library, Bush Presidential Records, National Security Council, Timothy E. Deal Files, Subject Files, OA/ID CF00961–020, COCOM [Coordinating Committee for Multilateral Export Controls] (April 1990 - October 1990) [4].","https://catalog.archives.gov/id/452050522","https://catalog.archives.gov/medialz/presidential-libraries/bush/gb-nsc/deal/subject_2554810/41-bpr-nsc-deal-subj-cf00961-020.pdf"
"452050523","1990-04-01","1990-10-31","Catalog coverage dates","COCOM [Coordinating Committee for Multilateral Export Controls] (April 1990 - October 1990) [5]","CF00961-021","Strategic Trade, Technology, and Investment Controls","Volume XXX review","verified","25552320","Restricted - Possibly","0","0","0","0","20","George H.W. Bush Library, Bush Presidential Records, National Security Council, Timothy E. Deal Files, Subject Files, OA/ID CF00961–021, COCOM [Coordinating Committee for Multilateral Export Controls] (April 1990 - October 1990) [5].","https://catalog.archives.gov/id/452050523","https://catalog.archives.gov/medialz/presidential-libraries/bush/gb-nsc/deal/subject_2554810/41-bpr-nsc-deal-subj-cf00961-021.pdf"
"452050524","1990-04-01","1990-10-31","Catalog coverage dates","COCOM [Coordinating Committee for Multilateral Export Controls] (April 1990 - October 1990) [6]","CF00961-022","Strategic Trade, Technology, and Investment Controls","Volume XXX review","verified","25093656","Restricted - Possibly","0","3","0","7","17","George H.W. Bush Library, Bush Presidential Records, National Security Council, Timothy E. Deal Files, Subject Files, OA/ID CF00961–022, COCOM [Coordinating Committee for Multilateral Export Controls] (April 1990 - October 1990) [6].","https://catalog.archives.gov/id/452050524","https://catalog.archives.gov/medialz/presidential-libraries/bush/gb-nsc/deal/subject_2554810/41-bpr-nsc-deal-subj-cf00961-022.pdf"
"452050525","1990-04-01","1990-10-31","Catalog coverage dates","COCOM [Coordinating Committee for Multilateral Export Controls] (April 1990 - October 1990) [7]","CF00961-023","Strategic Trade, Technology, and Investment Controls","Volume XXX review","verified","23060414","Restricted - Possibly","1","3","0","8","21","George H.W. Bush Library, Bush Presidential Records, National Security Council, Timothy E. Deal Files, Subject Files, OA/ID CF00961–023, COCOM [Coordinating Committee for Multilateral Export Controls] (April 1990 - October 1990) [7].","https://catalog.archives.gov/id/452050525","https://catalog.archives.gov/medialz/presidential-libraries/bush/gb-nsc/deal/subject_2554810/41-bpr-nsc-deal-subj-cf00961-023.pdf"
"452050526","1990-04-01","1990-10-31","Catalog coverage dates","COCOM [Coordinating Committee for Multilateral Export Controls] (April 1990 - October 1990) [8]","CF00961-024","Strategic Trade, Technology, and Investment Controls","Volume XXX review","verified","12779314","Restricted - Possibly","0","0","0","0","17","George H.W. Bush Library, Bush Presidential Records, National Security Council, Timothy E. Deal Files, Subject Files, OA/ID CF00961–024, COCOM [Coordinating Committee for Multilateral Export Controls] (April 1990 - October 1990) [8].","https://catalog.archives.gov/id/452050526","https://catalog.archives.gov/medialz/presidential-libraries/bush/gb-nsc/deal/subject_2554810/41-bpr-nsc-deal-subj-cf00961-024.pdf"
"452050579","1990-05-10","1990-06-27","OCR working span","Latin America [2]","CF00964-010","Trade Policy and Market Access","Boundary review","verified","34957348","Restricted - Possibly","0","3","0","0","17","George H.W. Bush Library, Bush Presidential Records, National Security Council, Timothy E. Deal Files, Subject Files, OA/ID CF00964–010, Latin America [2].","https://catalog.archives.gov/id/452050579","https://catalog.archives.gov/medialz/presidential-libraries/bush/gb-nsc/deal/subject_2554810/41-bpr-nsc-deal-subj-cf00964-010.pdf"
"452050546","1990-06-04","1990-06-04","OCR working span","Fiber Optics [1]","CF00962-020","Strategic Trade, Technology, and Investment Controls","Volume XXX review","verified","21220640","Restricted - Possibly","1","1","0","0","38","George H.W. Bush Library, Bush Presidential Records, National Security Council, Timothy E. Deal Files, Subject Files, OA/ID CF00962–020, Fiber Optics [1].","https://catalog.archives.gov/id/452050546","https://catalog.archives.gov/medialz/presidential-libraries/bush/gb-nsc/deal/subject_2554810/41-bpr-nsc-deal-subj-cf00962-020.pdf"
"452050548","1990-06-08","1990-06-08","OCR working span","Fiber Optics [3]","CF00962-022","Strategic Trade, Technology, and Investment Controls","Volume XXX review","verified","27113200","Restricted - Possibly","2","3","0","0","51","George H.W. Bush Library, Bush Presidential Records, National Security Council, Timothy E. Deal Files, Subject Files, OA/ID CF00962–022, Fiber Optics [3].","https://catalog.archives.gov/id/452050548","https://catalog.archives.gov/medialz/presidential-libraries/bush/gb-nsc/deal/subject_2554810/41-bpr-nsc-deal-subj-cf00962-022.pdf"
"452050545","1990-06-27","1992-03-03","OCR working span","Enterprise for the Americas Initiative (EAI)","CF00962-019","Trade Policy and Market Access","Boundary review","verified","14080545","Restricted - Possibly","1","2","0","0","2","George H.W. Bush Library, Bush Presidential Records, National Security Council, Timothy E. Deal Files, Subject Files, OA/ID CF00962–019, Enterprise for the Americas Initiative (EAI).","https://catalog.archives.gov/id/452050545","https://catalog.archives.gov/medialz/presidential-libraries/bush/gb-nsc/deal/subject_2554810/41-bpr-nsc-deal-subj-cf00962-019.pdf"
"452050563","1990-07-09","1990-07-11","Catalog coverage dates","Houston [Economic] Summit (July 9-11, 1990) [1]","CF00963-014","Economic Summits and Industrialized-Country Cooperation","Volume XXX review","verified","68446368","Restricted - Possibly","7","4","8","0","14","George H.W. Bush Library, Bush Presidential Records, National Security Council, Timothy E. Deal Files, Subject Files, OA/ID CF00963–014, Houston [Economic] Summit (July 9-11, 1990) [1].","https://catalog.archives.gov/id/452050563","https://catalog.archives.gov/medialz/presidential-libraries/bush/gb-nsc/deal/subject_2554810/41-bpr-nsc-deal-subj-cf00963-014.pdf"
"452050564","1990-07-09","1990-07-11","Catalog coverage dates","Houston [Economic] Summit (July 9-11, 1990) [2]","CF00963-015","Economic Summits and Industrialized-Country Cooperation","Volume XXX review","verified","52293928","Restricted - Possibly","12","5","18","0","8","George H.W. Bush Library, Bush Presidential Records, National Security Council, Timothy E. Deal Files, Subject Files, OA/ID CF00963–015, Houston [Economic] Summit (July 9-11, 1990) [2].","https://catalog.archives.gov/id/452050564","https://catalog.archives.gov/medialz/presidential-libraries/bush/gb-nsc/deal/subject_2554810/41-bpr-nsc-deal-subj-cf00963-015.pdf"
"452050565","1990-07-09","1990-07-11","Catalog coverage dates","Houston [Economic] Summit (July 9-11, 1990) [3]","CF00963-016","Economic Summits and Industrialized-Country Cooperation","Volume XXX review","verified","70367664","Restricted - Possibly","4","10","0","0","41","George H.W. Bush Library, Bush Presidential Records, National Security Council, Timothy E. Deal Files, Subject Files, OA/ID CF00963–016, Houston [Economic] Summit (July 9-11, 1990) [3].","https://catalog.archives.gov/id/452050565","https://catalog.archives.gov/medialz/presidential-libraries/bush/gb-nsc/deal/subject_2554810/41-bpr-nsc-deal-subj-cf00963-016.pdf"
"452050566","1990-07-09","1990-07-11","Catalog coverage dates","Houston [Economic] Summit (July 9-11, 1990) [4]","CF00963-017","Economic Summits and Industrialized-Country Cooperation","Volume XXX review","verified","71117696","Restricted - Possibly","9","15","4","0","10","George H.W. Bush Library, Bush Presidential Records, National Security Council, Timothy E. Deal Files, Subject Files, OA/ID CF00963–017, Houston [Economic] Summit (July 9-11, 1990) [4].","https://catalog.archives.gov/id/452050566","https://catalog.archives.gov/medialz/presidential-libraries/bush/gb-nsc/deal/subject_2554810/41-bpr-nsc-deal-subj-cf00963-017.pdf"
"452050567","1990-07-09","1990-07-11","Catalog coverage dates","Houston [Economic] Summit (July 9-11, 1990) [5]","CF00963-018","Economic Summits and Industrialized-Country Cooperation","Volume XXX review","verified","72124088","Restricted - Possibly","3","7","0","0","9","George H.W. Bush Library, Bush Presidential Records, National Security Council, Timothy E. Deal Files, Subject Files, OA/ID CF00963–018, Houston [Economic] Summit (July 9-11, 1990) [5].","https://catalog.archives.gov/id/452050567","https://catalog.archives.gov/medialz/presidential-libraries/bush/gb-nsc/deal/subject_2554810/41-bpr-nsc-deal-subj-cf00963-018.pdf"
"452050561","1990-08-01","1990-10-16","OCR working span","Gulf Crisis Financial Coordination Group [4]","CF00963-012","Monetary Policy, Debt, and International Institutions","Boundary review","verified","24008116","Restricted - Possibly","0","2","0","0","12","George H.W. Bush Library, Bush Presidential Records, National Security Council, Timothy E. Deal Files, Subject Files, OA/ID CF00963–012, Gulf Crisis Financial Coordination Group [4].","https://catalog.archives.gov/id/452050561","https://catalog.archives.gov/medialz/presidential-libraries/bush/gb-nsc/deal/subject_2554810/41-bpr-nsc-deal-subj-cf00963-012.pdf"
"452050577","1990-08-02","1990-08-31","OCR working span","Iraq [2]","CF00964-008","Monetary Policy, Debt, and International Institutions","Boundary review","verified","27809660","Restricted - Possibly","5","2","0","0","2","George H.W. Bush Library, Bush Presidential Records, National Security Council, Timothy E. Deal Files, Subject Files, OA/ID CF00964–008, Iraq [2].","https://catalog.archives.gov/id/452050577","https://catalog.archives.gov/medialz/presidential-libraries/bush/gb-nsc/deal/subject_2554810/41-bpr-nsc-deal-subj-cf00964-008.pdf"
"452050559","1990-08-02","1991-04-15","OCR working span","Gulf Crisis Financial Coordination Group [2]","CF00963-010","Monetary Policy, Debt, and International Institutions","Boundary review","verified","47135168","Restricted - Possibly","0","1","0","3","18","George H.W. Bush Library, Bush Presidential Records, National Security Council, Timothy E. Deal Files, Subject Files, OA/ID CF00963–010, Gulf Crisis Financial Coordination Group [2].","https://catalog.archives.gov/id/452050559","https://catalog.archives.gov/medialz/presidential-libraries/bush/gb-nsc/deal/subject_2554810/41-bpr-nsc-deal-subj-cf00963-010.pdf"
"452050555","1990-08-02","1991-05-30","OCR working span","Export Controls [4]","CF00963-006","Strategic Trade, Technology, and Investment Controls","Volume XXX review","verified","33168396","Restricted - Possibly","0","3","0","6","15","George H.W. Bush Library, Bush Presidential Records, National Security Council, Timothy E. Deal Files, Subject Files, OA/ID CF00963–006, Export Controls [4].","https://catalog.archives.gov/id/452050555","https://catalog.archives.gov/medialz/presidential-libraries/bush/gb-nsc/deal/subject_2554810/41-bpr-nsc-deal-subj-cf00963-006.pdf"
"452050605","1990-08-08","1991-05-29","OCR working span","Soviet Union [6]","CF00972-014","Transition Economies and International Economic Strategy","Volume XXX review","verified","20699584","Restricted - Possibly","1","0","0","0","15","George H.W. Bush Library, Bush Presidential Records, National Security Council, Timothy E. Deal Files, Subject Files, OA/ID CF00972–014, Soviet Union [6].","https://catalog.archives.gov/id/452050605","https://catalog.archives.gov/medialz/presidential-libraries/bush/gb-nsc/deal/subject_2554810/41-bpr-nsc-deal-subj-cf00972-014.pdf"
"452050620","1990-09-25","1991-06-25","OCR working span","Uruguay Round [4]","CF00972-029","Trade Policy and Market Access","Volume XXX review","verified","39965120","Restricted - Possibly","1","3","0","0","11","George H.W. Bush Library, Bush Presidential Records, National Security Council, Timothy E. Deal Files, Subject Files, OA/ID CF00972–029, Uruguay Round [4].","https://catalog.archives.gov/id/452050620","https://catalog.archives.gov/medialz/presidential-libraries/bush/gb-nsc/deal/subject_2554810/41-bpr-nsc-deal-subj-cf00972-029.pdf"
"452050536","1990-09-30","1992-03-03","OCR working span","Debt [1]","CF00962-010","Monetary Policy, Debt, and International Institutions","Volume XXX review","verified","35611264","Restricted - Possibly","2","2","0","0","16","George H.W. Bush Library, Bush Presidential Records, National Security Council, Timothy E. Deal Files, Subject Files, OA/ID CF00962–010, Debt [1].","https://catalog.archives.gov/id/452050536","https://catalog.archives.gov/medialz/presidential-libraries/bush/gb-nsc/deal/subject_2554810/41-bpr-nsc-deal-subj-cf00962-010.pdf"
"452050622","1990-10-25","1990-12-06","OCR working span","Uruguay Round [6]","CF00972-031","Trade Policy and Market Access","Volume XXX review","verified","41620080","Restricted - Possibly","10","7","3","0","5","George H.W. Bush Library, Bush Presidential Records, National Security Council, Timothy E. Deal Files, Subject Files, OA/ID CF00972–031, Uruguay Round [6].","https://catalog.archives.gov/id/452050622","https://catalog.archives.gov/medialz/presidential-libraries/bush/gb-nsc/deal/subject_2554810/41-bpr-nsc-deal-subj-cf00972-031.pdf"
"452050527","1990-11-01","1992-05-31","Catalog coverage dates","COCOM [Coordinating Committee for Multilateral Export Controls] (November 1990 - May 1992) [1]","CF00962-001","Strategic Trade, Technology, and Investment Controls","Volume XXX review","verified","38829144","Restricted - Possibly","4","10","0","0","18","George H.W. Bush Library, Bush Presidential Records, National Security Council, Timothy E. Deal Files, Subject Files, OA/ID CF00962–001, COCOM [Coordinating Committee for Multilateral Export Controls] (November 1990 - May 1992) [1].","https://catalog.archives.gov/id/452050527","https://catalog.archives.gov/medialz/presidential-libraries/bush/gb-nsc/deal/subject_2554810/41-bpr-nsc-deal-subj-cf00962-001.pdf"
"452050528","1990-11-01","1992-05-31","Catalog coverage dates","COCOM [Coordinating Committee for Multilateral Export Controls] (November 1990 - May 1992) [2]","CF00962-002","Strategic Trade, Technology, and Investment Controls","Volume XXX review","verified","22195564","Restricted - Possibly","0","3","0","4","23","George H.W. Bush Library, Bush Presidential Records, National Security Council, Timothy E. Deal Files, Subject Files, OA/ID CF00962–002, COCOM [Coordinating Committee for Multilateral Export Controls] (November 1990 - May 1992) [2].","https://catalog.archives.gov/id/452050528","https://catalog.archives.gov/medialz/presidential-libraries/bush/gb-nsc/deal/subject_2554810/41-bpr-nsc-deal-subj-cf00962-002.pdf"
"452050529","1990-11-01","1992-05-31","Catalog coverage dates","COCOM [Coordinating Committee for Multilateral Export Controls] (November 1990 - May 1992) [3]","CF00962-003","Strategic Trade, Technology, and Investment Controls","Volume XXX review","verified","40153556","Restricted - Possibly","0","4","0","0","24","George H.W. Bush Library, Bush Presidential Records, National Security Council, Timothy E. Deal Files, Subject Files, OA/ID CF00962–003, COCOM [Coordinating Committee for Multilateral Export Controls] (November 1990 - May 1992) [3].","https://catalog.archives.gov/id/452050529","https://catalog.archives.gov/medialz/presidential-libraries/bush/gb-nsc/deal/subject_2554810/41-bpr-nsc-deal-subj-cf00962-003.pdf"
"452050530","1990-11-01","1992-05-31","Catalog coverage dates","COCOM [Coordinating Committee for Multilateral Export Controls] (November 1990 - May 1992) [4]","CF00962-004","Strategic Trade, Technology, and Investment Controls","Volume XXX review","verified","32359168","Restricted - Possibly","5","5","0","0","26","George H.W. Bush Library, Bush Presidential Records, National Security Council, Timothy E. Deal Files, Subject Files, OA/ID CF00962–004, COCOM [Coordinating Committee for Multilateral Export Controls] (November 1990 - May 1992) [4].","https://catalog.archives.gov/id/452050530","https://catalog.archives.gov/medialz/presidential-libraries/bush/gb-nsc/deal/subject_2554810/41-bpr-nsc-deal-subj-cf00962-004.pdf"
"452050531","1990-11-01","1992-05-31","Catalog coverage dates","COCOM [Coordinating Committee for Multilateral Export Controls] (November 1990 - May 1992) [5]","CF00962-005","Strategic Trade, Technology, and Investment Controls","Volume XXX review","verified","30365260","Restricted - Possibly","0","0","0","4","29","George H.W. Bush Library, Bush Presidential Records, National Security Council, Timothy E. Deal Files, Subject Files, OA/ID CF00962–005, COCOM [Coordinating Committee for Multilateral Export Controls] (November 1990 - May 1992) [5].","https://catalog.archives.gov/id/452050531","https://catalog.archives.gov/medialz/presidential-libraries/bush/gb-nsc/deal/subject_2554810/41-bpr-nsc-deal-subj-cf00962-005.pdf"
"452050532","1990-11-01","1992-05-31","Catalog coverage dates","COCOM [Coordinating Committee for Multilateral Export Controls] (November 1990 - May 1992) [6]","CF00962-006","Strategic Trade, Technology, and Investment Controls","Volume XXX review","verified","57877924","Restricted - Possibly","0","2","0","8","24","George H.W. Bush Library, Bush Presidential Records, National Security Council, Timothy E. Deal Files, Subject Files, OA/ID CF00962–006, COCOM [Coordinating Committee for Multilateral Export Controls] (November 1990 - May 1992) [6].","https://catalog.archives.gov/id/452050532","https://catalog.archives.gov/medialz/presidential-libraries/bush/gb-nsc/deal/subject_2554810/41-bpr-nsc-deal-subj-cf00962-006.pdf"
"452050533","1990-11-01","1992-05-31","Catalog coverage dates","COCOM [Coordinating Committee for Multilateral Export Controls] (November 1990 - May 1992) [7]","CF00962-007","Strategic Trade, Technology, and Investment Controls","Volume XXX review","verified","25389068","Restricted - Possibly","0","1","0","12","27","George H.W. Bush Library, Bush Presidential Records, National Security Council, Timothy E. Deal Files, Subject Files, OA/ID CF00962–007, COCOM [Coordinating Committee for Multilateral Export Controls] (November 1990 - May 1992) [7].","https://catalog.archives.gov/id/452050533","https://catalog.archives.gov/medialz/presidential-libraries/bush/gb-nsc/deal/subject_2554810/41-bpr-nsc-deal-subj-cf00962-007.pdf"
"452050534","1990-11-01","1992-05-31","Catalog coverage dates","COCOM [Coordinating Committee for Multilateral Export Controls] (November 1990 - May 1992) [8]","CF00962-008","Strategic Trade, Technology, and Investment Controls","Volume XXX review","verified","7197963","Restricted - Possibly","0","0","0","0","12","George H.W. Bush Library, Bush Presidential Records, National Security Council, Timothy E. Deal Files, Subject Files, OA/ID CF00962–008, COCOM [Coordinating Committee for Multilateral Export Controls] (November 1990 - May 1992) [8].","https://catalog.archives.gov/id/452050534","https://catalog.archives.gov/medialz/presidential-libraries/bush/gb-nsc/deal/subject_2554810/41-bpr-nsc-deal-subj-cf00962-008.pdf"
"452050535","1990-11-01","1992-05-31","Catalog coverage dates","COCOM [Coordinating Committee for Multilateral Export Controls] (November 1990 - May 1992) [9]","CF00962-009","Strategic Trade, Technology, and Investment Controls","Volume XXX review","verified","10049131","Restricted - Possibly","0","0","0","1","17","George H.W. Bush Library, Bush Presidential Records, National Security Council, Timothy E. Deal Files, Subject Files, OA/ID CF00962–009, COCOM [Coordinating Committee for Multilateral Export Controls] (November 1990 - May 1992) [9].","https://catalog.archives.gov/id/452050535","https://catalog.archives.gov/medialz/presidential-libraries/bush/gb-nsc/deal/subject_2554810/41-bpr-nsc-deal-subj-cf00962-009.pdf"
"452050556","1990-11-16","1991-06-01","OCR working span","Export Controls [5]","CF00963-007","Strategic Trade, Technology, and Investment Controls","Volume XXX review","verified","43240408","Restricted - Possibly","1","5","0","0","4","George H.W. Bush Library, Bush Presidential Records, National Security Council, Timothy E. Deal Files, Subject Files, OA/ID CF00963–007, Export Controls [5].","https://catalog.archives.gov/id/452050556","https://catalog.archives.gov/medialz/presidential-libraries/bush/gb-nsc/deal/subject_2554810/41-bpr-nsc-deal-subj-cf00963-007.pdf"
"452050621","1990-11-26","1990-12-21","OCR working span","Uruguay Round [5]","CF00972-030","Trade Policy and Market Access","Volume XXX review","verified","23042744","Restricted - Possibly","1","2","0","0","14","George H.W. Bush Library, Bush Presidential Records, National Security Council, Timothy E. Deal Files, Subject Files, OA/ID CF00972–030, Uruguay Round [5].","https://catalog.archives.gov/id/452050621","https://catalog.archives.gov/medialz/presidential-libraries/bush/gb-nsc/deal/subject_2554810/41-bpr-nsc-deal-subj-cf00972-030.pdf"
"452050560","1990-12-18","1991-01-11","OCR working span","Gulf Crisis Financial Coordination Group [3]","CF00963-011","Monetary Policy, Debt, and International Institutions","Boundary review","verified","31918204","Restricted - Possibly","0","1","0","0","19","George H.W. Bush Library, Bush Presidential Records, National Security Council, Timothy E. Deal Files, Subject Files, OA/ID CF00963–011, Gulf Crisis Financial Coordination Group [3].","https://catalog.archives.gov/id/452050560","https://catalog.archives.gov/medialz/presidential-libraries/bush/gb-nsc/deal/subject_2554810/41-bpr-nsc-deal-subj-cf00963-011.pdf"
"452050611","1991-01-14","1992-04-21","OCR working span","[Timothy] Deal Travel [2]","CF00972-020","Economic Summits and Industrialized-Country Cooperation","Volume XXX review","verified","41346104","Restricted - Possibly","0","3","0","0","3","George H.W. Bush Library, Bush Presidential Records, National Security Council, Timothy E. Deal Files, Subject Files, OA/ID CF00972–020, [Timothy] Deal Travel [2].","https://catalog.archives.gov/id/452050611","https://catalog.archives.gov/medialz/presidential-libraries/bush/gb-nsc/deal/subject_2554810/41-bpr-nsc-deal-subj-cf00972-020.pdf"
"452050512","1991-04-01","1991-04-30","Catalog coverage dates","[Nicholas] Brady Trip [to the Middle East] April 1991","CF00961-005","Monetary Policy, Debt, and International Institutions","Boundary review","verified","13924951","Restricted - Possibly","0","0","0","0","17","George H.W. Bush Library, Bush Presidential Records, National Security Council, Timothy E. Deal Files, Subject Files, OA/ID CF00961–005, [Nicholas] Brady Trip [to the Middle East] April 1991.","https://catalog.archives.gov/id/452050512","https://catalog.archives.gov/medialz/presidential-libraries/bush/gb-nsc/deal/subject_2554810/41-bpr-nsc-deal-subj-cf00961-005.pdf"
"452050612","1991-04-08","1991-07-25","OCR working span","[Timothy] Deal Travel [3]","CF00972-021","Economic Summits and Industrialized-Country Cooperation","Volume XXX review","verified","50101320","Restricted - Possibly","0","3","0","0","0","George H.W. Bush Library, Bush Presidential Records, National Security Council, Timothy E. Deal Files, Subject Files, OA/ID CF00972–021, [Timothy] Deal Travel [3].","https://catalog.archives.gov/id/452050612","https://catalog.archives.gov/medialz/presidential-libraries/bush/gb-nsc/deal/subject_2554810/41-bpr-nsc-deal-subj-cf00972-021.pdf"
"452050604","1991-05-27","1991-07-03","OCR working span","Soviet Union [5]","CF00972-013","Transition Economies and International Economic Strategy","Volume XXX review","verified","17458540","Restricted - Possibly","3","1","0","0","20","George H.W. Bush Library, Bush Presidential Records, National Security Council, Timothy E. Deal Files, Subject Files, OA/ID CF00972–013, Soviet Union [5].","https://catalog.archives.gov/id/452050604","https://catalog.archives.gov/medialz/presidential-libraries/bush/gb-nsc/deal/subject_2554810/41-bpr-nsc-deal-subj-cf00972-013.pdf"
"452050581","1991-07-01","1991-07-31","Catalog coverage dates","London [Economic] Summit [July 1991] [1]","CF00964-012","Economic Summits and Industrialized-Country Cooperation","Volume XXX review","verified","63148004","Restricted - Possibly","0","1","11","0","2","George H.W. Bush Library, Bush Presidential Records, National Security Council, Timothy E. Deal Files, Subject Files, OA/ID CF00964–012, London [Economic] Summit [July 1991] [1].","https://catalog.archives.gov/id/452050581","https://catalog.archives.gov/medialz/presidential-libraries/bush/gb-nsc/deal/subject_2554810/41-bpr-nsc-deal-subj-cf00964-012.pdf"
"452050582","1991-07-01","1991-07-31","Catalog coverage dates","London [Economic] Summit [July 1991] [2]","CF00964-013","Economic Summits and Industrialized-Country Cooperation","Volume XXX review","verified","8623853","Restricted - Possibly","0","0","0","0","9","George H.W. Bush Library, Bush Presidential Records, National Security Council, Timothy E. Deal Files, Subject Files, OA/ID CF00964–013, London [Economic] Summit [July 1991] [2].","https://catalog.archives.gov/id/452050582","https://catalog.archives.gov/medialz/presidential-libraries/bush/gb-nsc/deal/subject_2554810/41-bpr-nsc-deal-subj-cf00964-013.pdf"
"452050583","1991-07-01","1991-07-31","Catalog coverage dates","London [Economic] Summit [July 1991] [3]","CF00964-014","Economic Summits and Industrialized-Country Cooperation","Volume XXX review","verified","20695860","Restricted - Possibly","10","5","0","0","22","George H.W. Bush Library, Bush Presidential Records, National Security Council, Timothy E. Deal Files, Subject Files, OA/ID CF00964–014, London [Economic] Summit [July 1991] [3].","https://catalog.archives.gov/id/452050583","https://catalog.archives.gov/medialz/presidential-libraries/bush/gb-nsc/deal/subject_2554810/41-bpr-nsc-deal-subj-cf00964-014.pdf"
"452050584","1991-07-01","1991-07-31","Catalog coverage dates","London [Economic] Summit [July 1991] [4]","CF00964-015","Economic Summits and Industrialized-Country Cooperation","Volume XXX review","verified","16428877","Restricted - Possibly","2","2","0","0","11","George H.W. Bush Library, Bush Presidential Records, National Security Council, Timothy E. Deal Files, Subject Files, OA/ID CF00964–015, London [Economic] Summit [July 1991] [4].","https://catalog.archives.gov/id/452050584","https://catalog.archives.gov/medialz/presidential-libraries/bush/gb-nsc/deal/subject_2554810/41-bpr-nsc-deal-subj-cf00964-015.pdf"
"452050585","1991-07-01","1991-07-31","Catalog coverage dates","London [Economic] Summit [July 1991] [5]","CF00964-016","Economic Summits and Industrialized-Country Cooperation","Volume XXX review","verified","10145546","Restricted - Possibly","0","0","0","0","10","George H.W. Bush Library, Bush Presidential Records, National Security Council, Timothy E. Deal Files, Subject Files, OA/ID CF00964–016, London [Economic] Summit [July 1991] [5].","https://catalog.archives.gov/id/452050585","https://catalog.archives.gov/medialz/presidential-libraries/bush/gb-nsc/deal/subject_2554810/41-bpr-nsc-deal-subj-cf00964-016.pdf"
"452050586","1991-07-01","1991-07-31","Catalog coverage dates","London [Economic] Summit [July 1991] [6]","CF00964-017","Economic Summits and Industrialized-Country Cooperation","Volume XXX review","verified","11327842","Restricted - Possibly","1","3","0","0","10","George H.W. Bush Library, Bush Presidential Records, National Security Council, Timothy E. Deal Files, Subject Files, OA/ID CF00964–017, London [Economic] Summit [July 1991] [6].","https://catalog.archives.gov/id/452050586","https://catalog.archives.gov/medialz/presidential-libraries/bush/gb-nsc/deal/subject_2554810/41-bpr-nsc-deal-subj-cf00964-017.pdf"
"452050603","1991-07-12","1991-08-26","OCR working span","Soviet Union [4]","CF00972-012","Transition Economies and International Economic Strategy","Volume XXX review","verified","12156404","Restricted - Possibly","3","1","0","0","16","George H.W. Bush Library, Bush Presidential Records, National Security Council, Timothy E. Deal Files, Subject Files, OA/ID CF00972–012, Soviet Union [4].","https://catalog.archives.gov/id/452050603","https://catalog.archives.gov/medialz/presidential-libraries/bush/gb-nsc/deal/subject_2554810/41-bpr-nsc-deal-subj-cf00972-012.pdf"
"452050600","1991-08-06","1992-01-22","OCR working span","Soviet Union [1]","CF00972-009","Transition Economies and International Economic Strategy","Volume XXX review","verified","22988000","Restricted - Possibly","1","0","2","0","13","George H.W. Bush Library, Bush Presidential Records, National Security Council, Timothy E. Deal Files, Subject Files, OA/ID CF00972–009, Soviet Union [1].","https://catalog.archives.gov/id/452050600","https://catalog.archives.gov/medialz/presidential-libraries/bush/gb-nsc/deal/subject_2554810/41-bpr-nsc-deal-subj-cf00972-009.pdf"
"452050513","1991-09-03","1992-04-10","OCR working span","Canada","CF00961-006","Trade Policy and Market Access","Boundary review","verified","25172604","Restricted - Possibly","6","2","0","0","16","George H.W. Bush Library, Bush Presidential Records, National Security Council, Timothy E. Deal Files, Subject Files, OA/ID CF00961–006, Canada.","https://catalog.archives.gov/id/452050513","https://catalog.archives.gov/medialz/presidential-libraries/bush/gb-nsc/deal/subject_2554810/41-bpr-nsc-deal-subj-cf00961-006.pdf"
"452050602","1991-09-11","1991-09-16","OCR working span","Soviet Union [3]","CF00972-011","Transition Economies and International Economic Strategy","Volume XXX review","verified","14966486","Restricted - Possibly","5","3","0","0","12","George H.W. Bush Library, Bush Presidential Records, National Security Council, Timothy E. Deal Files, Subject Files, OA/ID CF00972–011, Soviet Union [3].","https://catalog.archives.gov/id/452050602","https://catalog.archives.gov/medialz/presidential-libraries/bush/gb-nsc/deal/subject_2554810/41-bpr-nsc-deal-subj-cf00972-011.pdf"
"452050601","1991-11-04","1991-11-04","OCR working span","Soviet Union [2]","CF00972-010","Transition Economies and International Economic Strategy","Volume XXX review","verified","13786456","Restricted - Possibly","1","1","0","0","18","George H.W. Bush Library, Bush Presidential Records, National Security Council, Timothy E. Deal Files, Subject Files, OA/ID CF00972–010, Soviet Union [2].","https://catalog.archives.gov/id/452050601","https://catalog.archives.gov/medialz/presidential-libraries/bush/gb-nsc/deal/subject_2554810/41-bpr-nsc-deal-subj-cf00972-010.pdf"
"452050619","1991-11-07","1991-11-07","OCR working span","Uruguay Round [3]","CF00972-028","Trade Policy and Market Access","Volume XXX review","verified","19603760","Restricted - Possibly","2","1","0","0","16","George H.W. Bush Library, Bush Presidential Records, National Security Council, Timothy E. Deal Files, Subject Files, OA/ID CF00972–028, Uruguay Round [3].","https://catalog.archives.gov/id/452050619","https://catalog.archives.gov/medialz/presidential-libraries/bush/gb-nsc/deal/subject_2554810/41-bpr-nsc-deal-subj-cf00972-028.pdf"
"352793385","1991-11-18","1992-05-19","OCR working span","CFIUS [Committee on Foreign Investment in the US] [1]","CF00961-007","Strategic Trade, Technology, and Investment Controls","Volume XXX review","verified","56454812","Undetermined","0","2","0","0","9","George H.W. Bush Library, Bush Presidential Records, National Security Council, Timothy E. Deal Files, Subject Files, OA/ID CF00961–007, CFIUS [Committee on Foreign Investment in the US] [1].","https://catalog.archives.gov/id/352793385","https://catalog.archives.gov/medialz/presidential-libraries/bush/gb-nsc/deal/subject_2554810/41-bpr-nsc-deal-subj-cf00961-007.pdf"
"452050618","1991-11-19","1991-12-10","OCR working span","Uruguay Round [2]","CF00972-027","Trade Policy and Market Access","Volume XXX review","verified","18313548","Restricted - Possibly","4","2","0","0","11","George H.W. Bush Library, Bush Presidential Records, National Security Council, Timothy E. Deal Files, Subject Files, OA/ID CF00972–027, Uruguay Round [2].","https://catalog.archives.gov/id/452050618","https://catalog.archives.gov/medialz/presidential-libraries/bush/gb-nsc/deal/subject_2554810/41-bpr-nsc-deal-subj-cf00972-027.pdf"
"452050617","1991-12-11","1992-05-19","OCR working span","Uruguay Round [1]","CF00972-026","Trade Policy and Market Access","Volume XXX review","verified","24937314","Restricted - Possibly","3","3","0","0","12","George H.W. Bush Library, Bush Presidential Records, National Security Council, Timothy E. Deal Files, Subject Files, OA/ID CF00972–026, Uruguay Round [1].","https://catalog.archives.gov/id/452050617","https://catalog.archives.gov/medialz/presidential-libraries/bush/gb-nsc/deal/subject_2554810/41-bpr-nsc-deal-subj-cf00972-026.pdf"
"452050514","1992-01-01","1992-05-14","OCR working span","CIS [Commonwealth of Independent States]","CF00961-012","Transition Economies and International Economic Strategy","Volume XXX review","verified","40286660","Restricted - Possibly","3","0","0","4","17","George H.W. Bush Library, Bush Presidential Records, National Security Council, Timothy E. Deal Files, Subject Files, OA/ID CF00961–012, CIS [Commonwealth of Independent States].","https://catalog.archives.gov/id/452050514","https://catalog.archives.gov/medialz/presidential-libraries/bush/gb-nsc/deal/subject_2554810/41-bpr-nsc-deal-subj-cf00961-012.pdf"
"452050624","1992-01-10","1992-01-12","Catalog coverage dates","[Munich Economic Summit] First Sherpa Meeting Briefing Book, January 10-12, 1992 [1]","CF00973-002","Economic Summits and Industrialized-Country Cooperation","Volume XXX review","verified","41230096","Restricted - Possibly","0","0","0","0","0","George H.W. Bush Library, Bush Presidential Records, National Security Council, Timothy E. Deal Files, Subject Files, OA/ID CF00973–002, [Munich Economic Summit] First Sherpa Meeting Briefing Book, January 10-12, 1992 [1].","https://catalog.archives.gov/id/452050624","https://catalog.archives.gov/medialz/presidential-libraries/bush/gb-nsc/deal/subject_2554810/41-bpr-nsc-deal-subj-cf00973-002.pdf"
"452050625","1992-01-10","1992-01-12","Catalog coverage dates","[Munich Economic Summit] First Sherpa Meeting Briefing Book, January 10-12, 1992 [2]","CF00973-003","Economic Summits and Industrialized-Country Cooperation","Volume XXX review","verified","32806240","Restricted - Possibly","0","0","0","0","2","George H.W. Bush Library, Bush Presidential Records, National Security Council, Timothy E. Deal Files, Subject Files, OA/ID CF00973–003, [Munich Economic Summit] First Sherpa Meeting Briefing Book, January 10-12, 1992 [2].","https://catalog.archives.gov/id/452050625","https://catalog.archives.gov/medialz/presidential-libraries/bush/gb-nsc/deal/subject_2554810/41-bpr-nsc-deal-subj-cf00973-003.pdf"
"452050553","1992-02-22","1992-03-27","OCR working span","Export Controls [2]","CF00963-004","Strategic Trade, Technology, and Investment Controls","Volume XXX review","verified","25295776","Restricted - Possibly","0","1","0","0","8","George H.W. Bush Library, Bush Presidential Records, National Security Council, Timothy E. Deal Files, Subject Files, OA/ID CF00963–004, Export Controls [2].","https://catalog.archives.gov/id/452050553","https://catalog.archives.gov/medialz/presidential-libraries/bush/gb-nsc/deal/subject_2554810/41-bpr-nsc-deal-subj-cf00963-004.pdf"
"452050552","1992-02-22","1992-06-22","OCR working span","Export Controls [1]","CF00963-003","Strategic Trade, Technology, and Investment Controls","Volume XXX review","verified","34318304","Restricted - Possibly","1","1","0","11","31","George H.W. Bush Library, Bush Presidential Records, National Security Council, Timothy E. Deal Files, Subject Files, OA/ID CF00963–003, Export Controls [1].","https://catalog.archives.gov/id/452050552","https://catalog.archives.gov/medialz/presidential-libraries/bush/gb-nsc/deal/subject_2554810/41-bpr-nsc-deal-subj-cf00963-003.pdf"
"452050508","1992-02-25","1992-03-30","OCR working span","Antitrust","CF00961-001","Trade Policy and Market Access","Volume XXX review","verified","32527100","Restricted - Possibly","0","4","0","0","3","George H.W. Bush Library, Bush Presidential Records, National Security Council, Timothy E. Deal Files, Subject Files, OA/ID CF00961–001, Antitrust.","https://catalog.archives.gov/id/452050508","https://catalog.archives.gov/medialz/presidential-libraries/bush/gb-nsc/deal/subject_2554810/41-bpr-nsc-deal-subj-cf00961-001.pdf"
"452050626","1992-02-28","1992-03-01","Catalog coverage dates","[Munich Economic Summit] Second Sherpa Meeting Briefing Book, February 28, 1992 - March 1, 1992, Frankfurt, Germany [1]","CF00973-004","Economic Summits and Industrialized-Country Cooperation","Volume XXX review","verified","31074664","Restricted - Possibly","0","0","0","0","4","George H.W. Bush Library, Bush Presidential Records, National Security Council, Timothy E. Deal Files, Subject Files, OA/ID CF00973–004, [Munich Economic Summit] Second Sherpa Meeting Briefing Book, February 28, 1992 - March 1, 1992, Frankfurt, Germany [1].","https://catalog.archives.gov/id/452050626","https://catalog.archives.gov/medialz/presidential-libraries/bush/gb-nsc/deal/subject_2554810/41-bpr-nsc-deal-subj-cf00973-004.pdf"
"452050627","1992-02-28","1992-03-01","Catalog coverage dates","[Munich Economic Summit] Second Sherpa Meeting Briefing Book, February 28, 1992 - March 1, 1992, Frankfurt, Germany [2]","CF00973-005","Economic Summits and Industrialized-Country Cooperation","Volume XXX review","verified","33324222","Restricted - Possibly","0","0","0","0","4","George H.W. Bush Library, Bush Presidential Records, National Security Council, Timothy E. Deal Files, Subject Files, OA/ID CF00973–005, [Munich Economic Summit] Second Sherpa Meeting Briefing Book, February 28, 1992 - March 1, 1992, Frankfurt, Germany [2].","https://catalog.archives.gov/id/452050627","https://catalog.archives.gov/medialz/presidential-libraries/bush/gb-nsc/deal/subject_2554810/41-bpr-nsc-deal-subj-cf00973-005.pdf"
"452050628","1992-02-28","1992-03-01","Catalog coverage dates","[Munich Economic Summit] Second Sherpa Meeting Briefing Book, February 28, 1992 - March 1, 1992, Frankfurt, Germany [3]","CF00973-006","Economic Summits and Industrialized-Country Cooperation","Volume XXX review","verified","45948768","Restricted - Possibly","0","0","0","0","7","George H.W. Bush Library, Bush Presidential Records, National Security Council, Timothy E. Deal Files, Subject Files, OA/ID CF00973–006, [Munich Economic Summit] Second Sherpa Meeting Briefing Book, February 28, 1992 - March 1, 1992, Frankfurt, Germany [3].","https://catalog.archives.gov/id/452050628","https://catalog.archives.gov/medialz/presidential-libraries/bush/gb-nsc/deal/subject_2554810/41-bpr-nsc-deal-subj-cf00973-006.pdf"
"452050511","1992-03-24","1992-10-31","OCR working span","Aviation [2]","CF00961-004","Trade Policy and Market Access","Boundary review","verified","47209632","Restricted - Possibly","1","3","0","0","11","George H.W. Bush Library, Bush Presidential Records, National Security Council, Timothy E. Deal Files, Subject Files, OA/ID CF00961–004, Aviation [2].","https://catalog.archives.gov/id/452050511","https://catalog.archives.gov/medialz/presidential-libraries/bush/gb-nsc/deal/subject_2554810/41-bpr-nsc-deal-subj-cf00961-004.pdf"
"452050610","1992-03-25","1992-06-30","OCR working span","[Timothy] Deal Travel [1]","CF00972-019","Economic Summits and Industrialized-Country Cooperation","Volume XXX review","verified","47428488","Restricted - Possibly","0","3","0","0","0","George H.W. Bush Library, Bush Presidential Records, National Security Council, Timothy E. Deal Files, Subject Files, OA/ID CF00972–019, [Timothy] Deal Travel [1].","https://catalog.archives.gov/id/452050610","https://catalog.archives.gov/medialz/presidential-libraries/bush/gb-nsc/deal/subject_2554810/41-bpr-nsc-deal-subj-cf00972-019.pdf"
"452050510","1992-04-06","1992-04-30","OCR working span","Aviation [1]","CF00961-003","Trade Policy and Market Access","Boundary review","verified","17448500","Restricted - Possibly","0","1","0","0","21","George H.W. Bush Library, Bush Presidential Records, National Security Council, Timothy E. Deal Files, Subject Files, OA/ID CF00961–003, Aviation [1].","https://catalog.archives.gov/id/452050510","https://catalog.archives.gov/medialz/presidential-libraries/bush/gb-nsc/deal/subject_2554810/41-bpr-nsc-deal-subj-cf00961-003.pdf"
"452050629","1992-05-01","1992-05-03","Catalog coverage dates","[Munich Economic Summit] Third Sherpa Meeting Briefing Book, May 1-3, 1992 [1]","CF00973-007","Economic Summits and Industrialized-Country Cooperation","Volume XXX review","verified","34395528","Restricted - Possibly","0","0","0","0","6","George H.W. Bush Library, Bush Presidential Records, National Security Council, Timothy E. Deal Files, Subject Files, OA/ID CF00973–007, [Munich Economic Summit] Third Sherpa Meeting Briefing Book, May 1-3, 1992 [1].","https://catalog.archives.gov/id/452050629","https://catalog.archives.gov/medialz/presidential-libraries/bush/gb-nsc/deal/subject_2554810/41-bpr-nsc-deal-subj-cf00973-007.pdf"
"452050630","1992-05-01","1992-05-03","Catalog coverage dates","[Munich Economic Summit] Third Sherpa Meeting Briefing Book, May 1-3, 1992 [2]","CF00973-008","Economic Summits and Industrialized-Country Cooperation","Volume XXX review","verified","35208908","Restricted - Possibly","0","0","0","0","2","George H.W. Bush Library, Bush Presidential Records, National Security Council, Timothy E. Deal Files, Subject Files, OA/ID CF00973–008, [Munich Economic Summit] Third Sherpa Meeting Briefing Book, May 1-3, 1992 [2].","https://catalog.archives.gov/id/452050630","https://catalog.archives.gov/medialz/presidential-libraries/bush/gb-nsc/deal/subject_2554810/41-bpr-nsc-deal-subj-cf00973-008.pdf"
"452050631","1992-05-22","1992-05-24","Catalog coverage dates","[Munich Economic Summit] Fourth Sherpa Meeting Briefing Book, May 22-24, 1992, Rugen, Germany [1]","CF00973-009","Economic Summits and Industrialized-Country Cooperation","Volume XXX review","verified","2711689","Restricted - Possibly","0","0","0","0","4","George H.W. Bush Library, Bush Presidential Records, National Security Council, Timothy E. Deal Files, Subject Files, OA/ID CF00973–009, [Munich Economic Summit] Fourth Sherpa Meeting Briefing Book, May 22-24, 1992, Rugen, Germany [1].","https://catalog.archives.gov/id/452050631","https://catalog.archives.gov/medialz/presidential-libraries/bush/gb-nsc/deal/subject_2554810/41-bpr-nsc-deal-subj-cf00973-009.pdf"
"452050632","1992-05-22","1992-05-24","Catalog coverage dates","[Munich Economic Summit] Fourth Sherpa Meeting Briefing Book, May 22-24, 1992, Rugen, Germany [2]","CF00973-010","Economic Summits and Industrialized-Country Cooperation","Volume XXX review","verified","26331780","Restricted - Possibly","0","0","0","0","8","George H.W. Bush Library, Bush Presidential Records, National Security Council, Timothy E. Deal Files, Subject Files, OA/ID CF00973–010, [Munich Economic Summit] Fourth Sherpa Meeting Briefing Book, May 22-24, 1992, Rugen, Germany [2].","https://catalog.archives.gov/id/452050632","https://catalog.archives.gov/medialz/presidential-libraries/bush/gb-nsc/deal/subject_2554810/41-bpr-nsc-deal-subj-cf00973-010.pdf"
"452050633","1992-05-22","1992-05-24","Catalog coverage dates","[Munich Economic Summit] Fourth Sherpa Meeting Briefing Book, May 22-24, 1992, Rugen, Germany [3]","CF00973-011","Economic Summits and Industrialized-Country Cooperation","Volume XXX review","verified","27687824","Restricted - Possibly","0","0","0","0","0","George H.W. Bush Library, Bush Presidential Records, National Security Council, Timothy E. Deal Files, Subject Files, OA/ID CF00973–011, [Munich Economic Summit] Fourth Sherpa Meeting Briefing Book, May 22-24, 1992, Rugen, Germany [3].","https://catalog.archives.gov/id/452050633","https://catalog.archives.gov/medialz/presidential-libraries/bush/gb-nsc/deal/subject_2554810/41-bpr-nsc-deal-subj-cf00973-011.pdf"
"452050634","1992-05-22","1992-05-24","Catalog coverage dates","[Munich Economic Summit] Fourth Sherpa Meeting Briefing Book, May 22-24, 1992, Rugen, Germany [4]","CF00973-012","Economic Summits and Industrialized-Country Cooperation","Volume XXX review","verified","27776244","Restricted - Possibly","0","0","0","0","7","George H.W. Bush Library, Bush Presidential Records, National Security Council, Timothy E. Deal Files, Subject Files, OA/ID CF00973–012, [Munich Economic Summit] Fourth Sherpa Meeting Briefing Book, May 22-24, 1992, Rugen, Germany [4].","https://catalog.archives.gov/id/452050634","https://catalog.archives.gov/medialz/presidential-libraries/bush/gb-nsc/deal/subject_2554810/41-bpr-nsc-deal-subj-cf00973-012.pdf"
"452050635","1992-05-22","1992-05-24","Catalog coverage dates","[Munich Economic Summit] Fourth Sherpa Meeting Briefing Book, May 22-24, 1992, Rugen, Germany [5]","CF00973-013","Economic Summits and Industrialized-Country Cooperation","Volume XXX review","not present","43306476","Restricted - Possibly","0","0","0","0","2","George H.W. Bush Library, Bush Presidential Records, National Security Council, Timothy E. Deal Files, Subject Files, OA/ID CF00973–013, [Munich Economic Summit] Fourth Sherpa Meeting Briefing Book, May 22-24, 1992, Rugen, Germany [5].","https://catalog.archives.gov/id/452050635","https://catalog.archives.gov/medialz/presidential-libraries/bush/gb-nsc/deal/subject_2554810/41-bpr-nsc-deal-subj-cf00973-013.pdf"
"452050588","1992-07-01","1992-07-31","Catalog coverage dates","Munich Summit [July 1992] [1]","CF00964-019","Economic Summits and Industrialized-Country Cooperation","Volume XXX review","verified","75684216","Restricted - Possibly","2","1","0","0","5","George H.W. Bush Library, Bush Presidential Records, National Security Council, Timothy E. Deal Files, Subject Files, OA/ID CF00964–019, Munich Summit [July 1992] [1].","https://catalog.archives.gov/id/452050588","https://catalog.archives.gov/medialz/presidential-libraries/bush/gb-nsc/deal/subject_2554810/41-bpr-nsc-deal-subj-cf00964-019.pdf"
"452050589","1992-07-01","1992-07-31","Catalog coverage dates","Munich Summit [July 1992] [2]","CF00964-020","Economic Summits and Industrialized-Country Cooperation","Volume XXX review","verified","80129208","Restricted - Possibly","15","6","3","0","4","George H.W. Bush Library, Bush Presidential Records, National Security Council, Timothy E. Deal Files, Subject Files, OA/ID CF00964–020, Munich Summit [July 1992] [2].","https://catalog.archives.gov/id/452050589","https://catalog.archives.gov/medialz/presidential-libraries/bush/gb-nsc/deal/subject_2554810/41-bpr-nsc-deal-subj-cf00964-020.pdf"
"452050550","9999-12-31","9999-12-31","Date not established","Energy [1]","CF00963-001","Monetary Policy, Debt, and International Institutions","Volume XXX review","verified","14543905","Restricted - Possibly","0","0","0","0","29","George H.W. Bush Library, Bush Presidential Records, National Security Council, Timothy E. Deal Files, Subject Files, OA/ID CF00963–001, Energy [1].","https://catalog.archives.gov/id/452050550","https://catalog.archives.gov/medialz/presidential-libraries/bush/gb-nsc/deal/subject_2554810/41-bpr-nsc-deal-subj-cf00963-001.pdf"
"452050562","9999-12-31","9999-12-31","Date not established","Gulf Crisis Financial Coordination Group [5]","CF00963-013","Monetary Policy, Debt, and International Institutions","Boundary review","verified","1296875","Restricted - Possibly","0","0","0","0","2","George H.W. Bush Library, Bush Presidential Records, National Security Council, Timothy E. Deal Files, Subject Files, OA/ID CF00963–013, Gulf Crisis Financial Coordination Group [5].","https://catalog.archives.gov/id/452050562","https://catalog.archives.gov/medialz/presidential-libraries/bush/gb-nsc/deal/subject_2554810/41-bpr-nsc-deal-subj-cf00963-013.pdf"
"452050592","9999-12-31","9999-12-31","Date not established","(International Programs - Tim Deal's) - Panama","CF00972-001","Trade Policy and Market Access","Boundary review","verified","3053325","Restricted - Possibly","0","0","0","0","5","George H.W. Bush Library, Bush Presidential Records, National Security Council, Timothy E. Deal Files, Subject Files, OA/ID CF00972–001, (International Programs - Tim Deal's) - Panama.","https://catalog.archives.gov/id/452050592","https://catalog.archives.gov/medialz/presidential-libraries/bush/gb-nsc/deal/subject_2554810/41-bpr-nsc-deal-subj-cf00972-001.pdf"
